skill_pct,entries,cash_rate,cashes,realized_cash_rate,roi_pct,entries_bin
24.718270613672058,1,16.4023289969464,0,0.0,-100.0,1
16.419095353984332,3,13.912576419040084,0,0.0,-100.0,2-3
31.752371202951295,3,18.512559173730175,0,0.0,-100.0,2-3
10.875451388100753,12,12.249483229275011,0,0.0,-100.0,8-15
36.38096172084908,2,19.90113632909951,0,0.0,-100.0,2-3
7.26346357551341,3,11.165886885498809,0,0.0,-100.0,2-3
38.21213731604823,2,20.450489007659254,1,50.0,18.92427463209646,2-3
11.709096412630284,2,12.499576736633871,0,0.0,-100.0,2-3
12.737506843430207,10,12.808099865873848,2,20.0,-72.80999452525585,8-15
24.45443739745295,3,16.32317903208067,0,0.0,-100.0,2-3
38.42825815363775,2,20.515325258936112,0,0.0,-100.0,2-3
5.435929238224674,3,10.617626584312188,0,0.0,-100.0,2-3
25.659046115338956,1,16.684561647446472,0,0.0,-100.0,1
18.14972903821212,1,14.43176652430842,0,0.0,-100.0,1
9.403707127990057,3,11.807959951241804,0,0.0,-100.0,2-3
24.184858519219393,9,16.242305368610605,1,11.11111111111111,-79.80672954701362,8-15
8.984489226517752,1,11.682194580800113,0,0.0,-100.0,1
24.291318994265414,7,16.27424351112441,0,0.0,-100.0,4-7
10.480767844741177,2,12.13107816626714,1,50.0,-36.53846431051765,2-3
13.53500906024673,4,13.047350530918806,0,0.0,-100.0,4-7
19.648365228116873,15,14.881357381279848,3,20.0,-67.2813078175065,8-15
26.586261834278574,9,16.962726363128358,0,0.0,-100.0,8-15
11.188186567953021,4,12.343303783230693,0,0.0,-100.0,4-7
20.59691049227926,4,15.165920960528565,2,50.0,-16.306179015441487,4-7
13.853539727987608,15,13.142909731241067,1,6.666666666666667,-90.63905607253663,8-15
11.490685054686317,6,12.43405332925068,0,0.0,-100.0,4-7
26.77646839809699,8,17.019788332273883,1,12.5,-75.9867658009515,8-15
14.397223626416864,5,13.306014900769844,0,0.0,-100.0,4-7
11.864530630091329,5,12.546207001872183,1,20.0,-73.50837549592694,4-7
19.815602237157982,6,14.93152848399218,1,16.666666666666664,-72.62293184189468,4-7
6.095888675394465,10,10.815614415463127,1,10.0,-89.06164452984223,8-15
14.232018134869403,14,13.256453253305606,2,14.285714285714285,-79.72456106578892,8-15
21.317309477939204,4,15.382040656226547,0,0.0,-100.0,4-7
2.7422677257304526,6,9.80952813056392,2,33.33333333333333,-68.01030969902607,4-7
9.458815872549136,5,11.824492574609527,0,0.0,-100.0,4-7
14.35808119995401,4,13.29427217283099,0,0.0,-100.0,4-7
26.691745671214534,16,16.994371514209146,1,6.25,-88.01456358219637,16+
48.894374725301866,3,23.655160230435346,2,66.66666666666666,87.05166593413828,2-3
9.971596295724169,2,11.978326701562036,1,50.0,-37.556807408551656,2-3
4.37263986081511,1,10.298639771089318,0,0.0,-100.0,1
5.455995812700287,13,10.623646556654872,0,0.0,-100.0,8-15
11.053867344207717,2,12.3030080161071,1,50.0,-35.392265311584566,2-3
38.39211503010403,11,20.504482321875994,1,9.090909090909092,-78.31195817087126,8-15
3.913951550496466,7,10.161033277993726,1,14.285714285714285,-85.62059911400203,4-7
16.78320566058933,4,14.021809511021585,2,50.0,-23.933588678821334,4-7
22.232548002706096,1,15.656612213656615,0,0.0,-100.0,1
10.083176846372794,5,12.011800866756623,1,20.0,-74.93345852290176,4-7
26.16412623790562,10,16.836085684216474,1,10.0,-81.03434950483775,8-15
37.45306264558419,6,20.222766606520043,3,50.0,17.40612529116838,4-7
6.492794765559637,5,10.934686242512678,0,0.0,-100.0,4-7
26.793243104441977,7,17.02482074417738,0,0.0,-100.0,4-7
19.200229774941295,18,14.746916745327173,4,22.22222222222222,-64.04424020005219,16+
15.353656883963657,5,13.592944878033883,1,20.0,-70.71707449282908,4-7
11.92272890209861,8,12.56366648347437,2,25.0,-66.8272710979014,8-15
32.080680890883606,3,18.611052080109868,1,33.33333333333333,-28.89242547882186,2-3
6.498476776201823,9,10.936390845705333,1,11.11111111111111,-87.66734365502141,8-15
12.436537719421656,5,12.71780912867128,0,0.0,-100.0,4-7
23.979700681429936,2,16.180758017273767,0,0.0,-100.0,2-3
15.946733690915,7,13.770867920119287,0,0.0,-100.0,4-7
29.3759821276298,7,17.799642451133728,0,0.0,-100.0,4-7
8.641618852893847,1,11.57933346871294,0,0.0,-100.0,1
26.168982264964143,6,16.83754249233403,2,33.33333333333333,-36.77469031338115,4-7
24.147196153968757,6,16.231006659035412,2,33.33333333333333,-39.47040512804166,4-7
20.890416771256266,2,15.253972844221666,0,0.0,-100.0,2-3
9.156896340726101,9,11.733916715062618,2,22.22222222222222,-72.97164769713237,8-15
25.12509467129223,3,16.524376214232454,2,66.66666666666666,23.666919123445936,2-3
10.841826567697717,4,12.239395783154102,0,0.0,-100.0,4-7
65.55224187508342,4,28.652520375369818,0,0.0,-100.0,4-7
9.233649609775668,9,11.756942695777486,0,0.0,-100.0,8-15
8.51351101207062,1,11.540901116465973,0,0.0,-100.0,1
22.34125632032494,7,15.689224708942268,0,0.0,-100.0,4-7
2.1611675582274925,4,9.635198080313035,0,0.0,-100.0,4-7
10.236988784625503,15,12.057944448232437,3,20.0,-74.8104089722996,8-15
18.910961636775163,2,14.660136303877335,0,0.0,-100.0,2-3
15.805310262458422,12,13.728440891582313,4,33.33333333333333,-50.59291965005544,8-15
4.643768772631351,3,10.379978444634192,0,0.0,-100.0,2-3
36.19868928878475,16,19.84645459948021,0,0.0,-100.0,16+
39.89346213286395,4,20.95488645270397,1,25.0,-38.85653786713604,4-7
18.723691489685372,4,14.603955259750398,2,50.0,-20.05261702062926,4-7
4.8066793974120445,2,10.428851632068401,0,0.0,-100.0,2-3
3.2652375921254126,16,9.966419090482411,1,6.25,-93.87119060196865,16+
7.320653934535339,4,11.183043993205388,1,25.0,-71.42934606546466,4-7
22.916873843312164,1,15.861909965838436,0,0.0,-100.0,1
8.590882708623923,6,11.564112625431964,1,16.666666666666664,-80.10607819425071,4-7
6.748589869927037,6,11.011424773822897,0,0.0,-100.0,4-7
23.118817155294877,6,15.92249295943325,2,33.33333333333333,-40.841577126273506,4-7
13.810458604100848,12,13.129985394075039,2,16.666666666666664,-76.62636093059943,8-15
22.451574255285042,3,15.722320089430298,0,0.0,-100.0,2-3
27.25779274816472,20,17.164185637294203,3,15.0,-70.89532435110117,16+
12.05544668369814,3,12.60348181795423,0,0.0,-100.0,2-3
16.41212498251754,12,13.910485307600048,3,25.0,-62.33787501748246,8-15
12.226885499883466,5,12.654913462809825,1,20.0,-73.21849160009323,4-7
19.90906959552857,6,14.959568691503359,1,16.666666666666664,-72.56062026964763,4-7
16.456056198014267,7,13.923664672249064,1,14.285714285714285,-78.45368217256328,4-7
21.12338103929723,6,15.323862124633955,1,16.666666666666664,-71.75107930713519,4-7
34.937750742393966,7,19.468173035562973,0,0.0,-100.0,4-7
27.614410980041853,1,17.27117110685734,0,0.0,-100.0,1
6.601040167008714,5,10.967159862947401,0,0.0,-100.0,4-7
14.335121287652075,9,13.287384199140408,2,22.22222222222222,-68.36878107764261,8-15
11.054846599527464,6,12.303301792703024,1,16.666666666666664,-78.46343560031502,4-7
14.532016604791393,11,13.346452794282204,1,9.090909090909092,-86.98835759825768,8-15
31.500697820607666,5,18.437057159027084,2,40.0,-15.598883487027734,4-7
6.852700279328201,1,11.042657896643245,0,0.0,-100.0,1
12.016128870788553,1,12.591686474081351,0,0.0,-100.0,1
16.16663878763635,5,13.83683944913569,3,60.0,-10.200066909672751,4-7
13.3221940463738,12,12.983506026756924,1,8.333333333333332,-88.4759353178754,8-15
9.909250761081797,7,11.959623041169326,1,14.285714285714285,-82.1947138508104,4-7
21.251135184642195,4,15.362188368237446,0,0.0,-100.0,4-7
17.870336590873276,1,14.347948790106768,0,0.0,-100.0,1
13.533033475694973,15,13.04675785555328,3,20.0,-72.17357321944402,8-15
5.262911554317832,6,10.565721279140137,2,33.33333333333333,-64.64945126090956,4-7
20.711298344330462,3,15.200237316143925,0,0.0,-100.0,2-3
11.059380779996495,8,12.304662046843735,1,12.5,-83.84530961000175,8-15
50.06050453320604,3,24.004999172806595,0,0.0,-100.0,2-3
34.342313051249974,15,19.289541728219778,8,53.333333333333336,18.59693450933328,8-15
31.805870624531646,6,18.52860900020428,2,33.33333333333333,-29.25883916729114,4-7
22.784217418462035,4,15.822113038383396,0,0.0,-100.0,4-7
35.77720775296118,8,19.72001013873314,2,25.0,-42.97279224703882,8-15
33.270918464687924,13,18.968123352251165,3,23.076923076923077,-49.67299834028807,8-15
21.035773630412198,1,15.297579901968444,0,0.0,-100.0,1
24.56752179127385,7,16.35710435022694,1,14.285714285714285,-73.81855897641493,4-7
36.8336132956289,7,20.036931801533456,0,0.0,-100.0,4-7
23.42657770628508,7,16.01482112473031,2,28.57142857142857,-48.94105404995991,4-7
10.884456553555061,2,12.252184778911305,0,0.0,-100.0,2-3
34.769933377724314,6,19.417827826162082,2,33.33333333333333,-25.306755496367572,4-7
27.328157284729336,10,17.185294998263586,4,40.0,-22.274948344433053,8-15
3.757458108755925,13,10.114085245471562,0,0.0,-100.0,8-15
17.4617047906003,3,14.225359250024876,1,33.33333333333333,-48.38439361253294,2-3
10.346206989703708,9,12.090709909755898,1,11.11111111111111,-85.95724133790947,8-15
32.94260070001896,19,18.86962802285047,7,36.84210526315789,-20.137220021024696,16+
15.116968546143223,16,13.521938376687753,3,18.75,-72.72477359039257,16+
8.80865328602579,18,11.629443798652522,3,16.666666666666664,-79.96089780931614,16+
33.919932055889014,12,19.16282742961149,4,33.33333333333333,-26.440090592147985,8-15
10.207954183151449,1,12.049234067790222,0,0.0,-100.0,1
4.327164256294887,4,10.284997089733253,0,0.0,-100.0,4-7
22.5329908777563,6,15.746745076171676,2,33.33333333333333,-41.62267882965827,4-7
21.01734795281131,2,15.29205219868818,0,0.0,-100.0,2-3
18.17836993637155,10,14.44035879375625,3,30.0,-52.68595607635413,8-15
19.706050734192353,7,14.89866303310249,2,28.57142857142857,-53.19308487520874,4-7
30.564311206282003,2,18.156141174729388,0,0.0,-100.0,2-3
22.31153137953239,8,15.680307226704503,1,12.5,-78.21923431023382,8-15
11.011171279294171,7,12.290199196633038,0,0.0,-100.0,4-7
6.562811160298024,10,10.955691160934194,0,0.0,-100.0,8-15
4.465149447184954,12,10.326392647000272,1,8.333333333333332,-91.42828351760501,8-15
28.11848113098561,2,17.42239215214047,1,50.0,-1.2630377380287792,2-3
13.233482168339131,9,12.956892463346525,1,11.11111111111111,-84.67400792518261,8-15
11.979573368651348,6,12.58071982344019,1,16.666666666666664,-77.84695108756577,4-7
4.449574445868373,3,10.321720146605298,0,0.0,-100.0,2-3
13.050410030290873,3,12.901970821932048,0,0.0,-100.0,2-3
23.64019349080337,4,16.078905860085797,3,75.0,34.67058047241011,4-7
20.261988288596655,4,15.065444299423783,0,0.0,-100.0,4-7
9.35597727893576,1,11.793640996525514,0,0.0,-100.0,1
15.318020380777833,6,13.582253927078137,1,16.666666666666664,-75.6213197461481,4-7
9.209750103866178,4,11.74977284400464,0,0.0,-100.0,4-7
3.99735794613545,2,10.18605519668542,0,0.0,-100.0,2-3
40.16311349812496,6,21.035781862282274,4,66.66666666666666,63.76830266166655,4-7
10.948732035057112,4,12.271467423361921,1,25.0,-67.8012679649429,4-7
35.041767457162464,3,19.499378049993528,0,0.0,-100.0,2-3
16.49975701794122,3,13.936774918227151,1,33.33333333333333,-49.66699064274504,2-3
26.20889350304027,5,16.849515863756867,0,0.0,-100.0,4-7
26.404475158316675,6,16.908190360339788,1,16.666666666666664,-68.23034989445556,4-7
19.734597096946924,6,14.907226941928863,2,33.33333333333333,-45.35387053740409,4-7
24.54998544601471,2,16.351843446649198,2,100.0,83.19994178405882,2-3
25.36834540020848,4,16.59735143290733,0,0.0,-100.0,4-7
31.06028465048417,8,18.304933207990036,0,0.0,-100.0,8-15
3.295534476178504,1,9.975508155698337,0,0.0,-100.0,1
11.271208561504535,1,12.368210381296146,1,100.0,30.084834246018126,1
49.61484234569205,3,23.8713005165524,1,33.33333333333333,-5.513543539077267,2-3
3.370764911304245,7,9.99807728623606,1,14.285714285714285,-85.93099147925471,4-7
14.221250126856527,5,13.253222850901745,0,0.0,-100.0,4-7
17.065098649724746,9,14.10637740776221,1,11.11111111111111,-82.971067266789,8-15
21.526791096805187,2,15.444885141886342,1,50.0,-14.446417806389618,2-3
34.88957941766377,6,19.453721638143918,1,16.666666666666664,-62.573613721557486,4-7
20.31645887590846,4,15.081785475617323,0,0.0,-100.0,4-7
34.58227014299223,7,19.361528855742456,1,14.285714285714285,-68.09584563257587,4-7
13.789315780573283,18,13.12364254701677,2,11.11111111111111,-84.42697076418966,16+
2.048568628505343,14,9.601418401396389,1,7.142857142857142,-93.34326610614133,8-15
29.32014203185388,8,17.78289042240095,0,0.0,-100.0,8-15
15.527865376564542,1,13.64520742581415,0,0.0,-100.0,1
8.498096186906695,4,11.536276668916795,1,25.0,-70.2519038130933,4-7
42.510727802751624,3,21.740066153670274,0,0.0,-100.0,2-3
8.584419035702808,1,11.562173523555629,1,100.0,19.337676142811233,1
13.535371050884615,3,13.04745912811017,1,33.33333333333333,-53.61950526548718,2-3
18.351061038055978,8,14.49216612426158,1,12.5,-80.19946948097201,8-15
14.576223456652135,10,13.359714849840426,1,10.0,-85.66951061733914,8-15
9.684648021578415,6,11.89224221931831,1,16.666666666666664,-79.37690131894772,4-7
24.31780441843681,5,16.28218913837583,0,0.0,-100.0,4-7
10.23556289431368,3,12.05751668113889,1,33.33333333333333,-58.019249474248426,2-3
34.043167051460046,2,19.1997979282828,0,0.0,-100.0,2-3
49.52741742357048,2,23.84507303991593,0,0.0,-100.0,2-3
21.01834149931188,11,15.29235026263835,1,9.090909090909092,-84.62969400025024,8-15
20.61061365524994,2,15.170031909419768,0,0.0,-100.0,2-3
9.712388174797816,6,11.90056426528413,1,16.666666666666664,-79.35840788346812,4-7
54.295880471200476,4,25.27561195420493,0,0.0,-100.0,4-7
7.004278425859521,6,11.088131340602644,1,16.666666666666664,-81.16381438276032,4-7
21.34627323128539,4,15.390729782230403,0,0.0,-100.0,4-7
36.004378808407175,4,19.78816145536694,1,25.0,-42.74562119159282,4-7
10.580196696487073,5,12.160906821790908,0,0.0,-100.0,4-7
17.083525387837263,7,14.111905429195964,1,14.285714285714285,-78.09512834980728,4-7
9.872210511674055,6,11.948510966347003,1,16.666666666666664,-79.25185965888396,4-7
27.196732203422975,2,17.14586747387168,0,0.0,-100.0,2-3
31.13584128028529,7,18.327600196930373,2,28.57142857142857,-40.13046710824538,4-7
8.965998622532108,13,11.676647399604418,2,15.384615384615385,-81.40553930921101,8-15
3.6284767257141843,3,10.075390830559042,0,0.0,-100.0,2-3
1.2161568011230115,2,9.351694853181689,0,0.0,-100.0,2-3
10.700036058971898,12,12.196858630536356,2,16.666666666666664,-78.6999759606854,8-15
18.352385995234574,7,14.492563611415157,1,14.285714285714285,-77.37006514558024,4-7
35.31841486559458,3,19.58237227252316,2,66.66666666666666,50.84910630825223,2-3
20.926740080734067,2,15.264869837065007,1,50.0,-15.646519838531878,2-3
15.694093162268732,2,13.695075761525406,0,0.0,-100.0,2-3
26.852538089781103,2,17.042609239779118,1,50.0,-3.7949238204377984,2-3
27.18770274997902,4,17.143158637838493,2,50.0,-3.124594500041967,4-7
15.84973886651648,2,13.741769472799731,0,0.0,-100.0,2-3
4.931057802354739,2,10.466165153551207,2,100.0,4.724231209418958,2-3
29.41250443029542,7,17.810599141933412,1,14.285714285714285,-71.04999746840262,4-7
18.467489933945238,9,14.527094793028358,0,0.0,-100.0,8-15
5.97907379721804,3,10.780569952010199,1,33.33333333333333,-63.69456827037594,2-3
22.576060762009455,6,15.759666041447623,0,0.0,-100.0,4-7
11.37977327807037,2,12.400779796265898,0,0.0,-100.0,2-3
38.198320184669186,3,20.44634386824554,2,66.66666666666666,58.52885382578449,2-3
10.592912157939537,9,12.164721460226646,0,0.0,-100.0,8-15
30.741993458708873,2,18.20944585045745,0,0.0,-100.0,2-3
38.917309874574705,12,20.662040775217196,3,25.0,-39.8326901254253,8-15
14.179577177324216,3,13.24072096604205,1,33.33333333333333,-52.76056376356772,2-3
18.878575248664646,7,14.65042038744418,2,28.57142857142857,-54.13877114438327,4-7
24.928027784294954,3,16.46525614813327,1,33.33333333333333,-38.42929628760673,2-3
21.677540749928887,6,15.49011003782345,0,0.0,-100.0,4-7
5.385807455836265,6,10.602590049595667,0,0.0,-100.0,4-7
14.26556441825909,4,13.266517138322515,1,25.0,-64.48443558174091,4-7
33.562863594623366,6,19.055706891231793,2,33.33333333333333,-26.91618187383552,4-7
14.563612467075743,2,13.35593155296751,0,0.0,-100.0,2-3
41.53966489563892,9,21.448747281536463,1,11.11111111111111,-72.09348226860493,8-15
34.43668369371151,5,19.317852920958238,0,0.0,-100.0,4-7
16.365932918933137,6,13.896627688524726,2,33.33333333333333,-49.84542277475582,4-7
13.883018765711519,3,13.151753442558242,1,33.33333333333333,-53.1559749790513,2-3
8.118842310039778,4,11.42250050585672,0,0.0,-100.0,4-7
8.499205247093549,2,11.536609386972852,0,0.0,-100.0,2-3
14.591041014400846,6,13.364160117165039,0,0.0,-100.0,4-7
10.569915178957062,5,12.157822366531905,2,40.0,-49.088135713668706,4-7
16.294705806345732,3,13.875259554748506,1,33.33333333333333,-49.940392258205684,2-3
31.682893691822866,4,18.491715920391645,1,25.0,-47.06710630817714,4-7
21.364522101857673,7,15.39620444340209,0,0.0,-100.0,4-7
28.346633663989174,8,17.49083791204154,0,0.0,-100.0,8-15
15.072487118053141,6,13.508593948260728,1,16.666666666666664,-75.78500858796457,4-7
23.210858812374433,10,15.950105456557115,4,40.0,-28.862625900200907,8-15
14.210042306767324,8,13.249860504874983,0,0.0,-100.0,8-15
17.01632831069419,8,14.091746306053043,2,25.0,-61.733671689305815,8-15
46.17584956537369,4,22.839602682456896,0,0.0,-100.0,4-7
12.52101027313379,5,12.743150894784922,1,20.0,-72.98319178149296,4-7
22.917560582936947,5,15.86211598772587,1,20.0,-64.66595153365044,4-7
9.916516070510948,1,11.96180263399807,0,0.0,-100.0,1
45.24322898435907,6,22.559816508152508,2,33.33333333333333,-11.342361354187899,4-7
10.392827467918668,8,12.104696053220387,2,25.0,-68.35717253208134,8-15
9.93020468619985,7,11.965909218704741,0,0.0,-100.0,4-7
36.29775140535798,4,19.876173234452178,0,0.0,-100.0,4-7
25.857041423394516,3,16.74396023986314,1,33.33333333333333,-37.19061143547398,2-3
16.54041361492497,6,13.948971897322277,0,0.0,-100.0,4-7
26.884300097186387,1,17.052137842000704,0,0.0,-100.0,1
17.583988510091746,1,14.26204436587231,1,100.0,55.33595404036697,1
12.835569792514317,15,12.83751875059908,4,26.666666666666668,-63.64205888798473,8-15
15.254113566253578,1,13.563081882720859,0,0.0,-100.0,1
42.958858175454424,3,21.874505265481115,0,0.0,-100.0,2-3
32.89519534690451,9,18.855406416916136,3,33.33333333333333,-27.80640620412732,8-15
22.808492393691573,4,15.829395530952258,2,50.0,-11.883015212616847,4-7
19.356603196324286,7,14.79382877174207,1,14.285714285714285,-76.79622674495755,4-7
12.839127873781647,17,12.83858617497928,1,5.88235294117647,-91.9790287355808,16+
14.613659796327816,9,13.370945751743129,1,11.11111111111111,-84.06059564607654,8-15
26.8395560384503,4,17.038714624379878,1,25.0,-51.9104439615497,4-7
6.357579390583536,2,10.894121630019846,1,50.0,-44.78484121883292,2-3
4.610297994735254,7,10.369937211265363,0,0.0,-100.0,4-7
26.416167771555372,2,16.911698144311398,0,0.0,-100.0,2-3
11.628819947971742,15,12.47549379723631,3,20.0,-73.69694404162261,8-15
31.536995157482274,14,18.447946360089468,3,21.428571428571427,-54.75400415072947,8-15
33.25135214049226,1,18.96225345499246,0,0.0,-100.0,1
19.541622457865767,8,14.849334550204516,1,12.5,-79.60418877106711,8-15
32.93619477471917,1,18.867706245260536,0,0.0,-100.0,1
31.714398979664303,9,18.501167506744075,0,0.0,-100.0,8-15
39.49859120838489,3,20.83642517536025,0,0.0,-100.0,2-3
12.557965670158206,1,12.754237513892248,0,0.0,-100.0,1
3.338608630698276,5,9.988430402054268,0,0.0,-100.0,4-7
0.8607640586611488,1,9.245077030443131,0,0.0,-100.0,1
30.109536580071744,3,18.01970878686631,1,33.33333333333333,-31.520617893237674,2-3
17.336822819585997,4,14.187894658720584,1,25.0,-61.413177180414,4-7
7.507023639282161,6,11.238954904629434,2,33.33333333333333,-61.657301814290456,4-7
19.54973470016562,5,14.85176822289447,0,0.0,-100.0,4-7
15.165896473649271,8,13.536616754939567,0,0.0,-100.0,8-15
17.677074410006686,2,14.289970135846792,0,0.0,-100.0,2-3
17.08696306287625,20,14.112936731707663,4,20.0,-69.33042954969899,16+
28.797638346131404,4,17.62613931668421,1,25.0,-49.95236165386859,4-7
8.460188478837098,1,11.524904356495917,0,0.0,-100.0,1
18.062876777738527,2,14.405710846166345,0,0.0,-100.0,2-3
12.497730774068817,14,12.73616704506543,3,21.428571428571427,-71.07337362222673,8-15
24.38767123786514,6,16.303149184204326,1,16.666666666666664,-69.57488584142324,4-7
10.817089363147902,5,12.231974621789158,1,20.0,-74.34632850948168,4-7
7.084086890229406,1,11.11207387991361,1,100.0,13.33634756091762,1
22.802546913568417,2,15.82761188691531,1,50.0,-11.894906172863175,2-3
20.749885953159918,8,15.211813598792762,0,0.0,-100.0,8-15
4.578297581622259,3,10.360337087331464,0,0.0,-100.0,2-3
35.82564511434707,3,19.734541347148905,0,0.0,-100.0,2-3
23.605483581837376,11,16.068492887395998,3,27.27272727272727,-51.06674518345014,8-15
14.395374649918852,8,13.305460207820442,0,0.0,-100.0,8-15
2.6996433970215015,7,9.796740831951237,0,0.0,-100.0,4-7
31.32412751809329,10,18.384086068272772,2,20.0,-57.94069798552537,8-15
21.058533278490955,4,15.304407796392072,2,50.0,-15.382933443018082,4-7
26.913343247859657,5,17.060850787202682,2,40.0,-22.938650803424547,4-7
19.997310255797423,5,14.986040889584013,1,20.0,-67.00215179536207,4-7
4.152062010661264,13,10.232466416043165,1,7.6923076923076925,-92.18398091979654,8-15
15.056914193695556,9,13.503922070953452,2,22.22222222222222,-67.72718738338173,8-15
27.611516449599655,3,17.270302747724685,1,33.33333333333333,-34.8513114005338,2-3
5.169362768803917,2,10.537656643485962,1,50.0,-47.161274462392164,2-3
15.706978756665857,6,13.698941439844543,2,33.33333333333333,-50.72402832444553,4-7
7.9029496935336105,8,11.35773272090487,2,25.0,-70.84705030646639,8-15
28.83418799150898,13,17.63710421029748,0,0.0,-100.0,8-15
17.242117552042593,6,14.159483078457564,0,0.0,-100.0,4-7
27.34867546188187,6,17.19145045140935,1,16.666666666666664,-67.60088302541209,4-7
26.66728390699405,10,16.987032984943003,2,20.0,-61.666172874404765,8-15
45.477533561991734,3,22.630107881442306,0,0.0,-100.0,2-3
40.856664504925,7,21.243847164322286,1,14.285714285714285,-64.51047742575714,4-7
6.4466924251043185,5,10.920855540376081,0,0.0,-100.0,4-7
25.12472865337306,3,16.524266408856704,2,66.66666666666666,23.665943075661513,2-3
48.5788718456957,1,23.560509366553497,0,0.0,-100.0,1
23.62317458754329,11,16.07380018910777,0,0.0,-100.0,8-15
49.37810197725849,1,23.800278406022333,0,0.0,-100.0,1
15.543432579497193,8,13.649877586693943,0,0.0,-100.0,8-15
34.510284656252544,2,19.33993320972055,1,50.0,11.520569312505085,2-3
43.95908649639022,1,22.174573761761852,1,100.0,160.83634598556088,1
9.74722286042951,4,11.911014670973637,0,0.0,-100.0,4-7
15.858075199243435,7,13.744270372617818,1,14.285714285714285,-78.79538560043233,4-7
45.7839273670827,4,22.722026022969594,2,50.0,34.067854734165415,4-7
17.559845561547135,9,14.254801481308926,0,0.0,-100.0,8-15
30.791185798545932,4,18.224203552408564,0,0.0,-100.0,4-7
32.55044882498315,9,18.75198246033973,2,22.22222222222222,-52.177378822237195,8-15
10.002172645187262,2,11.987499606400965,1,50.0,-37.49565470962548,2-3
30.86691002752189,4,18.246920821101355,1,25.0,-47.88308997247811,4-7
25.178858738482063,9,16.540505434389406,1,11.11111111111111,-79.36495167178576,8-15
11.180290119768094,5,12.340934848775214,2,40.0,-48.11153580837105,4-7
12.10487149506618,2,12.61830926136464,0,0.0,-100.0,2-3
43.5604559269974,7,22.054984590944006,3,42.857142857142854,11.103638731995556,4-7
8.934960778969096,3,11.667336046535514,0,0.0,-100.0,2-3
28.489116114117063,4,17.533582647079903,0,0.0,-100.0,4-7
21.708938114624505,7,15.499529247232138,0,0.0,-100.0,4-7
33.96933758227774,12,19.177649087528106,4,33.33333333333333,-26.374216556963013,8-15
29.580591699564508,7,17.861025322714138,0,0.0,-100.0,4-7
16.761993812812747,10,14.01544595668861,2,20.0,-69.59040494974981,8-15
11.8266032474481,2,12.534828787079217,0,0.0,-100.0,2-3
40.84730658985094,2,21.241039789800066,0,0.0,-100.0,2-3
39.54686248043022,4,20.850906556973854,1,25.0,-39.20313751956977,4-7
22.49056900350743,2,15.734018513897016,0,0.0,-100.0,2-3
19.251916813941907,3,14.762422857027357,0,0.0,-100.0,2-3
7.376974398721531,7,11.199940132461245,0,0.0,-100.0,4-7
33.93807765200407,10,19.168271108446007,0,0.0,-100.0,8-15
43.65100085193295,7,22.08214806842467,0,0.0,-100.0,4-7
7.945231164202631,6,11.370417162105575,1,16.666666666666664,-80.53651255719825,4-7
9.32755248970277,3,11.785113559755617,0,0.0,-100.0,2-3
9.58840088687625,5,11.86336807890766,0,0.0,-100.0,4-7
14.187386007763115,19,13.24306361517372,3,15.789473684210526,-77.61849304772855,16+
19.575691817333,7,14.859555358044684,0,0.0,-100.0,4-7
17.824200172644318,2,14.334107864638082,1,50.0,-21.85159965471137,2-3
6.8472578835562725,5,11.041025177911667,0,0.0,-100.0,4-7
43.23877034754033,2,21.958478917106884,2,100.0,157.95508139016135,2-3
10.059103274924713,3,12.0045787953222,0,0.0,-100.0,2-3
18.440042926252,8,14.518860690720386,0,0.0,-100.0,8-15
11.701418829910514,3,12.49727346181794,0,0.0,-100.0,2-3
36.225753018975844,3,19.854573718537537,0,0.0,-100.0,2-3
11.505295684596446,3,12.43843651822372,0,0.0,-100.0,2-3
21.5265640186295,4,15.444817018433636,0,0.0,-100.0,4-7
48.38470309053095,11,23.502258740004073,2,18.181818181818183,-49.356579570522946,8-15
15.46351555847448,4,13.625902480387131,1,25.0,-63.286484441525516,4-7
22.744115657442222,4,15.810082510077454,0,0.0,-100.0,4-7
10.088315995270271,6,12.013342611425868,1,16.666666666666664,-79.10778933648648,4-7
17.88621125988224,2,14.352711190809458,0,0.0,-100.0,2-3
27.786213867346206,9,17.322711973048648,2,22.22222222222222,-56.412254340136705,8-15
7.322719720951389,1,11.183663729130203,0,0.0,-100.0,1
15.513432126043822,4,13.640877450657932,0,0.0,-100.0,4-7
23.781623368252404,1,16.121334823320506,0,0.0,-100.0,1
3.938002615792091,4,10.168248597582414,2,50.0,-49.62399476841581,4-7
26.582320729882298,4,16.961544031809474,1,25.0,-52.16767927011771,4-7
21.606039956708102,5,15.468659799857216,0,0.0,-100.0,4-7
12.652294362573274,1,12.782536121616769,0,0.0,-100.0,1
19.697873726468075,5,14.89620993078521,1,20.0,-67.24170101882554,4-7
43.108919545827874,4,21.919523676593148,1,25.0,-35.641080454172126,4-7
6.010650093371311,3,10.790042840856179,0,0.0,-100.0,2-3
19.84762596864165,3,14.94113560343728,0,0.0,-100.0,2-3
29.15225781006205,1,17.732525155863403,0,0.0,-100.0,1
10.712777360855245,4,12.200681021101358,0,0.0,-100.0,4-7
14.928988913030272,10,13.465544486753867,2,20.0,-71.05680886957578,8-15
34.06126986218805,5,19.2052287715012,1,20.0,-55.75098411024957,4-7
17.46784945418953,1,14.227202649101645,0,0.0,-100.0,1
10.065065423145471,1,12.006367439788427,0,0.0,-100.0,1
7.952119012660118,6,11.372483516642822,0,0.0,-100.0,4-7
29.722436310988982,3,17.90357870614148,0,0.0,-100.0,2-3
50.7349254874135,4,24.207325459068834,1,25.0,-28.015074512586498,4-7
23.621460425752094,7,16.073285940570415,2,28.57142857142857,-48.71833094199761,4-7
28.21024477723893,10,17.449921246016466,2,20.0,-60.43180417820886,8-15
13.132993114511343,2,12.92674574719819,1,50.0,-31.234013770977313,2-3
8.052709975595741,6,11.402660805523508,0,0.0,-100.0,4-7
6.5419305052590175,2,10.949426964422493,0,0.0,-100.0,2-3
27.411616363266877,2,17.21033272182485,0,0.0,-100.0,2-3
36.520073977745675,6,19.94287000616849,0,0.0,-100.0,4-7
15.511337553423749,5,13.64024907887191,1,20.0,-70.59092995726101,4-7
13.158011164258337,5,12.934251162122287,0,0.0,-100.0,4-7
8.402690191206856,11,11.507654870206844,2,18.181818181818183,-78.43440713366773,8-15
33.04503081528661,8,18.900357057430767,2,25.0,-45.7049691847134,8-15
18.191096909703383,8,14.4441768857558,2,25.0,-60.55890309029661,8-15
15.991768883165621,19,13.784378477794473,4,21.052631578947366,-68.63851041417631,16+
16.786259745814416,3,14.022725736589111,0,0.0,-100.0,2-3
33.05219149185741,9,18.90250526040201,1,11.11111111111111,-75.8656926702856,8-15
14.694788930405366,4,13.395284491966397,1,25.0,-64.05521106959462,4-7
19.429984023062733,2,14.815843019763605,0,0.0,-100.0,2-3
29.322334464295665,5,17.783548152133484,1,20.0,-59.54213242856346,4-7
27.161663377220453,5,17.135346826010924,0,0.0,-100.0,4-7
33.1488038840897,20,18.931488978071695,4,20.0,-56.48095689272824,16+
10.316424305893692,6,12.081775104612893,0,0.0,-100.0,4-7
24.4634492610887,18,16.325882591171396,4,22.22222222222222,-59.36582287903227,16+
23.92282900200072,2,16.163696513445004,0,0.0,-100.0,2-3
20.287248581421174,1,15.073022387271138,0,0.0,-100.0,1
35.667141368754706,1,19.6869902234712,0,0.0,-100.0,1
37.99860933328464,5,20.38643061283018,1,20.0,-52.60111253337229,4-7
8.084489898053707,9,11.412194782260897,3,33.33333333333333,-60.887346802595054,8-15
10.484300277026874,4,12.13213789595285,0,0.0,-100.0,4-7
43.24306455061343,5,21.959767178028816,0,0.0,-100.0,4-7
10.160321543610724,11,12.034944275928003,1,9.090909090909092,-88.57806489323245,8-15
3.06857220296772,12,9.907419473735102,2,16.666666666666664,-83.78761853135485,8-15
5.7722545578843745,5,10.718524180210098,2,40.0,-56.764392707385,4-7
23.693907669109823,2,16.095020113577732,0,0.0,-100.0,2-3
26.32890766713733,3,16.885520112985986,1,33.33333333333333,-36.561456443816894,2-3
9.649542871354509,16,11.881710674251138,1,6.25,-92.27511428216137,16+
20.479632017720228,3,15.130737418160855,0,0.0,-100.0,2-3
7.564568179690315,8,11.25621826675188,0,0.0,-100.0,8-15
17.55925631370442,4,14.254624706956113,2,50.0,-22.381487372591156,4-7
4.513685994002225,3,10.340953611045453,1,33.33333333333333,-65.6484186746637,2-3
20.77369845840156,6,15.218957350365256,0,0.0,-100.0,4-7
29.98946716610847,13,17.983687962677326,5,38.46153846153847,-21.170050513679296,8-15
33.16607833823975,7,18.936671314316712,0,0.0,-100.0,4-7
21.90557083429801,5,15.558519063134188,0,0.0,-100.0,4-7
27.815244685746727,3,17.331421218568803,1,33.33333333333333,-34.57967375233771,2-3
10.644203399202913,4,12.18010883260566,3,75.0,-4.317389802391262,4-7
9.995265089112413,14,11.98542733957851,1,7.142857142857142,-91.07278140311075,8-15
19.815147986933034,7,14.931392208924695,2,28.57142857142857,-53.06840230064797,4-7
17.79672194344511,8,14.325864395878318,3,37.5,-41.42991708483234,8-15
13.74478269321823,6,13.110282620810255,0,0.0,-100.0,4-7
38.97139448442042,18,20.678266158170914,3,16.666666666666664,-59.85240367705305,16+
0.8330643035150253,3,9.236767103899293,0,0.0,-100.0,2-3
16.03822491514541,2,13.79831528738841,1,50.0,-25.423550169709188,2-3
5.323204494134607,3,10.583809161085167,0,0.0,-100.0,2-3
38.33533354013433,9,20.487447874885085,0,0.0,-100.0,8-15
23.64910946693694,6,16.08158065292587,1,16.666666666666664,-70.06726035537538,4-7
13.597887817539553,4,13.066214158106652,0,0.0,-100.0,4-7
7.8649484159134335,3,11.346332337618817,1,33.33333333333333,-61.18006877878209,2-3
22.15193104710512,5,15.632427126976323,1,20.0,-65.27845516231591,4-7
6.586386321081471,4,10.962763709169227,0,0.0,-100.0,4-7
24.742082960607515,4,16.40947270102704,0,0.0,-100.0,4-7
45.48671178461235,5,22.63286134822849,0,0.0,-100.0,4-7
40.81049031606578,3,21.22999490766452,1,33.33333333333333,-17.25267957857895,2-3
9.420193425492076,12,11.812905840492409,2,16.666666666666664,-79.55320438300528,8-15
40.905400782889686,16,21.25846804771169,4,25.0,-37.84459921711031,16+
3.293405131793466,4,9.974869352382825,0,0.0,-100.0,4-7
15.538634751499178,4,13.648438238294538,0,0.0,-100.0,4-7
9.848979374796823,2,11.941541625283833,1,50.0,-37.802041250406354,2-3
2.850527897255012,9,9.84200618202129,1,11.11111111111111,-89.28865426788666,8-15
30.734967258393333,9,18.207337990362785,3,33.33333333333333,-30.68671032214222,8-15
33.46722250701335,4,19.02701456494879,0,0.0,-100.0,4-7
33.28743247985888,6,18.97307755680245,1,16.666666666666664,-63.64171168009408,4-7
18.39522291061669,5,14.505414686029791,0,0.0,-100.0,4-7
22.733758491759673,13,15.806975360372688,2,15.384615384615385,-72.93307169737867,8-15
45.44133832260995,4,22.61924930962777,0,0.0,-100.0,4-7
16.628203803415474,2,13.975308953869428,0,0.0,-100.0,2-3
22.290723523786255,3,15.674064869980661,1,33.33333333333333,-41.94570196828499,2-3
13.704958987200897,9,13.098335509005054,1,11.11111111111111,-84.46446267235517,8-15
35.32174359881885,1,19.58337089249044,0,0.0,-100.0,1
34.27065553397236,6,19.268044473036493,4,66.66666666666666,48.05508142392631,4-7
24.452961908788655,5,16.32273638548138,1,20.0,-63.437630472969076,4-7
18.349400578999063,3,14.491667986544504,0,0.0,-100.0,2-3
22.956965354437525,9,15.873937419176043,4,44.44444444444444,-21.409839369888843,8-15
22.796708164782068,5,15.825860262279406,0,0.0,-100.0,4-7
4.6706951287878145,2,10.38805635148113,0,0.0,-100.0,2-3
22.806267017386816,2,15.828727918060832,1,50.0,-11.887465965226365,2-3
40.44472921688917,8,21.120266577911536,1,12.5,-69.15263539155542,8-15
10.27452138990164,4,12.069204229815277,1,25.0,-68.47547861009836,4-7
22.85643751449903,7,15.843779067194497,2,28.57142857142857,-49.59264284057254,4-7
19.047267998007538,5,14.701028212247047,0,0.0,-100.0,4-7
15.927973045551958,1,13.765239726510373,0,0.0,-100.0,1
32.56318589509214,9,18.755803581372426,1,11.11111111111111,-76.08302849107017,8-15
12.570831388680404,4,12.758097229448905,0,0.0,-100.0,4-7
29.736275574660226,6,17.907730485242855,0,0.0,-100.0,4-7
22.852147364378883,4,15.84249202215845,0,0.0,-100.0,4-7
6.157089938085666,5,10.833974794270485,1,20.0,-78.07432804953147,4-7
13.540668033798395,1,13.049048222984306,0,0.0,-100.0,1
19.31621660016671,8,14.7817127928948,0,0.0,-100.0,8-15
11.245760336755344,9,12.360575913871388,3,33.33333333333333,-56.67231955099288,8-15
19.317278982037106,2,14.782031507455917,1,50.0,-18.8654420359258,2-3
17.559612207796903,2,14.254731475183856,0,0.0,-100.0,2-3
13.411767241482744,3,13.010377985289608,1,33.33333333333333,-53.78431034468968,2-3
8.076189504221375,5,11.4097046641112,1,20.0,-76.53904839662289,4-7
26.346305021410743,2,16.890739319268008,0,0.0,-100.0,2-3
0.4711148236653484,4,9.12818225994439,0,0.0,-100.0,4-7
16.614021227661148,5,13.971054181143131,0,0.0,-100.0,4-7
28.43897604737622,8,17.518540627057654,1,12.5,-75.1555119763119,8-15
30.461113920849126,5,18.125181989099524,0,0.0,-100.0,4-7
15.693748283658016,1,13.69497229794219,0,0.0,-100.0,1
46.10523629269848,8,22.81841870065433,1,12.5,-66.32238185365077,8-15
6.8041256436784865,4,11.028085505948331,0,0.0,-100.0,4-7
17.35755977407467,4,14.194115745067187,1,25.0,-61.39244022592533,4-7
16.510046085498594,11,13.939861638494364,2,18.181818181818183,-72.53814830145556,8-15
5.5793232630515694,2,10.660644791760257,0,0.0,-100.0,2-3
19.682169545119454,4,14.891498676380621,2,50.0,-18.135660909761093,4-7
18.03052131607138,7,14.396004207666198,3,42.857142857142854,-32.66196345816335,4-7
7.316362760804271,19,11.181756641086068,0,0.0,-100.0,16+
22.405766612042147,6,15.70857779645743,1,16.666666666666664,-70.8961555919719,4-7
4.277714611978727,1,10.270162196438404,0,0.0,-100.0,1
27.367109506558297,7,17.196980664812276,0,0.0,-100.0,4-7
12.492431157382933,11,12.734577160059665,0,0.0,-100.0,8-15
49.95636528862287,6,23.973757399431648,1,16.666666666666664,-52.529089807584754,4-7
10.963294772102882,2,12.27583624447565,0,0.0,-100.0,2-3
17.83728309114279,5,14.338032740187623,2,40.0,-37.460347054171535,4-7
23.756542511189647,2,16.113810566201682,1,50.0,-9.986914977620708,2-3
13.736314936665032,2,13.107742293844296,0,0.0,-100.0,2-3
29.585957034135372,18,17.862634923085395,4,22.22222222222222,-54.81248263632411,16+
19.839785007142986,12,14.938783314987681,1,8.333333333333332,-86.303404997619,8-15
2.7140752783860496,6,9.8010703963606,0,0.0,-100.0,4-7
5.828954318465818,16,10.735534108384531,1,6.25,-93.23026142038354,16+
32.152559197439714,3,18.6326155720767,0,0.0,-100.0,2-3
20.55210360214766,1,15.152478893489082,0,0.0,-100.0,1
15.744355670211924,2,13.710154513908362,1,50.0,-26.01128865957616,2-3
19.887163868761267,8,14.952996973473166,0,0.0,-100.0,8-15
5.808063875835074,1,10.729266975595309,0,0.0,-100.0,1
14.81630656948218,2,13.431739783689439,0,0.0,-100.0,2-3
19.54087256514144,2,14.849109582387218,0,0.0,-100.0,2-3
51.91483778030942,3,24.56129914693761,2,66.66666666666666,95.10623408082513,2-3
14.889324215908351,21,13.45364507761729,1,4.761904761904762,-93.11631919696984,16+
15.232462626798466,3,13.556586600884327,0,0.0,-100.0,2-3
19.695625240068242,3,14.895535384865259,0,0.0,-100.0,2-3
18.40715913626069,11,14.508995553722995,1,9.090909090909092,-85.57921485954158,8-15
15.028813299204177,11,13.495491802606038,0,0.0,-100.0,8-15
32.49516024897026,13,18.735395887535862,3,23.076923076923077,-50.38908284710437,8-15
14.710941388914527,1,13.400130229519144,0,0.0,-100.0,1
32.46760349581063,16,18.727128861587975,2,12.5,-73.14119825209468,16+
16.25545092882451,8,13.863483091492137,2,25.0,-62.4945490711755,8-15
29.686073860120676,2,17.892669970880988,1,50.0,1.8721477202413552,2-3
22.55400383655653,5,15.753048963811745,0,0.0,-100.0,4-7
15.908467623990886,7,13.759388100042052,1,14.285714285714285,-78.76658992914807,4-7
6.224285990368411,5,10.85413360995531,2,40.0,-56.04114241541055,4-7
46.867728102236356,1,23.047166243515694,0,0.0,-100.0,1
15.452598479646518,4,13.622627356738743,0,0.0,-100.0,4-7
21.529774433537984,3,15.445780142906182,0,0.0,-100.0,2-3
11.28086656340767,8,12.371107781867087,2,25.0,-67.46913343659233,8-15
12.345139084062192,5,12.690389538063442,0,0.0,-100.0,4-7
30.395813790158815,2,18.10559194989243,0,0.0,-100.0,2-3
38.77649336276531,7,20.619795821674376,2,28.57142857142857,-31.398293299696782,4-7
27.40926141593143,7,17.209626237624214,2,28.57142857142857,-44.38941552464979,4-7
17.646614022547215,8,14.280832019608953,1,12.5,-80.55169298872639,8-15
27.05841688903952,9,17.104372879556642,2,22.22222222222222,-57.059184987520425,8-15
13.55636061407882,9,13.05375599706843,3,33.33333333333333,-53.59151918122824,8-15
19.83117886982166,6,14.936201473791282,2,33.33333333333333,-45.22509484023779,4-7
8.807696712116691,2,11.629156826479793,0,0.0,-100.0,2-3
8.691122961248265,5,11.594184701219264,2,40.0,-52.09420326200277,4-7
26.002910395183164,5,16.787720931399736,2,40.0,-24.395343367706925,4-7
23.28881166985036,6,15.973491313799896,1,16.666666666666664,-70.30745888676643,4-7
22.736919090683912,4,15.80792354004996,2,50.0,-12.026161818632172,4-7
16.396395683579936,1,13.905766517918766,0,0.0,-100.0,1
20.209682351493967,6,15.049752518292975,1,16.666666666666664,-72.36021176567068,4-7
10.914958240578285,4,12.261335285018271,0,0.0,-100.0,4-7
2.6189503775175074,18,9.77253292610004,0,0.0,-100.0,16+
20.176212126736203,11,15.039711450865648,0,0.0,-100.0,8-15
5.489341955757101,1,10.633650399571918,0,0.0,-100.0,1
29.462130009952958,7,17.825486815830676,1,14.285714285714285,-71.0216399943126,4-7
35.764338003179,6,19.716149213798484,2,33.33333333333333,-23.980882662427998,4-7
47.29168839046484,6,23.174354329984237,3,50.0,37.08337678092968,4-7
18.820682574474112,10,14.63305258518702,1,10.0,-83.97172697021034,8-15
10.903880130795464,3,12.258011852083426,0,0.0,-100.0,2-3
21.47507600087273,9,15.429370613106604,2,22.22222222222222,-62.0221546658909,8-15
15.620969566754514,5,13.673138682871139,0,0.0,-100.0,4-7
17.532573566310354,6,14.246619882737892,1,16.666666666666664,-74.14495095579309,4-7
34.466146245548146,3,19.32669168650923,1,33.33333333333333,-25.711805005935794,2-3
15.547423602676998,14,13.651074893647886,3,21.428571428571427,-68.45935119770543,8-15
14.727311799250858,6,13.405041352620042,0,0.0,-100.0,4-7
8.847468880743929,14,11.641088477067965,0,0.0,-100.0,8-15
17.982482173676036,7,14.381592464947596,0,0.0,-100.0,4-7
36.2534776131125,10,19.862891096778533,3,30.0,-30.99582686426499,8-15
12.327682634495307,2,12.685152603193378,0,0.0,-100.0,2-3
32.587465621468326,4,18.763087499285284,1,25.0,-46.162534378531674,4-7
16.91707618031369,7,14.061970666938892,0,0.0,-100.0,4-7
32.866289879377156,2,18.846734776657932,1,50.0,8.232579758754309,2-3
29.164053927224128,8,17.736063991012024,6,75.0,51.242161781672365,8-15
7.63113427627638,13,11.2761880957277,1,7.6923076923076925,-91.11349714576112,8-15
31.27409362952212,15,18.36907590170142,4,26.666666666666668,-43.97430012850974,8-15
5.713307482296504,12,10.700840057533737,0,0.0,-100.0,8-15
6.716850614249008,6,11.001902997119489,1,16.666666666666664,-81.35543292383399,4-7
13.4948811751279,10,13.035312165383155,1,10.0,-86.10204752994885,8-15
41.47737849635551,1,21.43006136175144,0,0.0,-100.0,1
24.851094369045033,6,16.442176123558294,0,0.0,-100.0,4-7
8.781217346066809,4,11.621213016664829,1,25.0,-69.96878265393319,4-7
3.9881474532968717,8,10.183292048833847,0,0.0,-100.0,8-15
27.274468601458583,8,17.16918839328236,3,37.5,-27.213297097812116,8-15
20.141353624620347,4,15.029253900230891,0,0.0,-100.0,4-7
22.280481551153667,4,15.670992278190887,0,0.0,-100.0,4-7
24.305138346650764,2,16.278389316840013,0,0.0,-100.0,2-3
35.99323917007495,1,19.78481956386727,1,100.0,128.9729566802998,1
17.525170821814918,1,14.244399059389263,0,0.0,-100.0,1
33.169550888866475,2,18.93771307950473,0,0.0,-100.0,2-3
9.880173812143987,3,11.950899956487982,1,33.33333333333333,-58.49310158380801,2-3
3.9546167916407073,5,10.173232850337,1,20.0,-79.83630656668743,4-7
29.75708804288091,5,17.913974225709058,0,0.0,-100.0,4-7
7.7520608689863755,7,11.3124660735407,1,14.285714285714285,-83.42739378915064,4-7
21.46327449533088,4,15.425830161444049,1,25.0,-57.28672550466912,4-7
39.0834894570666,15,20.711894649964762,4,26.666666666666668,-35.6442779124623,8-15
4.561597871611159,1,10.355327174328133,0,0.0,-100.0,1
21.966971171739015,7,15.576939164366491,2,28.57142857142857,-50.609175803726835,4-7
3.912924432949563,8,10.160725142729653,2,25.0,-74.83707556705043,8-15
17.58037946090776,9,14.260961651117116,1,11.11111111111111,-82.74205357292989,8-15
1.0212500953734638,3,9.293222841456824,0,0.0,-100.0,2-3
5.715273508367456,15,10.701429865355024,2,13.333333333333334,-85.61852079553735,8-15
11.067879455710157,4,12.307211649557834,2,50.0,-35.36424108857968,4-7
3.6095766786337866,6,10.069720816434922,0,0.0,-100.0,4-7
24.35247627066944,10,16.292590694045618,2,20.0,-63.518018983464444,8-15
22.793961233102603,10,15.825036182775568,2,20.0,-64.76483101351792,8-15
42.337429595229366,6,21.688076691413595,2,33.33333333333333,-15.216760539694175,4-7
7.290704577746451,5,11.174059186168723,2,40.0,-54.33487267560568,4-7
14.446904880822913,3,13.320919277091662,0,0.0,-100.0,2-3
5.183772810156993,9,10.541979655891884,1,11.11111111111111,-88.25165652881911,8-15
11.828932401817392,1,12.535527533390004,0,0.0,-100.0,1
46.606148912765335,21,22.968692486674385,7,33.33333333333333,-9.525134782979551,16+
28.239605708557143,7,17.45872952541193,1,14.285714285714285,-71.72022530939593,4-7
7.450447504546815,10,11.221982064208829,3,30.0,-65.55946299454384,8-15
2.0990302791491637,6,9.616556896589534,0,0.0,-100.0,4-7
1.8629138475054905,36,9.545721967096432,2,5.555555555555555,-94.86379692277656,16+
24.066128964162374,11,16.206686502093497,2,18.181818181818183,-67.042815298791,8-15
10.935617649142136,3,12.267533107587427,0,0.0,-100.0,2-3
58.341731330266924,10,26.489367211924865,2,20.0,-36.32661493578646,8-15
14.250872920901323,7,13.262109689115182,0,0.0,-100.0,4-7
12.005576604121389,11,12.588520794081203,1,9.090909090909092,-87.90706305304677,8-15
5.067975238326981,3,10.50724038434288,1,33.33333333333333,-64.90936634889735,2-3
32.04891132308258,4,18.601521209769558,2,50.0,6.59782264616515,4-7
14.28452662769763,1,13.272205801154074,0,0.0,-100.0,1
14.50002965930005,1,13.3368567106348,0,0.0,-100.0,1
19.605233682862146,6,14.86841791770343,1,16.666666666666664,-72.76317754475858,4-7
15.77766447018204,8,13.720147153899397,1,12.5,-81.48616776490898,8-15
25.37209553524035,5,16.59847647341689,0,0.0,-100.0,4-7
6.014842098231753,2,10.791300442314313,0,0.0,-100.0,2-3
13.205200640693166,4,12.948408005052736,1,25.0,-65.54479935930684,4-7
12.670817278778232,7,12.788092996478257,0,0.0,-100.0,4-7
27.60808276923446,4,17.269272643615125,0,0.0,-100.0,4-7
35.01684886675499,8,19.491902472871285,1,12.5,-71.8665755666225,8-15
8.504529710066008,12,11.538206725864589,3,25.0,-70.24547028993399,8-15
30.457529851673083,4,18.12410676834671,2,50.0,3.41505970334616,4-7
5.428963997633664,7,10.615537012134885,0,0.0,-100.0,4-7
17.51231653871893,2,14.240542774460465,1,50.0,-22.475366922562134,2-3
17.460735234252585,7,14.225068383120561,1,14.285714285714285,-77.87957986614138,4-7
35.0949326081521,10,19.515327595290415,2,20.0,-54.92405391347832,8-15
26.749946009658345,8,17.011831615742288,1,12.5,-76.00002699517083,8-15
6.397201231708929,2,10.906008182357466,0,0.0,-100.0,2-3
27.40302463917302,6,17.20775520459669,2,33.33333333333333,-35.129300481102646,4-7
21.59467066958804,2,15.465249013721197,0,0.0,-100.0,2-3
41.92091419234822,6,21.56312207054925,1,16.666666666666664,-57.88605720510118,4-7
12.006885867396257,3,12.588913573063662,0,0.0,-100.0,2-3
15.057756927356733,3,13.504174891051807,1,33.33333333333333,-51.589657430191025,2-3
42.1577104115167,3,21.634160936299796,0,0.0,-100.0,2-3
35.44193125151983,6,19.619427188300737,2,33.33333333333333,-24.410758331306884,4-7
6.646006476232527,9,10.980649755714545,1,11.11111111111111,-87.6017748994522,8-15
18.374856663512865,4,14.499304811898645,0,0.0,-100.0,4-7
23.257947879403154,1,15.964232176665732,0,0.0,-100.0,1
26.500888318936926,14,16.937114308525864,4,28.57142857142857,-45.42755620692923,8-15
7.052518224991958,3,11.102603280342374,0,0.0,-100.0,2-3
41.941460785078135,2,21.569286048368223,0,0.0,-100.0,2-3
3.867328800011976,4,10.147046452848379,1,25.0,-74.88267119998802,4-7
8.606763103802336,7,11.568876743985488,1,14.285714285714285,-82.93899251211295,4-7
39.65872936543147,4,20.884466622474225,1,25.0,-39.091270634568524,4-7
18.96032076346444,5,14.67494404188412,0,0.0,-100.0,4-7
18.54887214314766,4,14.551509455789082,0,0.0,-100.0,4-7
16.93954324919082,5,14.068710787602031,0,0.0,-100.0,4-7
8.955545256899029,2,11.673511389914495,0,0.0,-100.0,2-3
4.712719659698799,4,10.400663710754426,0,0.0,-100.0,4-7
21.94998948284671,17,15.571844657698799,3,17.647058823529413,-69.50588977681409,16+
22.551513376083822,10,15.752301825669932,2,20.0,-64.95878929913295,8-15
22.73545610999433,4,15.807484645843084,1,25.0,-56.014543890005676,4-7
10.47546580399928,15,12.12948755404457,4,26.666666666666668,-66.15950314240077,8-15
7.378267008574453,2,11.200327915417121,1,50.0,-42.74346598285109,2-3
16.39080967933787,9,13.904090716646147,1,11.11111111111111,-83.27075125362762,8-15
46.92466236084388,9,23.06424652109795,1,11.11111111111111,-69.70015006184717,8-15
17.757396519413447,14,14.31406676866882,1,7.142857142857142,-88.85502956588186,8-15
14.329840346180154,1,13.285799916698831,0,0.0,-100.0,1
16.57043297522961,3,13.957977705413672,1,33.33333333333333,-49.57275603302719,2-3
17.953904745727876,8,14.373019236563147,0,0.0,-100.0,8-15
39.567298603217424,6,20.857037393810014,4,66.66666666666666,62.1794629419131,4-7
26.283571953265255,3,16.87191939882436,0,0.0,-100.0,2-3
10.999185842438461,6,12.286603565576325,1,16.666666666666664,-78.5005427717077,4-7
12.765114047548796,3,12.816382027109425,0,0.0,-100.0,2-3
17.92605313036319,6,14.364663751953744,1,16.666666666666664,-73.88263124642455,4-7
20.58108835659275,12,15.161174319822612,2,16.666666666666664,-72.11260776227151,8-15
8.378851899522092,8,11.500503382701414,0,0.0,-100.0,8-15
13.455567563672025,3,13.023518081946396,2,66.66666666666666,-7.451819830207933,2-3
44.905974914446844,5,22.458640287178838,3,60.0,58.774339794672414,4-7
38.075270659778575,4,20.409429010778357,1,25.0,-40.674729340221425,4-7
15.745271752725015,5,13.710429338662292,0,0.0,-100.0,4-7
12.105664520210574,1,12.61854716890796,0,0.0,-100.0,1
28.213803313216555,1,17.450988806809754,0,0.0,-100.0,1
3.242212450830063,10,9.959511548093806,1,10.0,-90.20311501966798,8-15
38.38731362506012,13,20.503041900362824,2,15.384615384615385,-63.30011469227069,8-15
11.67415172386656,2,12.489093330004755,0,0.0,-100.0,2-3
24.021961595979857,3,16.193436291638744,0,0.0,-100.0,2-3
4.956041584830385,6,10.473660288293901,1,16.666666666666664,-82.52930561011308,4-7
29.750506750035438,2,17.911999837855415,0,0.0,-100.0,2-3
25.27706307164484,2,16.569966734338237,0,0.0,-100.0,2-3
23.181369753331527,9,15.941258738844244,2,22.22222222222222,-60.505449108149755,8-15
8.31222350772616,14,11.480514865162633,4,28.57142857142857,-66.21460170545582,8-15
12.70476419861952,10,12.798277072430642,2,20.0,-72.83618864110439,8-15
22.170972371447522,2,15.638139524279044,0,0.0,-100.0,2-3
10.051462069809675,9,12.002286433787688,2,22.22222222222222,-72.17647816016918,8-15
10.938652961856148,2,12.26844370140163,2,100.0,28.754611847424584,2-3
34.98365084134819,7,19.48194306524924,3,42.857142857142854,-3.5994557005459704,4-7
3.006572709180219,1,9.888819625598853,0,0.0,-100.0,1
33.981191312168235,10,19.181205206495257,2,20.0,-55.81504695026541,8-15
8.731927728520361,3,11.606426131400895,1,33.33333333333333,-60.024096361972845,2-3
30.11964191234143,3,18.022740386547216,1,33.33333333333333,-31.507144116878106,2-3
47.6675302113317,3,23.287106876244295,0,0.0,-100.0,2-3
24.36233549900596,5,16.295548462546574,0,0.0,-100.0,4-7
24.63349897950958,1,16.37689750669766,0,0.0,-100.0,1
10.385227032802499,4,12.102415922685536,0,0.0,-100.0,4-7
16.75210156993241,4,14.012478283824509,0,0.0,-100.0,4-7
8.410282322540805,9,11.509932509607028,2,22.22222222222222,-73.63530460218595,8-15
6.654498802512457,5,10.983197453598523,0,0.0,-100.0,4-7
40.52342701203342,4,21.143875916454814,1,25.0,-38.22657298796657,4-7
45.422984733730196,3,22.613743232963845,2,66.66666666666666,77.79462595661384,2-3
20.040954411424245,2,14.99913413627206,0,0.0,-100.0,2-3
17.362308083203807,1,14.195540237805929,0,0.0,-100.0,1
14.514431500346939,3,13.341177262948866,0,0.0,-100.0,2-3
1.9800274069064225,4,9.580856034916712,1,25.0,-76.76997259309357,4-7
35.46865312495904,3,19.6274437503325,3,100.0,126.87461249983618,2-3
30.019650614223124,4,17.992742997111723,1,25.0,-48.730349385776876,4-7
12.130179399816807,2,12.62590163278983,0,0.0,-100.0,2-3
28.927262930772002,8,17.665026692076385,1,12.5,-74.911368534614,8-15
5.8511947615402,4,10.742206241306846,0,0.0,-100.0,4-7
22.983543610592154,22,15.881910896022433,4,18.181818181818183,-67.83015010138753,16+
35.46015577912444,6,19.624894546582116,0,0.0,-100.0,4-7
25.679283211241682,2,16.69063277621729,1,50.0,-6.141433577516636,2-3
24.337712707924418,3,16.288161625222113,0,0.0,-100.0,2-3
14.858686743023839,13,13.444453835751938,1,7.6923076923076925,-88.88963484830036,8-15
40.24929520900917,2,21.061636375547536,0,0.0,-100.0,2-3
28.705082689694546,1,17.59837261975315,0,0.0,-100.0,1
12.539907870483985,6,12.74882017398998,1,16.666666666666664,-77.47339475301067,4-7
7.368343545429852,1,11.197350876473742,0,0.0,-100.0,1
42.90529457576552,11,21.858436185574444,3,27.27272727272727,-30.0124059173467,8-15
27.10376259893875,3,17.117976592526414,1,33.33333333333333,-35.52831653474833,2-3
20.85354334896257,1,15.24291081753356,0,0.0,-100.0,1
6.53572006971946,5,10.947563833760624,0,0.0,-100.0,4-7
8.222872066828586,5,11.453709432893362,1,20.0,-76.42170234653713,4-7
32.789669734603876,6,18.823748733225948,0,0.0,-100.0,4-7
2.2533663410161333,3,9.662857715149626,0,0.0,-100.0,2-3
3.5076459891970933,6,10.039141609603915,0,0.0,-100.0,4-7
13.144085102390482,9,12.930073343561933,2,22.22222222222222,-69.42747990898623,8-15
17.476541696202755,2,14.229810321705614,0,0.0,-100.0,2-3
33.31571321250226,4,18.981561776595466,0,0.0,-100.0,4-7
13.710375327962746,10,13.09996041123361,4,40.0,-44.06339947525961,8-15
31.019658332373123,3,18.292745312556725,0,0.0,-100.0,2-3
31.483868012075394,5,18.432008216467406,0,0.0,-100.0,4-7
29.520585670167737,6,17.843023513895105,1,16.666666666666664,-66.15294288655484,4-7
33.632753829126024,6,19.076673961582593,3,50.0,9.765507658252051,4-7
33.534938156900154,5,19.047329259914832,0,0.0,-100.0,4-7
4.738346461961788,4,10.408351751433322,0,0.0,-100.0,4-7
20.089676156364114,1,15.013750659754022,0,0.0,-100.0,1
47.20040478819109,5,23.146969249302114,1,20.0,-45.239676169447115,4-7
42.61565369694176,2,21.771543921927318,1,50.0,27.731307393883526,2-3
12.089799678642148,1,12.61378771643743,0,0.0,-100.0,1
31.365353714547005,1,18.39645392720889,0,0.0,-100.0,1
12.800260165177532,2,12.826925862398046,0,0.0,-100.0,2-3
30.843033860570827,3,18.239757971016036,2,66.66666666666666,38.91475696152219,2-3
15.608765164363742,2,13.66947736215391,0,0.0,-100.0,2-3
28.961558728126814,1,17.67531543128283,0,0.0,-100.0,1
28.396174654279278,3,17.50570020912857,1,33.33333333333333,-33.80510046096097,2-3
19.52631514883568,2,14.844742357495488,0,0.0,-100.0,2-3
5.849533502851161,2,10.741707863700134,0,0.0,-100.0,2-3
31.676103882525574,4,18.48967897760246,0,0.0,-100.0,4-7
16.53926304338332,1,13.94862672585978,0,0.0,-100.0,1
13.19782838027114,3,12.94619632692613,1,33.33333333333333,-54.06956215963849,2-3
19.664755866914888,1,14.886274572919254,0,0.0,-100.0,1
25.9756980186611,14,16.779557218443113,2,14.285714285714285,-73.01388684647937,8-15
16.207789969975618,4,13.849184803837472,3,75.0,12.37336990992686,4-7
14.897976210117376,3,13.456240675879998,0,0.0,-100.0,2-3
9.62144931541238,4,11.8732826074685,1,25.0,-69.12855068458764,4-7
15.681678185233332,6,13.691351268414786,0,0.0,-100.0,4-7
29.133486751415415,7,17.72689383826941,0,0.0,-100.0,4-7
22.66562699956645,7,15.786535912714722,1,14.285714285714285,-74.90535600024775,4-7
12.727826067157483,5,12.805195632992032,0,0.0,-100.0,4-7
29.314314495597117,3,17.78114216152392,0,0.0,-100.0,2-3
21.88970996474988,4,15.55376080226975,0,0.0,-100.0,4-7
20.115337730648655,6,15.021449132039383,0,0.0,-100.0,4-7
34.42699094711283,1,19.314945096978633,0,0.0,-100.0,1
24.358902432454347,5,16.29451854258109,0,0.0,-100.0,4-7
28.599807288138845,4,17.56678999928644,0,0.0,-100.0,4-7
31.919822417342807,1,18.562794538047626,1,100.0,112.67928966937122,1
8.774470538358708,3,11.619188974352399,0,0.0,-100.0,2-3
8.585430679665611,6,11.56247701674447,0,0.0,-100.0,4-7
35.90763287903141,3,19.759137676554207,0,0.0,-100.0,2-3
4.335178326120573,5,10.287401310680957,1,20.0,-79.53185733910355,4-7
9.133378477777336,9,11.726861356177986,0,0.0,-100.0,8-15
17.543958701038463,6,14.250035423156326,0,0.0,-100.0,4-7
25.185646580212957,6,16.542541786908675,2,33.33333333333333,-38.08580455971607,4-7
18.06583502437253,7,14.406598320156544,0,0.0,-100.0,4-7
21.13289116780305,5,15.3267151631857,1,20.0,-66.09368706575756,4-7
12.328510858529992,5,12.685401070403785,0,0.0,-100.0,4-7
54.20974733446611,8,25.249772013184618,1,12.5,-62.27012633276694,8-15
16.00171084882865,1,13.78736106749338,0,0.0,-100.0,1
24.013744498923934,13,16.190971162521965,2,15.384615384615385,-72.1453880006622,8-15
6.29419755156653,8,10.875107078314745,2,25.0,-72.45580244843347,8-15
14.878619227935456,6,13.450433581225424,0,0.0,-100.0,4-7
34.12851729759053,6,19.225403002121944,1,16.666666666666664,-63.08098846827299,4-7
8.969652714781857,4,11.677743627279344,0,0.0,-100.0,4-7
40.020941000328015,6,20.993130112943188,1,16.666666666666664,-59.15270599978132,4-7
15.964123464029232,3,13.776084852053556,0,0.0,-100.0,2-3
24.4735416724895,3,16.328910314591635,1,33.33333333333333,-39.035277770014,2-3
8.617828091273026,5,11.572196240226694,0,0.0,-100.0,4-7
18.26647715061437,9,14.466790958029097,2,22.22222222222222,-64.87424253278722,8-15
40.35727172622687,2,21.094029330712846,1,50.0,23.214543452453725,2-3
35.6858739240208,1,19.692609990051025,0,0.0,-100.0,1
17.742095006957758,4,14.309476314932112,1,25.0,-61.00790499304224,4-7
15.9396040326331,4,13.768729022634716,1,25.0,-62.810395967366894,4-7
17.339249361506887,5,14.188622621296851,0,0.0,-100.0,4-7
23.767789843645573,4,16.117184765938458,0,0.0,-100.0,4-7
41.75568709309615,2,21.51355394077363,0,0.0,-100.0,2-3
11.41266886653551,2,12.41064847280544,0,0.0,-100.0,2-3
10.584381204636538,7,12.162162174235746,1,14.285714285714285,-81.80892502592198,4-7
14.280534631336423,2,13.271008202245712,0,0.0,-100.0,2-3
6.843241121305618,7,11.039820149236471,1,14.285714285714285,-83.94671935925393,4-7
27.2654549409727,8,17.1664842951366,1,12.5,-75.74227252951364,8-15
5.0118192584737775,7,10.490393590386919,1,14.285714285714285,-84.99324613801498,4-7
41.92431336424464,3,21.564141822118177,0,0.0,-100.0,2-3
17.386263720809215,5,14.20272692908755,0,0.0,-100.0,4-7
25.89703043227755,8,16.75595694252805,1,12.5,-76.42648478386123,8-15
2.81052025539162,7,9.830003889462272,2,28.57142857142857,-72.50226256526672,4-7
28.2917361317436,13,17.474368652367865,2,15.384615384615385,-69.51277776508086,8-15
23.086681764151322,2,15.912852342090183,0,0.0,-100.0,2-3
24.807651732155005,4,16.429143332491286,0,0.0,-100.0,4-7
16.02756443324927,8,13.795117142819569,1,12.5,-81.36121778337537,8-15
32.19594626441554,1,18.64563169216945,0,0.0,-100.0,1
8.316203129541812,1,11.48170875170733,0,0.0,-100.0,1
22.773156139466487,11,15.818794654684732,2,18.181818181818183,-67.9831591712971,8-15
3.7929669889306954,1,10.124737909523995,0,0.0,-100.0,1
7.732960415330016,5,11.30673593744379,0,0.0,-100.0,4-7
36.51693298913878,6,19.94192770958642,1,16.666666666666664,-61.488711340574156,4-7
11.468831460121779,3,12.42749725088132,0,0.0,-100.0,2-3
8.553636582043636,1,11.552938787457876,0,0.0,-100.0,1
14.562049646096344,10,13.35546270667369,1,10.0,-85.67518014156146,8-15
36.724107736864426,3,20.00408013390411,1,33.33333333333333,-22.70118968418077,2-3
12.884758820208745,5,12.852275458907409,0,0.0,-100.0,4-7
46.78694907269599,1,23.022932534653584,0,0.0,-100.0,1
10.85030045700102,3,12.241937949945092,1,33.33333333333333,-57.19959939066531,2-3
30.387510678529484,1,18.10310101640363,1,100.0,106.55004271411795,1
18.68145135342571,6,14.5912832188725,0,0.0,-100.0,4-7
14.816275080970742,5,13.431730337136008,2,40.0,-42.293959870446805,4-7
22.147577054679594,8,15.631120929248665,1,12.5,-78.3012114726602,8-15
6.285001073488508,6,10.872348134891338,0,0.0,-100.0,4-7
14.098393270222129,5,13.216365793911425,2,40.0,-43.4425707676446,4-7
13.99816301849533,4,13.186296718393384,1,25.0,-64.75183698150467,4-7
20.37392305261381,4,15.09902472862893,0,0.0,-100.0,4-7
20.3100656336857,6,15.079867502950496,0,0.0,-100.0,4-7
24.887732176501235,2,16.453167465795158,1,50.0,-7.724535646997538,2-3
32.324494636181,16,18.684196203699084,3,18.75,-59.819129022864246,16+
17.790570725406486,2,14.324019030466731,0,0.0,-100.0,2-3
20.56455142566117,2,15.156213240543137,1,50.0,-16.370897148677667,2-3
37.94530088666589,3,20.37043807884455,0,0.0,-100.0,2-3
20.060204709197688,4,15.004909225604093,1,25.0,-58.689795290802316,4-7
17.194601549328347,8,14.145228277643291,1,12.5,-80.77769922533584,8-15
30.191385282779404,1,18.044263397678606,0,0.0,-100.0,1
18.683916712652508,5,14.592022826640537,0,0.0,-100.0,4-7
42.89351238454274,3,21.854901528207606,0,0.0,-100.0,2-3
34.061577462597405,4,19.205321051624008,0,0.0,-100.0,4-7
13.111937514358054,4,12.920429067152202,1,25.0,-65.63806248564194,4-7
15.52495052932145,9,13.644332971641221,2,22.22222222222222,-67.3111550850476,8-15
34.732972480544156,2,19.40673955700803,1,50.0,11.965944961088317,2-3
26.24050489070789,5,16.85899928005715,1,20.0,-62.00759608743369,4-7
35.09683347944547,4,19.51589785667843,0,0.0,-100.0,4-7
17.21895161311904,5,14.152533296780497,3,60.0,-7.674516128514311,4-7
20.30310584291482,6,15.077779565719233,0,0.0,-100.0,4-7
15.382928918948254,2,13.60172648852926,0,0.0,-100.0,2-3
14.597790179866404,8,13.366184866804707,1,12.5,-82.0761049100668,8-15
10.954366143208048,6,12.2731576558072,0,0.0,-100.0,4-7
26.427190833963206,7,16.915005063033746,0,0.0,-100.0,4-7
20.627936316461334,6,15.175228707783187,2,33.33333333333333,-44.16275157805155,4-7
22.88119115887319,7,15.851205160506742,1,14.285714285714285,-74.7821764806439,4-7
32.22773221105884,5,18.655167476162436,1,20.0,-57.21781423115293,4-7
3.5669122002303753,2,10.0569214729139,1,50.0,-50.366175599539254,2-3
20.603755098011245,4,15.167974342248158,2,50.0,-16.292489803977514,4-7
35.607481497324464,4,19.669092262042124,0,0.0,-100.0,4-7
7.53580099317621,3,11.247588110797649,0,0.0,-100.0,2-3
32.664320282108186,5,18.786143897477242,1,20.0,-56.86854377431345,4-7
20.962786250895395,4,15.275683688113407,0,0.0,-100.0,4-7
22.979062728115178,4,15.880566631279338,1,25.0,-55.770937271884826,4-7
25.097005812103646,2,16.515949556475878,0,0.0,-100.0,2-3
9.160509984986485,2,11.73500080834073,0,0.0,-100.0,2-3
2.685392368294579,4,9.79246552333316,0,0.0,-100.0,4-7
29.983532319253136,1,17.981907508620726,1,100.0,104.93412927701253,1
8.23239519432396,1,11.456566371141975,0,0.0,-100.0,1
14.878229677181364,5,13.450316715999195,1,20.0,-71.09741625825491,4-7
53.40160023100283,2,25.007327882145635,0,0.0,-100.0,2-3
17.40647923701966,5,14.208791583950683,0,0.0,-100.0,4-7
25.144538628018726,2,16.530209401250403,0,0.0,-100.0,2-3
11.038076338699039,2,12.298270714454498,0,0.0,-100.0,2-3
36.998441509156734,3,20.086380265591806,2,66.66666666666666,55.329177357751306,2-3
3.445263458881434,1,10.020426850509216,0,0.0,-100.0,1
33.93808768917966,3,19.16827411959868,0,0.0,-100.0,2-3
5.914434361095198,6,10.761178121173346,1,16.666666666666664,-81.8903770926032,4-7
44.94821413205568,7,22.47131205246149,1,14.285714285714285,-62.17244906739676,4-7
27.76065711527547,9,17.315044947427428,2,22.22222222222222,-56.434971453088465,8-15
8.580645962026509,3,11.56104160145274,1,33.33333333333333,-60.22580538396465,2-3
19.25575321155305,2,14.7635737763107,0,0.0,-100.0,2-3
25.405365744839912,14,16.60845753629676,0,0.0,-100.0,8-15
11.421014109574761,3,12.413152045717215,0,0.0,-100.0,2-3
15.163786357309275,17,13.53598372003757,1,5.88235294117647,-91.43205026886841,16+
40.37975321969657,7,21.100773778753755,2,28.57142857142857,-29.565996320346784,4-7
20.33493448716929,4,15.087328158995572,0,0.0,-100.0,4-7
34.00287264536372,4,19.187709606453904,0,0.0,-100.0,4-7
26.479601848699097,8,16.930728367454513,1,12.5,-76.13519907565045,8-15
25.063472913256255,4,16.50588968682166,2,50.0,-7.373054173487489,4-7
29.355370866480186,5,17.793459072788842,1,20.0,-59.51570330681586,4-7
42.400882744131465,2,21.707112636084226,0,0.0,-100.0,2-3
9.701061081196187,6,11.897166137203643,0,0.0,-100.0,4-7
31.198993386641288,8,18.346545828837172,1,12.5,-73.77550330667935,8-15
47.88750244962806,1,23.353098547733204,0,0.0,-100.0,1
28.593436111644976,1,17.56487864633828,1,100.0,99.37374444657992,1
24.29977939801677,7,16.27678163224982,0,0.0,-100.0,4-7
40.09596869089846,4,21.015638420114325,0,0.0,-100.0,4-7
53.92872787359612,8,25.165466174923623,0,0.0,-100.0,8-15
23.31614002045582,2,15.98168981898153,1,50.0,-10.867719959088355,2-3
26.266337603388784,2,16.866749093861422,0,0.0,-100.0,2-3
28.077608168986913,7,17.41013026354086,2,28.57142857142857,-43.62559066401495,4-7
5.693810532192703,5,10.694990972502596,1,20.0,-78.44495157424585,4-7
33.29851001947329,4,18.976400818686773,2,50.0,9.097020038946575,4-7
5.861337615270703,2,10.745249097425996,0,0.0,-100.0,2-3
28.197278126268287,3,17.446031250725273,0,0.0,-100.0,2-3
5.396214411695861,6,10.605712136353544,1,16.666666666666664,-82.23585705886943,4-7
9.2755587869772,1,11.769515448937947,0,0.0,-100.0,1
13.796203122414319,7,13.125708749569082,1,14.285714285714285,-79.97359821576325,4-7
12.293392271897515,5,12.674865494414039,1,20.0,-73.16528618248198,4-7
30.7011084716096,11,18.197180354327667,2,18.181818181818183,-62.21737565701121,8-15
12.949617490571788,4,12.871733060016322,2,50.0,-31.600765018856425,4-7
5.427375097722862,12,10.615060342161645,3,25.0,-73.32262490227714,8-15
11.635968128880613,11,12.477638251508969,0,0.0,-100.0,8-15
21.79211101353502,3,15.524481116905292,0,0.0,-100.0,2-3
23.829391393073816,12,16.13566523076693,2,16.666666666666664,-69.94707240461744,8-15
20.089115810679996,3,15.013582556048785,0,0.0,-100.0,2-3
35.532438702345225,11,19.646579423548356,0,0.0,-100.0,8-15
36.317804475032176,3,19.88218915535444,0,0.0,-100.0,2-3
27.423626909535532,7,17.213935885705446,3,42.857142857142854,-16.55949672651053,4-7
17.4155592757824,2,14.211515595579504,0,0.0,-100.0,2-3
16.075173960877816,3,13.80940000110813,1,33.33333333333333,-50.23310138549625,2-3
50.205847827218584,7,24.04860216101036,1,14.285714285714285,-59.1680869558751,4-7
20.711213873317472,2,15.200211974840027,0,0.0,-100.0,2-3
47.12381569904918,11,23.12399252255954,2,18.181818181818183,-50.27358858250969,8-15
8.593250030356717,2,11.5648228219518,0,0.0,-100.0,2-3
12.441341833915436,2,12.719250363019416,1,50.0,-32.617316332169125,2-3
12.652143323746762,12,12.782490809968813,4,33.33333333333333,-54.79714223500432,8-15
7.2714708415062415,14,11.168289065296658,1,7.142857142857142,-91.85100833099821,8-15
20.416488740962592,5,15.111794435133563,1,20.0,-66.66680900722992,4-7
14.197121222933525,8,13.245984179724843,1,12.5,-82.27643938853323,8-15
16.30872975702536,2,13.879466739952395,0,0.0,-100.0,2-3
39.03010973092943,7,20.695880732123616,0,0.0,-100.0,4-7
5.50324374604823,10,10.637820936659256,2,20.0,-78.59740500316141,8-15
12.523128194835337,10,12.743786271295388,1,10.0,-86.49074872206587,8-15
21.283667466951,7,15.371948052930087,0,0.0,-100.0,4-7
19.31799843915993,9,14.782247344592763,4,44.44444444444444,-27.87911388593791,8-15
43.61271863584971,7,22.0706634035997,0,0.0,-100.0,4-7
4.053541199619229,3,10.202910172730554,0,0.0,-100.0,2-3
40.3086417517523,6,21.079440338370475,2,33.33333333333333,-17.92181099766361,4-7
6.740595825990195,9,11.009026560641843,1,11.11111111111111,-87.5597351884488,8-15
15.197324771367526,1,13.546045244255044,0,0.0,-100.0,1
5.625825139663664,1,10.674595354743884,0,0.0,-100.0,1
1.3791215411412716,5,9.400584275187168,1,20.0,-81.89670276708698,4-7
38.350298993635676,10,20.491937510935486,1,10.0,-76.15988040254574,8-15
11.07180822839459,6,12.308390281363163,0,0.0,-100.0,4-7
28.28761953056001,3,17.47313367201279,0,0.0,-100.0,2-3
13.291839273785044,7,12.974399594980298,1,14.285714285714285,-80.2618061292657,4-7
43.94325069476535,7,22.169823021274386,3,42.857142857142854,11.759858333883457,4-7
13.797839530244744,8,13.12619967191821,0,0.0,-100.0,8-15
16.782897106339192,3,14.021716944746544,0,0.0,-100.0,2-3
12.07809052862481,3,12.610274971432228,0,0.0,-100.0,2-3
7.950169555584561,4,11.371898679520154,2,50.0,-41.599660888830876,4-7
29.38681451320317,5,17.802892166805737,0,0.0,-100.0,4-7
19.934319326181814,5,14.96714361069933,1,20.0,-67.05254453905454,4-7
1.4039315337140945,2,9.408027272959014,0,0.0,-100.0,2-3
43.66229102849369,3,22.08553512139289,1,33.33333333333333,-13.450278628675091,2-3
13.446641542406532,2,13.020840275566744,0,0.0,-100.0,2-3
8.027977894468478,2,11.39524118118533,0,0.0,-100.0,2-3
5.12514354777756,3,10.524390877178055,0,0.0,-100.0,2-3
8.710643843558392,2,11.600040965912303,0,0.0,-100.0,2-3
26.280147850671742,6,16.870892168046307,1,16.666666666666664,-68.31323476621883,4-7
29.69572697505217,7,17.89556590536044,0,0.0,-100.0,4-7
15.754487610030873,16,13.713194095854048,0,0.0,-100.0,16+
67.36499477813209,4,29.19634624628441,1,25.0,-11.385005221867905,4-7
14.504354170505904,8,13.338154063996557,3,37.5,-46.36846874424114,8-15
18.018124442461257,1,14.39228514558316,0,0.0,-100.0,1
7.5449439431217655,3,11.250330995781315,0,0.0,-100.0,2-3
17.251364870119577,2,14.162257273880657,0,0.0,-100.0,2-3
33.57713777831815,7,19.059989146340232,0,0.0,-100.0,4-7
46.181430297977634,3,22.841276902238075,0,0.0,-100.0,2-3
26.861187359272943,6,17.04520402062667,1,16.666666666666664,-67.92587509381804,4-7
4.245275852846869,5,10.260430568698848,1,20.0,-79.60377931772251,4-7
6.356740051287216,3,10.893869828230951,1,33.33333333333333,-63.19101326495038,2-3
4.059589861571288,12,10.204724771316172,3,25.0,-74.69041013842872,8-15
9.860553503202436,8,11.945013863805517,1,12.5,-84.44472324839879,8-15
13.877431900604545,1,13.150077383026149,0,0.0,-100.0,1
6.940230449372817,8,11.068916947656632,1,12.5,-85.90488477531359,8-15
27.855644052650913,7,17.34354102864006,1,14.285714285714285,-71.93963196991376,4-7
8.554310735692692,2,11.553141033552594,1,50.0,-40.391378528614624,2-3
22.622237576309733,3,15.773519085737705,2,66.66666666666666,16.99263353682596,2-3
31.019163646053755,5,18.29259690666091,2,40.0,-16.369338166314,4-7
15.69174409954091,5,13.69437104270706,0,0.0,-100.0,4-7
34.841717981007015,6,19.43936320714689,0,0.0,-100.0,4-7
22.922310164835082,1,15.863540862295311,1,100.0,76.68924065934031,1
13.207337538969032,6,12.949049074535496,0,0.0,-100.0,4-7
14.7825353893792,2,13.421608429658546,1,50.0,-27.9349292212416,2-3
12.188024922813002,5,12.643255289688687,1,20.0,-73.2495800617496,4-7
29.44767923579881,3,17.821151583584427,1,33.33333333333333,-32.403094352268255,2-3
25.593112665632113,6,16.66478161253442,0,0.0,-100.0,4-7
20.379966478766335,3,15.100837756474686,0,0.0,-100.0,2-3
5.658328365482541,4,10.68434632248955,1,25.0,-73.09167163451747,4-7
11.541564304862897,6,12.449317104303654,1,16.666666666666664,-78.1389571300914,4-7
9.552851560225523,3,11.852703280912444,1,33.33333333333333,-58.92953125303264,2-3
2.37899680611132,9,9.700546854678183,1,11.11111111111111,-89.4982236417283,8-15
7.220559772556047,4,11.153015744611599,0,0.0,-100.0,4-7
6.583966990553579,1,10.96203791001086,0,0.0,-100.0,1
16.450911379008062,1,13.922121226547205,0,0.0,-100.0,1
29.04469702198925,3,17.70025691944156,0,0.0,-100.0,2-3
13.327334356608933,2,12.985048119827466,0,0.0,-100.0,2-3
16.037134716059395,5,13.797988227662605,2,40.0,-40.34058445430497,4-7
18.477563271549215,3,14.53011679430955,0,0.0,-100.0,2-3
18.029295135027116,8,14.39563635335292,3,37.5,-41.08105729745933,8-15
20.618944371543936,4,15.172531124307968,0,0.0,-100.0,4-7
35.710306873205,1,19.699939874806287,0,0.0,-100.0,1
16.235056968346065,3,13.857364903348607,0,0.0,-100.0,2-3
37.29867831438962,7,20.17645130716167,0,0.0,-100.0,4-7
19.059574230877573,1,14.704720082108057,1,100.0,61.23829692351028,1
16.86163945136806,1,14.045339648255203,0,0.0,-100.0,1
59.02976332326446,4,26.695776809824125,0,0.0,-100.0,4-7
27.875528353822094,3,17.349506318991416,1,33.33333333333333,-34.49929552823721,2-3
2.776557747418746,10,9.819815137070409,2,20.0,-80.77875380206501,8-15
25.175755078691253,5,16.539574336452162,3,60.0,11.421812188859011,4-7
7.436902676489887,7,11.217918615791753,0,0.0,-100.0,4-7
18.46422062558293,2,14.526114000519662,0,0.0,-100.0,2-3
7.31291515928442,5,11.180722360630112,0,0.0,-100.0,4-7
22.076471673630753,8,15.60978931493401,1,12.5,-78.33676416318463,8-15
38.064024930047964,2,20.406055291859175,0,0.0,-100.0,2-3
23.659235225923517,9,16.08461838062184,0,0.0,-100.0,8-15
15.409712576581375,7,13.6097615858192,1,14.285714285714285,-79.05159281338207,4-7
12.65111069609312,12,12.782181021672724,2,16.666666666666664,-77.39925953593792,8-15
41.237373624579305,4,21.358059900218578,0,0.0,-100.0,4-7
22.54200443115472,3,15.749449142191201,1,33.33333333333333,-41.61066075846038,2-3
36.05191200083633,2,19.802421413095686,0,0.0,-100.0,2-3
29.179334173909815,6,17.74064806501773,2,33.33333333333333,-32.76088776812025,4-7
15.55705196374248,3,13.65396340196753,1,33.33333333333333,-50.92393071501002,2-3
18.8205453301999,5,14.633011411904755,1,20.0,-67.94356373584009,4-7
42.095608243986284,6,21.61553028604067,1,16.666666666666664,-57.76959450400915,4-7
17.67256511838022,11,14.288617348358851,1,9.090909090909092,-85.84633995695265,8-15
12.415931779357782,7,12.711627346652122,2,28.57142857142857,-61.52464939501968,4-7
11.39785711464949,2,12.406204947239633,0,0.0,-100.0,2-3
29.724636456196546,2,17.90423874970375,0,0.0,-100.0,2-3
13.392672369594564,12,13.004649523723156,2,16.666666666666664,-76.90488508693696,8-15
15.06433109128616,4,13.506147140230635,0,0.0,-100.0,4-7
30.632312877312074,2,18.176541676038408,2,100.0,107.52925150924833,2-3
5.818977590123692,11,10.732541089881895,2,18.181818181818183,-80.31347084354641,8-15
20.09839162192301,2,15.016365299421688,0,0.0,-100.0,2-3
34.76586573224418,20,19.416607532518036,3,15.0,-66.3904805606535,16+
21.2521183466528,5,15.362483316840624,0,0.0,-100.0,4-7
18.611689869369382,4,14.5703547736556,1,25.0,-60.138310130630614,4-7
25.50123444963551,7,16.63721814773544,0,0.0,-100.0,4-7
24.375479591158346,3,16.29949169019229,3,100.0,82.50191836463338,2-3
17.835223826541057,4,14.337414960807104,0,0.0,-100.0,4-7
3.500868993049537,4,10.037108510759648,0,0.0,-100.0,4-7
26.60154823725605,6,16.967312284021602,1,16.666666666666664,-68.0989678418293,4-7
6.510131462569813,4,10.93988725161573,0,0.0,-100.0,4-7
29.110508724055638,3,17.72000043006148,1,33.33333333333333,-32.85265503459247,2-3
3.3983240311315757,3,10.006345022184258,0,0.0,-100.0,2-3
8.308767460520713,4,11.479478051001,2,50.0,-40.882465078958575,4-7
20.22929230867132,2,15.055635505446183,1,50.0,-17.04141538265736,2-3
15.72530036356207,4,13.704437921913406,1,25.0,-63.02469963643793,4-7
14.050158869082907,6,13.201895473569659,0,0.0,-100.0,4-7
52.24997521460709,4,24.661840377226913,1,25.0,-26.500024785392906,4-7
27.265068458170237,15,17.16636835029586,2,13.333333333333334,-74.12529682230921,8-15
3.5863253056623545,4,10.062745404543492,2,50.0,-50.32734938867529,4-7
32.48488954724751,5,18.73231467701904,0,0.0,-100.0,4-7
28.310229638311103,13,17.479916704338116,2,15.384615384615385,-69.5013971456547,8-15
19.964036076323925,3,14.976058635741962,2,66.66666666666666,9.904096203530473,2-3
13.071152163930705,4,12.908193462023998,0,0.0,-100.0,4-7
27.68272189360706,12,17.291664380926903,2,16.666666666666664,-67.37818540426197,8-15
21.39546749831119,6,15.405488062338144,1,16.666666666666664,-71.5696883344592,4-7
30.72864977132324,5,18.205442744241758,2,40.0,-16.834160365882823,4-7
10.326571588783299,9,12.084819289479775,0,0.0,-100.0,8-15
12.015575009509078,4,12.59152031569751,2,50.0,-33.468849980981844,4-7
7.5637337563789115,9,11.25596793975846,0,0.0,-100.0,8-15
9.685765248834551,12,11.892577387495152,2,16.666666666666664,-79.37615650077697,8-15
15.011850796740895,6,13.490403051867053,0,0.0,-100.0,4-7
22.083392259410303,5,15.611865490667876,0,0.0,-100.0,4-7
10.651597579526898,10,12.182327086702855,2,20.0,-74.47872193637848,8-15
19.45256860286861,5,14.822618393705369,1,20.0,-67.43794511770511,4-7
36.58659230021861,12,19.96282550291037,2,16.666666666666664,-61.442271799854254,8-15
24.7781786472299,16,16.420301407013756,2,12.5,-76.98591067638505,16+
12.241224767430094,5,12.659215243073815,1,20.0,-73.20702018605591,4-7
1.0003919677170114,5,9.28696540315989,0,0.0,-100.0,4-7
19.90840555392133,4,14.959369479021184,0,0.0,-100.0,4-7
11.542919420971403,2,12.449723639136206,0,0.0,-100.0,2-3
8.166578989336266,5,11.436821509645666,0,0.0,-100.0,4-7
19.737504414935696,7,14.908099137325495,1,14.285714285714285,-76.57856890575104,4-7
31.980092550589884,4,18.58087557802175,1,25.0,-46.76990744941012,4-7
12.911047175228463,6,12.860161965413324,1,16.666666666666664,-77.22596854984769,4-7
31.298886555089634,8,18.376513779371674,1,12.5,-73.72555672245518,8-15
16.285744552536297,2,13.872571178605675,0,0.0,-100.0,2-3
26.323505015200944,2,16.883899317405067,0,0.0,-100.0,2-3
36.51825409903156,10,19.942324042554255,4,40.0,-7.570793441549512,8-15
1.1375677496792977,5,9.328118137748575,0,0.0,-100.0,4-7
20.08831134255611,3,15.01334121561162,0,0.0,-100.0,2-3
46.58485162336834,5,22.962303299855286,1,20.0,-45.73211870130534,4-7
34.51355833159385,2,19.34091531232294,1,50.0,11.527116663187718,2-3
8.894551710749779,6,11.655213326069719,1,16.666666666666664,-79.90363219283347,4-7
22.003691431038437,3,15.587955242156317,0,0.0,-100.0,2-3
50.02584319171811,8,23.99460077036022,2,25.0,-28.724156808281887,8-15
13.275633637500178,4,12.969537904094839,1,25.0,-65.47436636249982,4-7
33.33582478088632,3,18.98759524711068,0,0.0,-100.0,2-3
20.6314717639621,7,15.176289342033417,1,14.285714285714285,-76.06773042059308,4-7
13.956553987651398,9,13.173814009140205,0,0.0,-100.0,8-15
30.187543959504758,6,18.043111000696214,0,0.0,-100.0,4-7
33.69286687823591,2,19.09470787631556,0,0.0,-100.0,2-3
9.428757081430659,6,11.815474937273985,1,16.666666666666664,-79.54749527904622,4-7
37.429284361534876,7,20.21563312130525,1,14.285714285714285,-66.46898036483721,4-7
0.34386770775328324,2,9.090008125170773,0,0.0,-100.0,2-3
14.482307608963879,2,13.331540095533951,0,0.0,-100.0,2-3
21.351192183304825,4,15.392205467836234,0,0.0,-100.0,4-7
13.844818885653707,5,13.1402934785409,2,40.0,-43.848289782954076,4-7
19.818355988064397,1,14.932354609264106,1,100.0,64.27342395225757,1
13.40942743918087,13,13.009676044599047,2,15.384615384615385,-78.67112157588869,8-15
18.899745397687838,8,14.656771432151135,1,12.5,-79.92512730115608,8-15
28.1755337221881,2,17.439507929501215,0,0.0,-100.0,2-3
16.829208161363677,6,14.03561026125389,2,33.33333333333333,-49.2277224515151,4-7
45.26728035525904,9,22.567031919422497,4,44.44444444444444,18.25294285379384,8-15
18.147924708107126,9,14.431225225276926,2,22.22222222222222,-64.97962248168255,8-15
15.0513137020257,3,13.502241923452496,0,0.0,-100.0,2-3
58.38933020626261,4,26.503646874723568,1,25.0,-20.360669793737387,4-7
36.14249144867919,5,19.82959524744854,0,0.0,-100.0,4-7
27.819938062930934,1,17.332829231724066,0,0.0,-100.0,1
4.740489234285175,7,10.408994583130337,1,14.285714285714285,-85.14829186612276,4-7
42.60713394753142,4,21.76898799710421,2,50.0,27.71426789506284,4-7
29.40068341775283,5,17.807052838170637,0,0.0,-100.0,4-7
6.2937269611948,3,10.874965901203225,0,0.0,-100.0,2-3
28.24348186590354,6,17.459892372615847,0,0.0,-100.0,4-7
9.824171255865787,13,11.934099189604522,4,30.76923076923077,-61.75486614662673,8-15
38.84911813640113,3,20.641583253765123,1,33.33333333333333,-19.867842484798494,2-3
41.70857527118111,10,21.49942039419912,3,30.0,-24.449709674582657,8-15
27.974834190418225,3,17.379298069970254,0,0.0,-100.0,2-3
12.046465703682042,5,12.600787523949396,1,20.0,-73.36282743705436,4-7
29.474874661619875,8,17.82931021133075,1,12.5,-74.63756266919006,8-15
6.279614415830411,17,10.870732137593908,1,5.88235294117647,-93.52244366686342,16+
22.768820997705728,13,15.817494112156504,3,23.076923076923077,-59.36724215596395,8-15
15.586447454781469,3,13.662782049279226,0,0.0,-100.0,2-3
16.501607417520052,11,13.9373300381008,1,9.090909090909092,-86.27214275726544,8-15
5.584222650733771,3,10.662114608064918,0,0.0,-100.0,2-3
20.19660758998246,2,15.045830089839523,0,0.0,-100.0,2-3
8.68125351389807,3,11.591223867014207,0,0.0,-100.0,2-3
12.726683203153039,11,12.804852773790698,0,0.0,-100.0,8-15
26.597355625098988,9,16.966054500374483,2,22.22222222222222,-57.469017222134234,8-15
21.360440270901936,2,15.394979894115368,0,0.0,-100.0,2-3
12.39776469139838,7,12.7061772202643,1,14.285714285714285,-80.77270589062951,4-7
8.442554795771546,6,11.519614251576249,1,16.666666666666664,-80.20496346948565,4-7
13.128848795716156,1,12.925502451559634,0,0.0,-100.0,1
12.976600005841851,3,12.879827814597341,0,0.0,-100.0,2-3
14.543612317330737,10,13.349931508044008,0,0.0,-100.0,8-15
24.872756680628925,1,16.448674817033464,1,100.0,84.4910267225157,1
15.251649325866175,11,13.562342610604638,0,0.0,-100.0,8-15
42.25653204334307,1,21.663807425847708,0,0.0,-100.0,1
9.035596179822482,8,11.69752666679153,3,37.5,-54.57160573026627,8-15
23.14592348203558,15,15.930624857455461,2,13.333333333333334,-76.32217414291435,8-15
7.192803551767832,4,11.144688878375137,0,0.0,-100.0,4-7
9.721374658768555,1,11.903260210475352,0,0.0,-100.0,1
0.43227862818644636,1,9.11653140130072,0,0.0,-100.0,1
9.535744567843334,9,11.847571183197786,1,11.11111111111111,-86.3174468587363,8-15
2.9179519695910567,2,9.862233403722104,0,0.0,-100.0,2-3
15.094344263059604,2,13.515151091762668,0,0.0,-100.0,2-3
11.51161537221628,1,12.44033242450967,1,100.0,31.04646148886512,1
3.214728882598246,7,9.95126647762426,0,0.0,-100.0,4-7
20.78638576814611,5,15.22276354328862,1,20.0,-66.37089138548312,4-7
35.69754355274973,10,19.696110878669703,1,10.0,-77.22098257890012,8-15
49.99141650613095,15,23.98427276468407,3,20.0,-43.00686679509524,8-15
4.313748645583196,4,10.280972406519744,0,0.0,-100.0,4-7
20.322042827623488,4,15.08346066113183,1,25.0,-58.42795717237651,4-7
25.21361704359514,14,16.550932925923327,4,28.57142857142857,-46.89872337874841,8-15
29.606253037620583,4,17.868723724130962,2,50.0,1.7125060752411627,4-7
15.412609766615848,3,13.61063074282954,0,0.0,-100.0,2-3
22.117016855401072,11,15.621952869465108,1,9.090909090909092,-84.23017568894507,8-15
29.285111962988562,4,17.772381401741356,0,0.0,-100.0,4-7
38.11769271241752,7,20.422155626570042,1,14.285714285714285,-66.07560416433284,4-7
19.23487731978306,12,14.757311008779705,0,0.0,-100.0,8-15
2.403651511049999,1,9.707943266159786,0,0.0,-100.0,1
15.343026789038833,2,13.589755849556436,0,0.0,-100.0,2-3
25.487135952330725,4,16.632988598544003,0,0.0,-100.0,4-7
12.243015534489176,8,12.659752473191539,0,0.0,-100.0,8-15
26.966636683167966,3,17.076838817795174,1,33.33333333333333,-35.71115108910937,2-3
5.21857868277924,6,10.55242141767856,1,16.666666666666664,-82.35428087814716,4-7
47.42802451701479,4,23.215255167949223,2,50.0,37.35604903402958,4-7
10.85845138542047,5,12.244383228470927,0,0.0,-100.0,4-7
6.666773981557231,5,10.986880007311955,0,0.0,-100.0,4-7
9.013235711976737,3,11.690818526437807,0,0.0,-100.0,2-3
31.34320675065274,3,18.38980983804061,0,0.0,-100.0,2-3
9.938561446564744,5,11.96841624681421,1,20.0,-75.0491508427482,4-7
21.676282539988154,1,15.48973257484123,0,0.0,-100.0,1
42.85160862723744,4,21.842330401016017,1,25.0,-35.89839137276256,4-7
8.82075691203327,7,11.633074886454766,1,14.285714285714285,-82.81671033598099,4-7
35.633821438198204,8,19.676994244304247,2,25.0,-43.116178561801796,8-15
28.13778794318903,12,17.428184195801492,3,25.0,-50.61221205681097,8-15
2.431641635087875,4,9.71634030337115,1,25.0,-76.31835836491213,4-7
34.23926432160073,4,19.258627109325005,1,25.0,-44.51073567839927,4-7
28.311442406664426,2,17.480280534844113,0,0.0,-100.0,2-3
2.2286811187264703,4,9.655452148462725,0,0.0,-100.0,4-7
18.599571710199232,2,14.566719325904556,0,0.0,-100.0,2-3
20.81957435086039,5,15.232720118102902,0,0.0,-100.0,4-7
15.155104713952468,6,13.533379227030526,0,0.0,-100.0,4-7
12.182035229869216,2,12.64145838180555,0,0.0,-100.0,2-3
4.250473199337685,5,10.261989772646091,1,20.0,-79.59962144052986,4-7
25.63331435287946,8,16.676842118708624,1,12.5,-76.55834282356027,8-15
0.6505952358560634,1,9.182026383601604,0,0.0,-100.0,1
18.698571056720585,2,14.596419129860964,0,0.0,-100.0,2-3
13.14532530046748,4,12.93044540298503,1,25.0,-65.60467469953252,4-7
16.528251361140786,10,13.945323221187023,1,10.0,-84.88869945554369,8-15
25.23824597249808,5,16.55832160459421,0,0.0,-100.0,4-7
12.455787291503901,13,12.723584000295956,2,15.384615384615385,-79.25797705138223,8-15
24.775015920252425,8,16.419352588920514,1,12.5,-76.9874920398738,8-15
17.73167155062854,2,14.306349278033348,1,50.0,-22.03665689874292,2-3
12.832297742803513,7,12.836537135685841,2,28.57142857142857,-61.04880257965313,4-7
19.236810170321572,2,14.75789086394126,0,0.0,-100.0,2-3
19.61438545868704,1,14.871163450450897,0,0.0,-100.0,1
37.11765972081495,5,20.12214572908927,0,0.0,-100.0,4-7
29.3412895814781,4,17.789234687288218,2,50.0,1.1825791629562081,4-7
26.751297251879404,12,17.012236988408606,1,8.333333333333332,-83.99956758270687,8-15
27.995711849732384,3,17.385561367764502,0,0.0,-100.0,2-3
8.047001859325405,3,11.400948370642409,1,33.33333333333333,-60.93733085423278,2-3
9.711699814056235,5,11.900357757061657,1,20.0,-75.23064014875501,4-7
12.157347141384554,3,12.634051955260153,0,0.0,-100.0,2-3
20.382809370927944,3,15.10169062412317,0,0.0,-100.0,2-3
3.4975537177327127,1,10.0361139281646,0,0.0,-100.0,1
15.815210258376283,3,13.73141089035767,1,33.33333333333333,-50.5797196554983,2-3
29.91185957589148,3,17.96040568561223,0,0.0,-100.0,2-3
31.451241813287982,3,18.422220356831183,0,0.0,-100.0,2-3
3.586108376691039,2,10.062680325852098,0,0.0,-100.0,2-3
20.980096807434705,2,15.2808768550752,1,50.0,-15.539806385130598,2-3
17.321239891474818,3,14.183219780287232,1,33.33333333333333,-48.571680144700245,2-3
25.389647536689214,8,16.60374207385155,2,25.0,-53.36035246331079,8-15
15.228940525964207,21,13.555529970634048,2,9.523809523809524,-86.10326075201364,16+
24.71973514188944,8,16.402768355411617,3,37.5,-31.045397287165834,8-15
10.267008299848188,2,12.066950302799242,0,0.0,-100.0,2-3
6.100300581100404,2,10.816937987174907,1,50.0,-45.29939883779919,2-3
28.64021660533937,2,17.578912794446598,0,0.0,-100.0,2-3
26.88705562893222,3,17.052964501524453,0,0.0,-100.0,2-3
29.588583589456064,4,17.863422889681605,0,0.0,-100.0,4-7
18.56771898879779,6,14.557163509484122,2,33.33333333333333,-46.90970801493628,4-7
9.41407263827263,8,11.811069604326576,1,12.5,-84.66796368086369,8-15
6.085567614539452,1,10.812518097206622,0,0.0,-100.0,1
18.463801131065704,6,14.525988152164498,0,0.0,-100.0,4-7
17.42676866297888,13,14.214878411738448,0,0.0,-100.0,8-15
20.42855930564914,2,15.115415604539528,1,50.0,-16.642881388701717,2-3
9.190314380265525,2,11.743942126924443,0,0.0,-100.0,2-3
7.902788935652443,10,11.357684493540518,1,10.0,-88.33888442573902,8-15
10.567282601034647,4,12.15703259315518,1,25.0,-68.18271739896537,4-7
23.323659427806994,12,15.983945641186883,3,25.0,-55.426340572193,8-15
32.514461096469525,8,18.741186141785644,1,12.5,-73.11776945176524,8-15
10.320915137756465,2,12.083122354171726,1,50.0,-36.85816972448707,2-3
7.211667704157632,6,11.150348124092076,0,0.0,-100.0,4-7
12.072605093997831,7,12.608629341044136,1,14.285714285714285,-80.95851137485839,4-7
43.978042320110994,4,22.180260508878085,0,0.0,-100.0,4-7
10.34282812380882,1,12.089696249987432,0,0.0,-100.0,1
22.283359505997637,4,15.671855664644077,0,0.0,-100.0,4-7
11.81210204027499,5,12.530478424927283,0,0.0,-100.0,4-7
11.922086366101983,3,12.563473722675381,0,0.0,-100.0,2-3
30.037362325669182,7,17.998056510545542,1,14.285714285714285,-70.69293581390332,4-7
33.241753175266794,5,18.95937376542482,1,20.0,-56.40659745978657,4-7
9.134544448881774,2,11.727211147509319,0,0.0,-100.0,2-3
4.090214244767335,2,10.213912086274988,0,0.0,-100.0,2-3
21.558317028897367,2,15.454342921513998,0,0.0,-100.0,2-3
18.488266624016138,1,14.533327800049628,0,0.0,-100.0,1
22.36722720750833,4,15.697015975097283,0,0.0,-100.0,4-7
9.22368081930962,10,11.753952058637672,0,0.0,-100.0,8-15
27.09980513406498,2,17.11678935306428,1,50.0,-3.300389731870036,2-3
11.1235880142424,7,12.323924217117506,0,0.0,-100.0,4-7
18.432866740311972,13,14.516707834938378,0,0.0,-100.0,8-15
44.48642340611721,5,22.332774834679945,1,20.0,-47.41086127510623,4-7
10.132341090996585,17,12.026550140143762,1,5.88235294117647,-92.61591974329492,16+
11.722443227702312,2,12.50358078115548,0,0.0,-100.0,2-3
8.114986064544597,8,11.421343632208163,1,12.5,-85.3175069677277,8-15
12.155543407641762,9,12.633510835137315,1,11.11111111111111,-85.15309181882589,8-15
34.567363478906444,1,19.35705685651672,0,0.0,-100.0,1
40.47837151073978,12,21.130359266066716,2,16.666666666666664,-58.84775232617348,8-15
20.2761519313402,7,15.069693392246844,0,0.0,-100.0,4-7
18.235282153883674,2,14.457432459009889,0,0.0,-100.0,2-3
7.088221079254482,2,11.11331413662113,0,0.0,-100.0,2-3
13.99001503859687,9,13.183852324423848,2,22.22222222222222,-68.67554218791389,8-15
5.459561944378879,10,10.62471639615845,2,20.0,-78.63235044449691,8-15
30.824524322132806,2,18.234205109484627,1,50.0,4.149048644265622,2-3
2.531270247822631,3,9.746228887191576,0,0.0,-100.0,2-3
48.599603804486584,3,23.566728954190765,1,33.33333333333333,-6.867194927351229,2-3
18.819544732828458,2,14.632711232693325,0,0.0,-100.0,2-3
21.0812491948814,1,15.311222571309207,0,0.0,-100.0,1
42.88576380941723,2,21.852576955669957,0,0.0,-100.0,2-3
11.806708628030016,2,12.528860401253791,0,0.0,-100.0,2-3
15.787150003516842,3,13.72299281389984,0,0.0,-100.0,2-3
33.62964851920915,1,19.07574236860753,0,0.0,-100.0,1
31.694659919328426,7,18.495245788643313,2,28.57142857142857,-39.49181723505322,4-7
19.665648203892506,9,14.886542274012537,0,0.0,-100.0,8-15
18.316639629981328,17,14.481839701839187,3,17.647058823529413,-72.07060732001318,16+
42.646326053331535,7,21.780745628844244,2,28.57142857142857,-26.975627367621108,4-7
13.563430286475686,5,13.055876898787492,1,20.0,-72.14925577081945,4-7
15.744596713168038,5,13.710226826795196,2,40.0,-40.808645258931136,4-7
25.890977884090837,3,16.75414117807204,0,0.0,-100.0,2-3
17.04479937477202,1,14.100287625276392,0,0.0,-100.0,1
13.690690694184582,2,13.094055021100159,0,0.0,-100.0,2-3
25.685956620649854,11,16.69263479903974,0,0.0,-100.0,8-15
29.929595074562144,3,17.96572633521343,1,33.33333333333333,-31.7605399005838,2-3
9.574708749489021,3,11.859260437691493,1,33.33333333333333,-58.90038833401464,2-3
18.99964651440032,10,14.686741767164882,1,10.0,-83.90014139423987,8-15
38.1124975358253,1,20.420597073592376,0,0.0,-100.0,1
25.868698161204186,7,16.74745726120604,2,28.57142857142857,-46.150059244338074,4-7
19.874788666552213,6,14.94928441281045,0,0.0,-100.0,4-7
23.408451244508452,5,16.009383186197322,0,0.0,-100.0,4-7
6.861792575578986,3,11.045385585518481,1,33.33333333333333,-62.51760989922802,2-3
16.298945401719074,14,13.876531433360508,0,0.0,-100.0,8-15
9.765520447373824,13,11.916503947056933,2,15.384615384615385,-80.91352587853919,8-15
21.035279322278193,6,15.297431609528244,1,16.666666666666664,-71.80981378514788,4-7
40.57627319616689,3,21.159729771694852,2,66.66666666666666,64.87006185644505,2-3
8.926067378647968,6,11.664668026439177,0,0.0,-100.0,4-7
17.308369052346894,17,14.179358528548855,5,29.411764705882355,-54.63721287959189,16+
11.14023897912048,6,12.32891950658093,0,0.0,-100.0,4-7
8.773520038263134,13,11.618903824323725,1,7.6923076923076925,-90.76199383438058,8-15
23.47394554633857,2,16.029031476746358,0,0.0,-100.0,2-3
7.550383626081307,3,11.251962900669179,0,0.0,-100.0,2-3
25.091864483497062,17,16.514407157893903,6,35.294117647058826,-34.576191317415905,16+
25.5301219646827,2,16.645884402249596,1,50.0,-6.439756070634613,2-3
12.450255010769066,5,12.721924316075505,0,0.0,-100.0,4-7
19.45350803160816,3,14.822900222327235,0,0.0,-100.0,2-3
54.94190997735872,2,25.4694208060524,0,0.0,-100.0,2-3
2.206073289608488,5,9.648669799727333,0,0.0,-100.0,4-7
15.314384436462985,5,13.58116314378368,0,0.0,-100.0,4-7
40.88027893566912,7,21.250931493545522,2,28.57142857142857,-28.993966930663873,4-7
24.302199599915753,3,16.277507692819512,1,33.33333333333333,-39.263733866778985,2-3
25.03446339009613,11,16.497186829873627,2,18.181818181818183,-66.33857207993007,8-15
39.42678467116756,2,20.814883214195053,0,0.0,-100.0,2-3
32.104507580225665,3,18.618200086912484,1,33.33333333333333,-28.860656559699116,2-3
23.038783069345612,11,15.89848273364847,0,0.0,-100.0,8-15
27.431824225906993,8,17.216395080616884,2,25.0,-51.318175774093014,8-15
9.448936086348345,9,11.82152863874929,2,22.22222222222222,-72.71205681213479,8-15
15.964595060071959,5,13.776226330866374,1,20.0,-70.22832395194244,4-7
38.253463448863116,10,20.462886847503718,1,10.0,-76.19861462045475,8-15
38.779421853504985,4,20.62067436889628,1,25.0,-39.970578146495015,4-7
21.115321983587492,4,15.321444407921033,0,0.0,-100.0,4-7
16.445042508898716,1,13.9203605655144,0,0.0,-100.0,1
9.503672632571297,7,11.837949602616176,0,0.0,-100.0,4-7
27.180104090049895,1,17.140879039859755,0,0.0,-100.0,1
2.171283590385782,5,9.638232889960522,2,40.0,-62.525946255382756,4-7
10.29778583875537,9,12.076183564471398,1,11.11111111111111,-85.97876184944205,8-15
23.25661923900876,3,15.963833584547416,1,33.33333333333333,-40.65784101465499,2-3
22.406473484469064,13,15.708789858185504,2,15.384615384615385,-73.13447785571134,8-15
16.727956656111385,2,14.005234809678202,0,0.0,-100.0,2-3
28.793752770749258,11,17.624973644069563,1,9.090909090909092,-81.80227171972754,8-15
22.800903077436153,12,15.827118736075633,3,25.0,-55.949096922563854,8-15
44.35201714842831,8,22.29245295737328,3,37.5,-1.596974277357549,8-15
16.1432717241415,14,13.829829330087234,1,7.142857142857142,-89.31620807881671,8-15
8.038025262811395,1,11.398255391688204,0,0.0,-100.0,1
21.41590124193165,2,15.411618185424281,1,50.0,-14.668197516136697,2-3
8.026752630039105,3,11.394873601856517,2,66.66666666666666,-21.928659653229055,2-3
6.156696828832031,2,10.833856861494395,1,50.0,-45.186606342335935,2-3
14.60922650055691,11,13.369615763011858,2,18.181818181818183,-73.92056254504952,8-15
7.682128509652694,2,11.291486365740594,1,50.0,-42.135742980694616,2-3
22.144237027344975,3,15.630118921048277,0,0.0,-100.0,2-3
9.006023935576836,2,11.688654993517837,0,0.0,-100.0,2-3
18.404986703501,4,14.508343823895087,0,0.0,-100.0,4-7
8.308894208341275,8,11.479516075347169,3,37.5,-55.66165868748809,8-15
5.7553642102489,11,10.713457075919456,2,18.181818181818183,-80.35973511981899,8-15
25.688584561626143,5,16.69342318133263,0,0.0,-100.0,4-7
36.304076736996734,4,19.878070833943806,1,25.0,-42.44592326300326,4-7
26.67084771769216,5,16.988102128152434,0,0.0,-100.0,4-7
6.358041627968386,3,10.894260301235303,1,33.33333333333333,-63.1892778293755,2-3
53.50893257607069,3,25.039527585665994,0,0.0,-100.0,2-3
10.955818924883163,13,12.273593490309736,3,23.076923076923077,-70.27155176164631,8-15
12.5881509173379,9,12.763293088046158,0,0.0,-100.0,8-15
42.703838808977636,2,21.797999455538076,1,50.0,27.90767761795527,2-3
23.373535878841487,6,15.99890857649723,1,16.666666666666664,-70.25097608077235,4-7
16.294081647522756,2,13.875072307101613,0,0.0,-100.0,2-3
14.59080017241183,8,13.364087864568337,1,12.5,-82.07959991379408,8-15
32.433489990258266,9,18.716894809922263,2,22.22222222222222,-52.28134223088154,8-15
14.897805751678655,1,13.456189538348381,0,0.0,-100.0,1
15.023727496945641,2,13.493966061928479,0,0.0,-100.0,2-3
11.960793812292598,9,12.575085956532567,1,11.11111111111111,-85.23964719453662,8-15
9.56255016460714,2,11.855612862226927,0,0.0,-100.0,2-3
17.315730502709563,1,14.181566963657655,0,0.0,-100.0,1
34.205288638185905,4,19.248434404300557,1,25.0,-44.5447113618141,4-7
5.017974400282958,19,10.492240132929673,0,0.0,-100.0,16+
16.017722134111505,6,13.792164453078238,1,16.666666666666664,-75.15485191059234,4-7
10.529967289517677,3,12.145837999700088,1,33.33333333333333,-57.62671028064309,2-3
14.011451146538196,6,13.190283156806245,2,33.33333333333333,-52.98473180461575,4-7
12.185559798140106,11,12.642515752286817,0,0.0,-100.0,8-15
15.37754526431145,7,13.60011139213822,1,14.285714285714285,-79.06997413467917,4-7
37.59920241163477,18,20.26660853633522,5,27.77777777777778,-34.61199732040581,16+
10.860185121472501,10,12.244903349286536,1,10.0,-87.155925951411,8-15
32.224914249653985,6,18.654322087740983,1,16.666666666666664,-64.35005716689733,4-7
21.81417413202558,3,15.531100052452459,0,0.0,-100.0,2-3
44.16204151659839,5,22.2354602678243,1,20.0,-47.67036678672129,4-7
5.293561799856071,5,10.574916352801607,0,0.0,-100.0,4-7
4.269643315345944,2,10.26774080744857,0,0.0,-100.0,2-3
14.580766319675414,6,13.361077708747409,0,0.0,-100.0,4-7
20.044742544426004,2,15.000270576172586,0,0.0,-100.0,2-3
31.37442864149065,3,18.399176405291982,0,0.0,-100.0,2-3
9.223672292015237,2,11.753949500449357,0,0.0,-100.0,2-3
2.8353207029237426,6,9.837444023721908,1,16.666666666666664,-83.94311953138417,4-7
51.71015596690983,14,24.499894602917735,2,14.285714285714285,-58.30848230462294,8-15
14.239246876660557,6,13.258621875842952,1,16.666666666666664,-76.3405020822263,4-7
31.204140644907042,3,18.348090006316898,0,0.0,-100.0,2-3
7.5767273122216805,2,11.25986600651129,0,0.0,-100.0,2-3
14.802065116902682,3,13.42746734791559,1,33.33333333333333,-51.93057984412975,2-3
5.665151784853752,1,10.68639334830091,0,0.0,-100.0,1
49.36715757845542,12,23.79699508638141,1,8.333333333333332,-76.46094747384818,8-15
12.857017010355495,9,12.843952915951434,1,11.11111111111111,-84.84132577317534,8-15
4.388116598817449,2,10.30328279249002,0,0.0,-100.0,2-3
39.36397902443538,5,20.7960415201754,2,40.0,-3.017633560903385,4-7
14.811369414976502,16,13.430258637337737,1,6.25,-90.98465764625587,16+
46.35676667913538,9,22.8938778165854,3,33.33333333333333,-9.857644427819501,8-15
19.86582301718687,9,14.946594718000847,0,0.0,-100.0,8-15
17.088720050923754,5,14.113463828121914,1,20.0,-69.32902395926098,4-7
32.36153727915291,11,18.695308996590658,4,36.36363636363637,-22.019582139413952,8-15
9.437098071508817,3,11.81797723429743,0,0.0,-100.0,2-3
13.894686781554762,1,13.155253847311215,0,0.0,-100.0,1
21.38600078995042,7,15.402648049829912,1,14.285714285714285,-75.63657097717119,4-7
27.71661589444952,2,17.301832581179642,0,0.0,-100.0,2-3
19.008536831332883,9,14.689408862244651,2,22.22222222222222,-64.21463392770411,8-15
3.1444272650481637,6,9.930175992359235,1,16.666666666666664,-83.73704848996789,4-7
18.602144937446464,8,14.567491294078724,1,12.5,-80.07392753127677,8-15
14.307641243638075,14,13.279140185936209,2,14.285714285714285,-79.68134786077825,8-15
18.543346513904684,4,14.549851767016191,0,0.0,-100.0,4-7
16.928850448460373,3,14.0655029473829,1,33.33333333333333,-49.0948660687195,2-3
16.94156482295842,2,14.069317259732312,0,0.0,-100.0,2-3
20.388770101225823,1,15.103478843212534,0,0.0,-100.0,1
32.13397549396993,1,18.62704046103576,0,0.0,-100.0,1
8.03533169866511,3,11.39744732244432,1,33.33333333333333,-60.952891068446526,2-3
14.011745347864057,20,13.190371417204002,0,0.0,-100.0,16+
8.159558738551917,3,11.43471543441036,0,0.0,-100.0,2-3
12.564936336801491,7,12.756328713885235,0,0.0,-100.0,4-7
18.736371862915462,2,14.607759371719425,0,0.0,-100.0,2-3
7.393263881903227,5,11.204826977415754,0,0.0,-100.0,4-7
20.981271176270422,7,15.281229165725913,1,14.285714285714285,-75.8678450421312,4-7
20.5093685810494,7,15.139658387159605,3,42.857142857142854,-28.41251100391531,4-7
8.277226094742296,9,11.470015641267475,0,0.0,-100.0,8-15
12.945663331836865,2,12.870546812395844,1,50.0,-31.608673336326266,2-3
2.773750881300925,8,9.818973077235063,1,12.5,-87.98812455934954,8-15
9.557438869351897,2,11.854079473650355,0,0.0,-100.0,2-3
12.981221803863871,4,12.881214354003948,0,0.0,-100.0,4-7
11.418290559949607,16,12.41233498082967,2,12.5,-83.6658547200252,16+
3.521664751486337,4,10.043347238290687,0,0.0,-100.0,4-7
7.025191779118867,3,11.094405346580446,1,33.33333333333333,-62.29974429450817,2-3
15.727284628205949,7,13.705033201306572,3,42.857142857142854,-36.6103692087898,4-7
36.54810730811736,9,19.951280005279994,1,11.11111111111111,-74.31195230750339,8-15
26.367698134865975,3,16.897157253304577,0,0.0,-100.0,2-3
19.217411507872892,5,14.752071265206654,0,0.0,-100.0,4-7
24.604764059889476,7,16.36827703081163,1,14.285714285714285,-73.79727768006316,4-7
40.27783105173519,4,21.070197128365344,0,0.0,-100.0,4-7
6.244785902478391,5,10.860283583588304,2,40.0,-56.00834255603458,4-7
38.81456213754457,5,20.631216454108156,2,40.0,-3.8967005799287,4-7
23.51905505839632,4,16.042564330363682,2,50.0,-10.461889883207368,4-7
33.67621185146282,3,19.08971136828363,0,0.0,-100.0,2-3
6.953223792489499,15,11.072814950591637,1,6.666666666666667,-92.47914032200279,8-15
13.960176419230097,4,13.174900738613815,0,0.0,-100.0,4-7
30.076247526222765,8,18.009722070711614,1,12.5,-74.33687623688861,8-15
15.917661368720726,6,13.762146223461002,1,16.666666666666664,-75.22155908751952,4-7
12.88451512615868,9,12.85220235069239,2,22.22222222222222,-69.65820877674784,8-15
41.03946249722703,7,21.298686562012893,1,14.285714285714285,-64.40602143015597,4-7
16.945115853492652,4,14.070382568892581,0,0.0,-100.0,4-7
18.882459259910934,3,14.651585590818067,0,0.0,-100.0,2-3
36.72855308630233,6,20.005413738735484,2,33.33333333333333,-22.695262551596908,4-7
39.08238610483881,3,20.71156364429643,1,33.33333333333333,-19.556818526881592,2-3
7.8068692348201605,5,11.328908583290834,0,0.0,-100.0,4-7
16.955959221668575,6,14.073635579345359,0,0.0,-100.0,4-7
27.028507976765255,4,17.095400205874363,2,50.0,-3.4429840464695007,4-7
42.63161778363553,6,21.776333147935446,2,33.33333333333333,-14.824509621819296,4-7
8.576553947744458,4,11.559813997168122,0,0.0,-100.0,4-7
28.63934898331185,5,17.578652507838342,0,0.0,-100.0,4-7
15.654155330472767,4,13.683094411986616,0,0.0,-100.0,4-7
37.767405303393446,1,20.31706940386282,0,0.0,-100.0,1
9.11288379402516,10,11.720712951052334,1,10.0,-87.85484648238993,8-15
38.9503805671976,6,20.671961983004067,2,33.33333333333333,-19.7328259104032,4-7
24.36287561448999,19,16.295710497191784,1,5.263157894736842,-90.3972893443179,16+
14.411604871185798,10,13.310329274200525,1,10.0,-85.73535805152568,8-15
4.721036345893961,10,10.403158716612975,0,0.0,-100.0,8-15
23.6069351025124,5,16.068928343598508,0,0.0,-100.0,4-7
17.814798982896406,2,14.331287507713707,0,0.0,-100.0,2-3
3.1786803077735635,4,9.940451905176856,0,0.0,-100.0,4-7
39.46582866367712,7,20.82659641194792,1,14.285714285714285,-65.30524076361307,4-7
14.05364282920715,3,13.202940661606933,0,0.0,-100.0,2-3
36.01898645305015,1,19.79254374875983,1,100.0,129.07594581220064,1
25.156026994293697,8,16.533655911132893,2,25.0,-53.59397300570631,8-15
41.41153749325152,10,21.410309060820243,1,10.0,-74.93538500269939,8-15
1.392018072733522,14,9.404453234664842,1,7.142857142857142,-93.530851979219,8-15
21.275579961789628,4,15.369521801381675,0,0.0,-100.0,4-7
47.938210117194785,2,23.368310848003222,0,0.0,-100.0,2-3
9.048919328282299,6,11.701523611329476,0,0.0,-100.0,4-7
20.270958655286965,20,15.068135409430875,1,5.0,-91.69580826894261,16+
5.6760082240705385,7,10.68965028006595,1,14.285714285714285,-84.6137095862454,4-7
48.24713218515814,10,23.460987468392226,3,30.0,-16.60344137781023,8-15
15.045111041648148,1,13.500381125339231,0,0.0,-100.0,1
22.90143246695801,3,15.857277552932189,2,66.66666666666666,17.737153245221343,2-3
16.186761058266896,13,13.842876130324855,0,0.0,-100.0,8-15
32.46616546150809,5,18.726697451297213,3,60.0,28.918797107619408,4-7
12.344211226996185,2,12.690111180943642,0,0.0,-100.0,2-3
13.276647866254995,7,12.969842172721286,0,0.0,-100.0,4-7
18.229448156485805,4,14.455682259790528,2,50.0,-21.041103687028382,4-7
4.061384907940923,15,10.205263285227064,1,6.666666666666667,-93.25029735788242,8-15
2.5358758270431827,4,9.74761056095774,0,0.0,-100.0,4-7
23.666848619884263,1,16.086902398810064,0,0.0,-100.0,1
3.1526449492175956,3,9.932641297610065,0,0.0,-100.0,2-3
14.565252502616127,6,13.356423563629624,3,50.0,-28.369494994767763,4-7
8.649086300222837,3,11.581573702911637,0,0.0,-100.0,2-3
17.585785144819447,6,14.26258335629062,3,50.0,-22.32842971036111,4-7
29.94621203358061,16,17.97071142291897,2,12.5,-74.40189398320969,16+
29.900342717233023,12,17.95695062801469,1,8.333333333333332,-82.94988576092233,8-15
18.671769382516885,2,14.588378627599852,0,0.0,-100.0,2-3
21.132797545742893,5,15.326687076567655,0,0.0,-100.0,4-7
30.88324294353231,5,18.251820695904478,0,0.0,-100.0,4-7
22.26036755987297,9,15.664958080806676,2,22.22222222222222,-61.32411772455736,8-15
11.22496042350744,5,12.354335939897018,0,0.0,-100.0,4-7
3.259414160307979,6,9.964672060937179,1,16.666666666666664,-83.66039055979468,4-7
32.493483629487976,7,18.73489290169118,2,28.57142857142857,-38.578875852013745,4-7
49.941697641909116,8,23.969357105417522,1,12.5,-64.40415117904544,8-15
12.395842568695121,2,12.705600583453322,0,0.0,-100.0,2-3
14.383647599088754,6,13.301942092571412,2,33.33333333333333,-52.48846986788166,4-7
2.5432483798914296,8,9.749822326812216,1,12.5,-88.10337581005427,8-15
13.762841665193545,1,13.11570031240285,0,0.0,-100.0,1
16.194122586827778,1,13.845084588893119,0,0.0,-100.0,1
9.973684455788593,6,11.978953149581365,1,16.666666666666664,-79.1842103628076,4-7
9.13047062800761,2,11.72598900124707,0,0.0,-100.0,2-3
18.60518470097042,6,14.568403223135912,0,0.0,-100.0,4-7
17.15426612818233,4,14.133127651299485,0,0.0,-100.0,4-7
9.880176374901048,3,11.9509007253151,0,0.0,-100.0,2-3
32.97299667115796,4,18.87874681419217,0,0.0,-100.0,4-7
1.0327737973652797,11,9.29667995205437,0,0.0,-100.0,8-15
29.84521746760576,3,17.940413053126512,0,0.0,-100.0,2-3
9.834222638777137,9,11.937114604477927,0,0.0,-100.0,8-15
16.033982229244003,3,13.797042481617988,0,0.0,-100.0,2-3
23.85076408647192,6,16.14207703878636,1,16.666666666666664,-69.93282394235204,4-7
20.15225933479059,8,15.032525613281964,2,25.0,-58.59774066520941,8-15
12.798451203722012,3,12.82638317396139,0,0.0,-100.0,2-3
11.443138492113365,14,12.419789360478795,1,7.142857142857142,-90.65910328796761,8-15
16.40737150728578,3,13.909059265030521,0,0.0,-100.0,2-3
32.6539682684606,6,18.783038293382965,2,33.33333333333333,-28.1280423087192,4-7
22.352948276267693,14,15.692732295725092,2,14.285714285714285,-75.08402955641846,8-15
8.559189032691904,1,11.554604522652356,0,0.0,-100.0,1
42.17295767407262,7,21.63873511506657,2,28.57142857142857,-27.51661980105986,4-7
4.57761631842948,7,10.360132708373628,0,0.0,-100.0,4-7
35.92657603501511,10,19.76482062334932,0,0.0,-100.0,8-15
26.016956321397412,11,16.79193470926401,1,9.090909090909092,-82.81201588312821,8-15
5.09937815956592,2,10.516661260714564,0,0.0,-100.0,2-3
32.206864877142195,3,18.648907275987444,1,33.33333333333333,-28.724180163810402,2-3
26.730823783987322,2,17.006094948040985,0,0.0,-100.0,2-3
24.393877516857167,1,16.305011067901937,0,0.0,-100.0,1
9.167901346419704,3,11.737218216770698,0,0.0,-100.0,2-3
17.08509053917398,10,14.11237497459698,1,10.0,-84.66596378433042,8-15
11.94220440755914,5,12.569509135112527,1,20.0,-73.44623647395268,4-7
22.839649196665395,4,15.838742571844405,0,0.0,-100.0,4-7
7.260872661834355,5,11.165109611395094,0,0.0,-100.0,4-7
44.124002510575586,4,22.224048566017462,1,25.0,-34.625997489424414,4-7
19.976859411817706,6,14.979905636390098,3,50.0,-17.546281176364598,4-7
14.318536329105305,12,13.282408711576377,1,8.333333333333332,-88.14382122363156,8-15
24.75345596827203,12,16.412884603326393,2,16.666666666666664,-69.33102935448532,8-15
41.16465223411782,6,21.336243483080132,0,0.0,-100.0,4-7
11.265991859667302,2,12.366645370744976,1,50.0,-34.968016280665395,2-3
32.034509521658364,8,18.597200669342296,3,37.5,-20.073235717512453,8-15
19.887953861838035,9,14.953233971396196,2,22.22222222222222,-63.432929900588405,8-15
15.817772051776641,14,13.732179428377778,0,0.0,-100.0,8-15
1.9173883261345344,9,9.562064310685146,2,22.22222222222222,-79.40676593232486,8-15
21.510775968939612,5,15.440080603526669,0,0.0,-100.0,4-7
27.39900328105461,11,17.20654879716117,2,18.181818181818183,-64.61890670468755,8-15
34.8746868326547,8,19.449253862641196,1,12.5,-71.93765658367265,8-15
28.951562088766895,4,17.672316439474855,1,25.0,-49.79843791123311,4-7
16.47670166504695,6,13.92985831235887,1,16.666666666666664,-74.84886555663537,4-7
9.474898928639119,3,11.829317491436523,1,33.33333333333333,-59.03346809514783,2-3
2.184455092934222,9,9.642184340725054,2,22.22222222222222,-79.16937325072514,8-15
30.420218117440296,2,18.11291324807687,0,0.0,-100.0,2-3
24.910081833570498,3,16.459872362915938,1,33.33333333333333,-38.453224221906,2-3
17.64237000866333,3,14.279558815443785,0,0.0,-100.0,2-3
8.748046102525628,6,11.611261643602475,0,0.0,-100.0,4-7
3.881409858608941,3,10.15127077042747,0,0.0,-100.0,2-3
42.163727964562135,7,21.635966202213424,3,42.857142857142854,8.709247939249389,4-7
40.19783724209328,8,21.04619898547277,4,50.0,22.895674484186564,8-15
51.319881325495174,6,24.382812210493338,0,0.0,-100.0,4-7
43.367460731789755,7,21.997086032381713,2,28.57142857142857,-26.15147344938314,4-7
16.906937935973268,10,14.058929193636766,1,10.0,-84.7372248256107,8-15
7.647884527237106,5,11.281213171015917,0,0.0,-100.0,4-7
14.470454645966392,5,13.327984206634703,0,0.0,-100.0,4-7
8.917821147254937,3,11.662194157021267,0,0.0,-100.0,2-3
10.631228303971202,11,12.176216304036148,0,0.0,-100.0,8-15
24.85416162866526,2,16.443096301444363,0,0.0,-100.0,2-3
8.571589295594242,8,11.55832460152306,0,0.0,-100.0,8-15
20.843816398018124,3,15.239992732250224,0,0.0,-100.0,2-3
5.983081529863649,3,10.78177227180388,0,0.0,-100.0,2-3
19.92470736181966,3,14.964260021390686,1,33.33333333333333,-45.100390184240446,2-3
17.14972260674333,4,14.131764594867786,1,25.0,-61.600277393256675,4-7
43.631604405263815,5,22.07632913442393,2,40.0,3.810567048422105,4-7
6.274482671928087,12,10.869192614423213,0,0.0,-100.0,8-15
12.837785364178094,2,12.838183422098215,0,0.0,-100.0,2-3
13.243631157632201,4,12.959937160134446,3,75.0,3.4808934728966054,4-7
32.88733696438433,3,18.853048902160086,0,0.0,-100.0,2-3
15.500451867991952,2,13.636983373242373,0,0.0,-100.0,2-3
24.737009655652397,4,16.407950709540504,2,50.0,-8.0259806886952,4-7
20.47386393465587,9,15.129006993241548,0,0.0,-100.0,8-15
6.8857515146053245,4,11.052573267226384,0,0.0,-100.0,4-7
9.337349501905647,5,11.78805266341648,0,0.0,-100.0,4-7
28.10241823215084,4,17.417573282490036,0,0.0,-100.0,4-7
23.346118106333083,1,15.99068324474471,0,0.0,-100.0,1
13.505780496567363,4,13.038581961814993,0,0.0,-100.0,4-7
3.2364588221528265,4,9.957785459490633,0,0.0,-100.0,4-7
8.20655300050824,1,11.448813712997257,0,0.0,-100.0,1
20.858883933016276,7,15.244512992749668,3,42.857142857142854,-27.81334182911496,4-7
9.361551271603375,3,11.795313194325798,0,0.0,-100.0,2-3
45.30385814739053,3,22.578005257061946,0,0.0,-100.0,2-3
58.5800062460556,1,26.56084968666147,1,100.0,219.3200249842224,1
15.23064868487434,3,13.556042418307088,0,0.0,-100.0,2-3
28.686477107367626,3,17.59279094505507,0,0.0,-100.0,2-3
22.822352096668638,4,15.833553441845376,0,0.0,-100.0,4-7
31.456738717793147,9,18.42386942818273,3,33.33333333333333,-29.72434837627581,8-15
53.65937133980688,6,25.084659214786853,1,16.666666666666664,-50.06041910679541,4-7
22.195109361387217,11,15.645380621260951,4,36.36363636363637,-36.80711365616404,8-15
0.8693056001817681,11,9.247639492899317,2,18.181818181818183,-83.9132322907769,8-15
21.306513382928134,9,15.378801827723226,1,11.11111111111111,-81.08599405203194,8-15
37.8843214025062,4,20.352144233596647,1,25.0,-40.8656785974938,4-7
3.61858157640302,6,10.072422285765692,0,0.0,-100.0,4-7
45.15324593763454,3,22.532821594135143,0,0.0,-100.0,2-3
45.80438724304724,10,22.728163985758957,2,20.0,-46.35649020556221,8-15
33.13942549488984,5,18.92867546131174,2,40.0,-12.976919208176243,4-7
5.293053221121284,11,10.574763779181172,2,18.181818181818183,-80.69596129372998,8-15
16.40410036293309,7,13.908077921724713,1,14.285714285714285,-78.48337122118109,4-7
9.860258637214976,1,11.944925404009279,0,0.0,-100.0,1
18.76790704520316,2,14.617219926405733,0,0.0,-100.0,2-3
8.507367269704485,7,11.539057993756133,0,0.0,-100.0,4-7
38.040545085854625,5,20.399011338601174,3,60.0,42.29730820605112,4-7
14.385684487487094,4,13.302553159090913,1,25.0,-64.3643155125129,4-7
13.20249079256409,4,12.947595050614014,1,25.0,-65.54750920743591,4-7
14.233502983328128,6,13.256898707843224,1,16.666666666666664,-76.34433134444791,4-7
11.001734917371401,3,12.287368288056207,0,0.0,-100.0,2-3
17.939550115506904,2,14.368712847496855,0,0.0,-100.0,2-3
2.8769944196147796,10,9.84994613872922,1,10.0,-90.34920223215408,8-15
22.139539089707093,1,15.628709539756914,0,0.0,-100.0,1
8.375032265574143,8,11.49935749251703,2,25.0,-70.37496773442587,8-15
30.986032586339903,1,18.282657588746755,0,0.0,-100.0,1
32.61550901814309,4,18.771500518287713,2,50.0,7.731018036286168,4-7
32.38977906272465,1,18.70378153166218,1,100.0,114.55911625089858,1
24.482870945323885,4,16.33170909644195,1,25.0,-54.26712905467611,4-7
20.22371169253266,9,15.053961320604584,0,0.0,-100.0,8-15
34.57931458777468,9,19.36064218917719,1,11.11111111111111,-75.18697129432238,8-15
25.08691845164336,2,16.512923348337793,0,0.0,-100.0,2-3
24.873028444616548,3,16.44875634622975,1,33.33333333333333,-38.50262874051128,2-3
29.529007497178224,2,17.845550061998253,1,50.0,1.5580149943564356,2-3
38.514090112720254,4,20.541074846660862,0,0.0,-100.0,4-7
48.32087166078775,11,23.48310931108111,2,18.181818181818183,-49.40300242851801,8-15
4.548648628995962,2,10.351442401543574,1,50.0,-48.40270274200808,2-3
28.739343748447283,7,17.608650937378968,0,0.0,-100.0,4-7
8.120469628347509,5,11.42298870134904,2,40.0,-53.007248594644,4-7
19.290778378596414,4,14.77408132642371,0,0.0,-100.0,4-7
8.17479458418408,4,11.43928618810001,2,50.0,-41.150410831631845,4-7
13.787158253072237,9,13.122995288766456,1,11.11111111111111,-84.42792966530122,8-15
5.165396862172864,17,10.536466871496645,1,5.88235294117647,-93.78461250301815,16+
33.99116748109668,4,19.18419805717379,0,0.0,-100.0,4-7
25.861598300417644,7,16.74532730297008,2,28.57142857142857,-46.15817337095126,4-7
46.59194910390995,3,22.96443254401777,0,0.0,-100.0,2-3
33.702676278169925,6,19.097650696295762,1,16.666666666666664,-63.36488248122005,4-7
4.945667966493815,3,10.470548202792932,0,0.0,-100.0,2-3
39.64917392865093,4,20.881599991440066,2,50.0,21.79834785730185,4-7
9.690361623302705,3,11.893956299835597,0,0.0,-100.0,2-3
22.36260099946616,3,15.695628112684634,0,0.0,-100.0,2-3
6.9006033324114755,6,11.057028812568229,0,0.0,-100.0,4-7
43.31416800125016,24,21.981098213219834,6,25.0,-35.43583199874985,16+
9.05737642708551,1,11.70406074097044,0,0.0,-100.0,1
12.08123176468166,4,12.611217342249285,0,0.0,-100.0,4-7
39.33301669957545,6,20.78675282271742,2,33.33333333333333,-19.22264440056606,4-7
14.848703759666614,3,13.441458940744772,0,0.0,-100.0,2-3
43.62077756323085,3,22.073081081814045,1,33.33333333333333,-13.505629915692202,2-3
18.548381253364845,12,14.551362188854238,1,8.333333333333332,-86.73387291554505,8-15
13.887215721198883,6,13.15301252920445,1,16.666666666666664,-76.57518951920075,4-7
3.134184638478408,8,9.927103204388308,0,0.0,-100.0,8-15
30.58082397641741,11,18.161095005770008,3,27.27272727272727,-43.45728293481738,8-15
44.07317488803182,2,22.20880027925433,0,0.0,-100.0,2-3
22.595052293042738,2,15.765363500757607,1,50.0,-12.309895413914509,2-3
48.896586870593964,14,23.655823874022975,1,7.142857142857142,-79.95811803697316,8-15
11.582449342170452,8,12.461582615495923,1,12.5,-83.58377532891478,8-15
27.671309450461308,4,17.288240647983177,2,50.0,-2.1573810990773925,4-7
14.543649444412432,7,13.349942646168516,1,14.285714285714285,-79.54648603176432,4-7
45.65107106735988,4,22.68216913305275,0,0.0,-100.0,4-7
14.953194626378306,5,13.472806200758278,0,0.0,-100.0,4-7
21.593887501903623,10,15.465014063415872,3,30.0,-48.58733499771566,8-15
32.41671200326785,3,18.71186141382514,0,0.0,-100.0,2-3
37.55320921739375,2,20.25281057806291,2,100.0,135.212836869575,2-3
46.54963837699817,12,22.95173932594424,2,16.666666666666664,-54.800241082001236,8-15
3.756111207362947,20,10.11368117505367,2,10.0,-89.99755551705482,16+
34.74149997564392,3,19.40929780553796,0,0.0,-100.0,2-3
18.574595553184718,2,14.559226478800202,0,0.0,-100.0,2-3
21.19111253267538,6,15.3441815726474,1,16.666666666666664,-71.70592497821642,4-7
21.041600452535327,5,15.299327948605384,1,20.0,-66.16671963797174,4-7
6.868643825311533,1,11.047440960438246,0,0.0,-100.0,1
25.35949957174582,4,16.59469768436853,1,25.0,-53.390500428254185,4-7
10.889605012511737,17,12.253729316598307,3,17.647058823529413,-77.31321999116818,16+
6.440678186630873,6,10.919051268834048,1,16.666666666666664,-81.53954787557942,4-7
29.655603951316373,3,17.883528998239697,0,0.0,-100.0,2-3
30.110782407226715,6,18.0200825350128,1,16.666666666666664,-65.75947839518219,4-7
34.755451873974486,6,19.41348337503713,0,0.0,-100.0,4-7
15.856326962144546,5,13.74374590148815,0,0.0,-100.0,4-7
44.22510328359333,1,22.254378797922783,0,0.0,-100.0,1
15.999418938469368,3,13.786673494385596,0,0.0,-100.0,2-3
41.15722385726406,3,21.334014970024,1,33.33333333333333,-16.790368190314584,2-3
36.15956566528551,8,19.834717512430437,2,25.0,-42.59043433471449,8-15
12.89654835225946,7,12.855812318522625,0,0.0,-100.0,4-7
14.478794535214421,5,13.330486173409112,0,0.0,-100.0,4-7
20.754519782431338,4,15.21320374757419,1,25.0,-57.99548021756866,4-7
50.12058417356391,3,24.023023064913957,0,0.0,-100.0,2-3
13.44971486375094,6,13.021762271970067,2,33.33333333333333,-53.73371351499875,4-7
23.69820510784718,3,16.09630934519894,0,0.0,-100.0,2-3
21.41481426447727,3,15.411292092187967,1,33.33333333333333,-43.113580980696966,2-3
15.23505678386571,7,13.5573648480045,4,57.14285714285714,-16.60558449402123,4-7
43.279615914237354,17,21.970732587115993,4,23.52941176470588,-39.26624384542367,16+
14.081908772208507,1,13.211420444507338,0,0.0,-100.0,1
21.11906831924498,1,15.322568308618282,0,0.0,-100.0,1
23.54387556668395,3,16.05001048284997,0,0.0,-100.0,2-3
32.15259029535486,14,18.632624901451244,4,28.57142857142857,-38.96846823388016,8-15
21.579362347218968,11,15.460656517010477,1,9.090909090909092,-84.4256864191931,8-15
12.201717713816238,2,12.647363126989658,0,0.0,-100.0,2-3
40.854032632683804,4,21.243057602649927,1,25.0,-37.895967367316196,4-7
0.6135896536305973,3,9.170924708933965,0,0.0,-100.0,2-3
16.318987777980468,9,13.882544146238926,1,11.11111111111111,-83.30267209867534,8-15
17.327163940253726,3,14.184996994920903,0,0.0,-100.0,2-3
32.30281149494776,19,18.677691261329116,3,15.789473684210526,-66.1771716874014,16+
13.02300864267407,7,12.893750405647006,1,14.285714285714285,-80.41542363275768,4-7
29.067788635830265,5,17.707184403593864,0,0.0,-100.0,4-7
19.664482805619343,4,14.88619265453059,1,25.0,-59.08551719438066,4-7
25.92381087914115,6,16.763991076587132,0,0.0,-100.0,4-7
33.06871413863088,6,18.907462054434053,0,0.0,-100.0,4-7
26.370487821440207,7,16.89799415927685,1,14.285714285714285,-72.78829267346273,4-7
33.032707480424875,6,18.896660056972248,0,0.0,-100.0,4-7
23.60783424096336,9,16.06919808513379,2,22.22222222222222,-60.12636956358812,8-15
11.566972677672585,6,12.456939616146562,0,0.0,-100.0,4-7
9.071645214917138,3,11.708341377319927,0,0.0,-100.0,2-3
27.74818689897942,5,17.311303882538613,0,0.0,-100.0,4-7
9.88448533803153,8,11.952193414254245,0,0.0,-100.0,8-15
2.6725266145999433,3,9.78860579722477,0,0.0,-100.0,2-3
48.13076794297093,2,23.426078195736064,0,0.0,-100.0,2-3
48.09691729399457,5,23.41592300104316,2,40.0,10.955067670391305,4-7
9.082945323218366,3,11.711731409810296,0,0.0,-100.0,2-3
14.676486963435012,4,13.38979390187529,0,0.0,-100.0,4-7
11.091811388332847,3,12.31439122934464,1,33.33333333333333,-56.877584815556204,2-3
26.29701760728492,3,16.875953095030262,0,0.0,-100.0,2-3
11.131690955087647,3,12.326355099371082,0,0.0,-100.0,2-3
13.166642223222693,6,12.936840479811595,1,16.666666666666664,-77.05557185118487,4-7
30.45387344830465,7,18.12300984733618,1,14.285714285714285,-70.45492945811162,4-7
6.480872153586416,2,10.93110945892071,0,0.0,-100.0,2-3
22.55054954143433,8,15.752012675275084,1,12.5,-78.09972522928284,8-15
6.258047319123968,6,10.864262008581976,1,16.666666666666664,-81.6613017872507,4-7
9.912488806595787,26,11.960594454823523,3,11.538461538461538,-85.61731285849426,16+
5.396234959256415,4,10.60571830062171,0,0.0,-100.0,4-7
16.965624445650356,6,14.076535146539893,1,16.666666666666664,-74.5229170362331,4-7
22.36755386647917,6,15.697113972788538,1,16.666666666666664,-70.92163075568055,4-7
1.8772297099226072,19,9.550016725821568,0,0.0,-100.0,16+
16.939467877383528,7,14.068688176059844,0,0.0,-100.0,4-7
5.239258371026537,12,10.558625324152747,2,16.666666666666664,-82.34049441931565,8-15
52.04339050709458,5,24.599864964973158,2,40.0,17.269424811351332,4-7
33.31714754385184,8,18.98199207600034,2,25.0,-45.43285245614817,8-15
20.197541168301488,1,15.046110163335232,1,100.0,65.79016467320594,1
34.417478487593094,2,19.312091359122714,1,50.0,11.334956975186177,2-3
14.373342754981683,16,13.29885063933929,3,18.75,-73.28249293376373,16+
29.55672892254367,3,17.853866489607885,1,33.33333333333333,-32.257694769941786,2-3
9.076429937194586,4,11.709776794003163,0,0.0,-100.0,4-7
17.090451606384853,5,14.11398329476024,2,40.0,-38.65527742978424,4-7
9.039816451223064,4,11.698792748211705,0,0.0,-100.0,4-7
62.1872432905521,3,27.643020800010415,0,0.0,-100.0,2-3
2.3079145720618923,4,9.679222184463354,0,0.0,-100.0,4-7
4.3953507116252215,6,10.305453026332351,1,16.666666666666664,-82.90309952558319,4-7
10.073535140510474,10,12.008908354997928,0,0.0,-100.0,8-15
32.08433625887099,5,18.612148690506082,0,0.0,-100.0,4-7
15.908883874690897,2,13.759512975252056,0,0.0,-100.0,2-3
11.561050570722275,5,12.455162984061468,1,20.0,-73.75115954342219,4-7
28.473624493280987,3,17.528935160829082,0,0.0,-100.0,2-3
58.00042843217741,11,26.38697634249801,4,36.36363636363637,15.27335044680351,8-15
12.91812187007412,6,12.862284373867022,2,33.33333333333333,-54.44250417323451,4-7
27.256910999836382,9,17.1639211127957,3,33.33333333333333,-35.32411866688482,8-15
29.079250000492035,3,17.710622812992398,1,33.33333333333333,-32.89433333267729,2-3
10.595155751126981,2,12.16539453818288,0,0.0,-100.0,2-3
5.452155474599266,9,10.622494455224565,0,0.0,-100.0,8-15
10.921039849664359,12,12.263159767744094,0,0.0,-100.0,8-15
24.434344644736807,2,16.31715120626583,0,0.0,-100.0,2-3
18.965226209207398,1,14.676415675607005,0,0.0,-100.0,1
15.032597421202523,3,13.496627039205544,0,0.0,-100.0,2-3
9.29728663674743,5,11.776033803869016,0,0.0,-100.0,4-7
10.470806520628509,3,12.12808976903334,0,0.0,-100.0,2-3
22.872407061147978,6,15.84856993118918,2,33.33333333333333,-41.170123918469365,4-7
16.689457324600053,1,13.993685010224802,0,0.0,-100.0,1
15.775140576360716,5,13.719389985753,1,20.0,-70.37988753891142,4-7
0.6995173726318924,1,9.196703024634353,0,0.0,-100.0,1
12.268918930113504,6,12.667523491878837,0,0.0,-100.0,4-7
35.519806623497296,6,19.642789799893976,1,16.666666666666664,-62.1534622510018,4-7
35.254577580508425,1,19.563221086997313,0,0.0,-100.0,1
27.739925300223156,3,17.308825402911733,1,33.33333333333333,-34.68009959970246,2-3
29.922416902749266,11,17.963572883669563,1,9.090909090909092,-81.39184839900028,8-15
16.964801319644724,7,14.076288208738202,0,0.0,-100.0,4-7
33.209491402266266,6,18.949695233524665,1,16.666666666666664,-63.693672398489156,4-7
9.567900873481774,5,11.857218074889317,0,0.0,-100.0,4-7
34.67955727820913,4,19.390714996307523,1,25.0,-44.07044272179087,4-7
12.573772813485839,4,12.758979656890537,1,25.0,-66.17622718651415,4-7
26.233355871761127,1,16.856854574373124,0,0.0,-100.0,1
27.015787492422426,1,17.091584060571513,0,0.0,-100.0,1
17.559265747511642,6,14.25462753709828,3,50.0,-22.381468504976702,4-7
1.809315006104918,8,9.529642314676263,2,25.0,-76.94068499389508,8-15
45.64751024297044,2,22.681100885735916,0,0.0,-100.0,2-3
27.42671418339538,7,17.214862067863397,1,14.285714285714285,-72.1847347523455,4-7
19.912327665086035,2,14.960546112370595,0,0.0,-100.0,2-3
24.223328823540108,5,16.253846459906818,1,20.0,-63.62133694116792,4-7
4.688708502615895,7,10.393460363629556,0,0.0,-100.0,4-7
10.346727961999463,3,12.090866201444625,0,0.0,-100.0,2-3
33.407846611176076,4,19.00920179619761,1,25.0,-45.342153388823924,4-7
42.60774056141424,8,21.76916998126906,3,37.5,-4.213389157878628,8-15
8.872772911032571,5,11.648679686154557,0,0.0,-100.0,4-7
21.621806315505076,10,15.47338970749631,1,10.0,-82.85127747379796,8-15
19.023423222275596,4,14.693874779527466,1,25.0,-59.726576777724404,4-7
30.29899468700783,6,18.076546218947133,1,16.666666666666664,-65.63400354199477,4-7
14.67442259453205,11,13.3891745912044,2,18.181818181818183,-73.8731472039767,8-15
28.2746959277064,5,17.469256591156707,0,0.0,-100.0,4-7
31.927579363958486,11,18.565121622032333,4,36.36363636363637,-22.650793652424024,8-15
14.978606076068488,9,13.480429635665331,1,11.11111111111111,-83.8983972995251,8-15
26.228948906410803,6,16.855532484768027,0,0.0,-100.0,4-7
9.692762432776593,6,11.894676542677765,1,16.666666666666664,-79.37149171148226,4-7
34.54895142633356,1,19.351533240744857,1,100.0,123.19580570533428,1
5.540831083679632,2,10.649097137948676,0,0.0,-100.0,2-3
34.13357356818765,4,19.22691988330108,0,0.0,-100.0,4-7
34.903986916756494,3,19.458043887871735,1,33.33333333333333,-25.128017444324673,2-3
24.95998049571394,2,16.474841961558965,1,50.0,-7.580039008572112,2-3
20.54148479600057,2,15.149293251644957,0,0.0,-100.0,2-3
12.230712928286687,2,12.656061691330791,0,0.0,-100.0,2-3
30.306571189413813,7,18.07881916966893,0,0.0,-100.0,4-7
3.607762239118304,6,10.069176484580279,0,0.0,-100.0,4-7
13.369218901297279,1,12.99761348323397,0,0.0,-100.0,1
24.769218737648746,2,16.41761343413941,0,0.0,-100.0,2-3
14.024783835398091,6,13.194282963464213,1,16.666666666666664,-76.48347744306795,4-7
13.428233318470154,6,13.015317808385833,1,16.666666666666664,-76.88117778768657,4-7
17.76845000661776,3,14.317382814830113,1,33.33333333333333,-47.975399991176324,2-3
18.854420462297924,11,14.643173951534164,1,9.090909090909092,-85.41657437734621,8-15
4.952718253456975,7,10.47266328888188,1,14.285714285714285,-85.02701814088172,4-7
16.511696245740684,3,13.94035668656699,0,0.0,-100.0,2-3
24.50294291771553,14,16.337730688159443,4,28.57142857142857,-47.71092237975368,8-15
27.751906282256698,3,17.312419697521797,0,0.0,-100.0,2-3
33.318333345032386,5,18.9823478163545,0,0.0,-100.0,4-7
24.338708482959106,11,16.288460357732518,2,18.181818181818183,-66.84457564875702,8-15
1.9495778953937628,3,9.571721181462914,0,0.0,-100.0,2-3
51.46678569101063,3,24.426883520147975,2,66.66666666666666,93.9114285093617,2-3
26.00428881121357,12,16.78813445620886,3,25.0,-52.74571118878642,8-15
13.0594261968944,5,12.904675671913107,1,20.0,-72.55245904248447,4-7
15.438515019130344,4,13.61840231858389,1,25.0,-63.31148498086966,4-7
22.564014194029564,6,15.756052071053656,0,0.0,-100.0,4-7
9.20650519698001,3,11.748799371938789,0,0.0,-100.0,2-3
7.95785707039561,2,11.374204933963469,0,0.0,-100.0,2-3
16.771775565223578,4,14.01838048241186,0,0.0,-100.0,4-7
53.12924436384011,5,24.92562112199682,2,40.0,19.006790982144185,4-7
30.776032836961082,5,18.21965766393311,2,40.0,-16.75834746086228,4-7
8.660438886238907,5,11.584979478716459,0,0.0,-100.0,4-7
0.7715020205094004,9,9.218298418997605,0,0.0,-100.0,8-15
7.7272736504921555,11,11.305029907992434,3,27.27272727272727,-68.38842874491765,8-15
23.934255371424467,2,16.167124424272124,0,0.0,-100.0,2-3
14.784130272685452,3,13.422086894650423,0,0.0,-100.0,2-3
32.476059142576105,4,18.72966555561762,0,0.0,-100.0,4-7
9.681514677008527,10,11.891302215947345,2,20.0,-75.25478825839318,8-15
17.196930103137774,1,14.14592684378612,1,100.0,53.787720412551124,1
33.074120195223614,5,18.90908387141187,1,20.0,-56.540703843821106,4-7
9.231231850774522,10,11.756217368077143,3,30.0,-63.422521779070586,8-15
11.509426812925149,7,12.43967585672233,0,0.0,-100.0,4-7
17.87286895802352,4,14.348708500251842,1,25.0,-60.87713104197648,4-7
23.837456457761483,1,16.13808475017323,0,0.0,-100.0,1
17.500251333209686,2,14.236923212807692,0,0.0,-100.0,2-3
4.378059980940478,6,10.30026580712693,1,16.666666666666664,-82.91462667937301,4-7
9.640915941317498,5,11.879122595240036,0,0.0,-100.0,4-7
15.845099809375387,3,13.740377755657402,0,0.0,-100.0,2-3
14.331348418677118,8,13.286252338447921,1,12.5,-82.20932579066145,8-15
35.47125973957453,8,19.628225734717144,1,12.5,-71.63937013021274,8-15
42.19586996495396,4,21.645608802330973,0,0.0,-100.0,4-7
39.120926680007585,2,20.72312581684706,1,50.0,20.741853360015174,2-3
8.429059240365298,13,11.515565584954377,2,15.384615384615385,-81.73596354439059,8-15
35.718145028631795,9,19.702291321434323,1,11.11111111111111,-74.68082443171922,8-15
18.81965739126028,7,14.632745030222871,4,57.14285714285714,-8.41221167711935,4-7
12.17813847391683,5,12.640289355019835,0,0.0,-100.0,4-7
18.907183657049963,2,14.659002909959776,1,50.0,-19.685632685900064,2-3
19.96001032844972,6,14.974850911379702,0,0.0,-100.0,4-7
42.5318535262341,2,21.746403870715014,0,0.0,-100.0,2-3
29.345715388018572,4,17.790562429250357,1,25.0,-49.40428461198143,4-7
1.7010028606014131,1,9.49714867102521,0,0.0,-100.0,1
44.40469533792531,3,22.308256414222377,1,33.33333333333333,-12.460406216099594,2-3
2.60499751255308,7,9.76834706661071,0,0.0,-100.0,4-7
26.277900183988283,3,16.87021786804127,0,0.0,-100.0,2-3
32.775100693241,1,18.819378020817084,0,0.0,-100.0,1
29.281711004908693,1,17.771361114317394,1,100.0,102.12684401963476,1
5.92050551321949,3,10.762999466810633,0,0.0,-100.0,2-3
33.676916112686975,6,19.089922646650876,0,0.0,-100.0,4-7
26.070902943457646,7,16.80811869588208,1,14.285714285714285,-72.95948403230992,4-7
11.68700425747465,5,12.492949090087182,1,20.0,-73.65039659402028,4-7
9.645451531089726,1,11.880483272171706,0,0.0,-100.0,1
21.090810525528628,9,15.314090970503374,1,11.11111111111111,-81.18186198865395,8-15
20.112366440334945,8,15.02055774494527,1,12.5,-79.31881677983253,8-15
4.47838920547954,5,10.330364574488648,0,0.0,-100.0,4-7
29.326645015053458,8,17.784841317360826,2,25.0,-49.42335498494654,8-15
31.61463724988932,4,18.471238987811585,1,25.0,-47.13536275011068,4-7
4.808014603401223,6,10.429252193865153,2,33.33333333333333,-65.25598052879836,4-7
28.547673465645822,6,17.551149852538533,1,16.666666666666664,-66.80155102290279,4-7
31.371107227294843,10,18.398179981033238,2,20.0,-57.903114218164134,8-15
12.826668049868436,2,12.834848227805317,0,0.0,-100.0,2-3
49.51434837702738,3,23.841152325953,1,33.33333333333333,-5.647535497296837,2-3
11.89033896154011,4,12.55394950130682,0,0.0,-100.0,4-7
12.124145274486645,7,12.624091395190778,0,0.0,-100.0,4-7
10.115098827441722,7,12.021377461077302,0,0.0,-100.0,4-7
44.87261764436858,11,22.44863310615536,3,27.27272727272727,-27.866235297052466,8-15
17.830219551261063,4,14.335913678223106,1,25.0,-60.919780448738926,4-7
15.382433264489666,9,13.601577792191685,2,22.22222222222222,-67.43783709823141,8-15
8.546924211377794,1,11.550925076258125,0,0.0,-100.0,1
37.31528627554781,4,20.181433695509128,1,25.0,-41.43471372445219,4-7
9.907354082370292,2,11.959054037555873,0,0.0,-100.0,2-3
11.080266101829322,3,12.310927643393581,1,33.33333333333333,-56.89297853089425,2-3
2.776301687629603,5,9.819738319133666,0,0.0,-100.0,4-7
13.095482332179632,2,12.915492512498675,0,0.0,-100.0,2-3
5.483102950915947,8,10.63177869811957,0,0.0,-100.0,8-15
15.3627432831663,5,13.595670797794677,1,20.0,-70.70980537346695,4-7
29.116364863310572,7,17.72175727183796,2,28.57142857142857,-42.43844015621649,4-7
12.708393322007883,4,12.79936580944715,1,25.0,-66.04160667799212,4-7
12.578671892275661,1,12.760449380527483,0,0.0,-100.0,1
7.553344740549297,5,11.252851235009576,1,20.0,-76.95732420756056,4-7
42.791718377051886,12,21.82436332596035,3,25.0,-35.958281622948114,8-15
40.235894810027524,4,21.05761625585304,0,0.0,-100.0,4-7
28.136911827019528,2,17.427921360950645,0,0.0,-100.0,2-3
25.528072448626872,1,16.645269547432846,0,0.0,-100.0,1
7.611677337369946,3,11.27035101405577,0,0.0,-100.0,2-3
25.327752120342094,6,16.585173448947415,0,0.0,-100.0,4-7
20.298657463703755,12,15.076445051955915,1,8.333333333333332,-86.15044751209875,8-15
27.17055298093432,5,17.138013707125083,0,0.0,-100.0,4-7
2.2633520024482165,3,9.665853413579251,0,0.0,-100.0,2-3
11.215108120623132,9,12.351380249031726,0,0.0,-100.0,8-15
6.297068441766204,3,10.875968345374648,1,33.33333333333333,-63.27057541097839,2-3
11.466664105468064,6,12.426847044485205,0,0.0,-100.0,4-7
13.82232517177486,2,13.133545364377245,0,0.0,-100.0,2-3
19.448977011735007,7,14.821540916365288,1,14.285714285714285,-76.74344170757999,4-7
24.693689985707696,2,16.394954808557095,1,50.0,-8.112620028584624,2-3
36.96346179442691,2,20.07588635117286,1,50.0,16.42692358885382,2-3
10.085809062316384,10,12.012590531539702,0,0.0,-100.0,8-15
29.913496198237787,1,17.960896672316125,0,0.0,-100.0,1
20.553912244378765,5,15.153021486158416,1,20.0,-66.55687020449699,4-7
2.8545516500040122,4,9.84321330784599,0,0.0,-100.0,4-7
17.613593568400006,2,14.270925883364788,0,0.0,-100.0,2-3
39.26764770071242,6,20.767142123058512,1,16.666666666666664,-59.654901532858396,4-7
34.90236281989109,2,19.457556658812113,0,0.0,-100.0,2-3
14.62534348604173,5,13.374450858657305,2,40.0,-42.59945042233323,4-7
18.19748164996681,3,14.44609230783483,0,0.0,-100.0,2-3
28.24472397273719,1,17.460265004665942,0,0.0,-100.0,1
28.147238958883168,8,17.431019500509738,1,12.5,-75.30138052055841,8-15
21.081104878354637,5,15.311179276351178,0,0.0,-100.0,4-7
12.805071004135199,3,12.828369114085344,0,0.0,-100.0,2-3
33.55497365862835,4,19.05333991043329,2,50.0,9.609947317256683,4-7
11.884289917779764,6,12.552134788178716,2,33.33333333333333,-55.820946776293646,4-7
29.792688731789497,2,17.924654432381633,0,0.0,-100.0,2-3
6.722567117772556,3,11.003617948176553,0,0.0,-100.0,2-3
28.944597472458078,2,17.67022705458221,0,0.0,-100.0,2-3
6.12152605325812,4,10.823305628822222,1,25.0,-72.62847394674188,4-7
30.342082400142207,3,18.089472532887445,0,0.0,-100.0,2-3
35.859217363469256,17,19.744613021885563,4,23.52941176470588,-46.25014836379365,16+
18.49877955676212,3,14.536481679873422,0,0.0,-100.0,2-3
26.940358840063272,2,17.068955464863766,0,0.0,-100.0,2-3
32.77198633729906,3,18.818443714034505,0,0.0,-100.0,2-3
36.83117241026099,5,20.036199535923082,1,20.0,-53.53506207179121,4-7
10.185093328553192,8,12.042375811410743,1,12.5,-84.2824533357234,8-15
14.62422103715718,2,13.374114123991939,0,0.0,-100.0,2-3
41.24299439503648,3,21.359746131355728,0,0.0,-100.0,2-3
19.329464625166658,4,14.785687200394781,1,25.0,-59.420535374833335,4-7
25.640755306731705,2,16.6790744048643,1,50.0,-6.218489386536603,2-3
12.401667447897044,23,12.707348047213898,1,4.3478260869565215,-94.1475360960179,16+
34.33750695989046,2,19.288099900811925,0,0.0,-100.0,2-3
14.399300761382374,5,13.3066380412595,0,0.0,-100.0,4-7
3.395381921397026,3,10.005462389263894,2,66.66666666666666,-34.27898154294127,2-3
52.21867582219226,3,24.652450559502466,1,33.33333333333333,-2.0417655704103166,2-3
16.04150211739585,4,13.79929844806354,1,25.0,-62.70849788260415,4-7
20.782989602307833,10,15.221744693537136,0,0.0,-100.0,8-15
2.7957924779465912,1,9.825585556228763,0,0.0,-100.0,1
13.673171504009987,9,13.088799264047783,2,22.22222222222222,-68.95718088532445,8-15
5.004362679108323,7,10.488156616577282,2,28.57142857142857,-69.99501408101906,4-7
18.196226830544205,10,14.445715862008047,1,10.0,-84.22150926778231,8-15
29.769889914212968,2,17.917814787108675,2,100.0,104.0795596568519,2-3
17.234001241679277,3,14.15704818534857,0,0.0,-100.0,2-3
25.916035538101305,13,16.76165847427518,2,15.384615384615385,-70.97474736116843,8-15
17.827078947192536,8,14.334971497002547,2,25.0,-60.92292105280747,8-15
27.813707975162995,13,17.330960205393684,3,23.076923076923077,-54.71042340754184,8-15
34.53561772197934,6,19.347533129438588,2,33.33333333333333,-25.61917637069421,4-7
3.411330160339582,5,10.010246860946662,1,20.0,-80.27093587172833,4-7
16.31006612446795,5,13.87986765018517,1,20.0,-69.95194710042564,4-7
13.878761569199668,3,13.150476283604688,0,0.0,-100.0,2-3
19.02639508494042,3,14.694766338326911,1,33.33333333333333,-46.29813988674611,2-3
9.173229977441514,3,11.73881680607724,0,0.0,-100.0,2-3
21.5872459242876,11,15.463021590131065,3,27.27272727272727,-53.26845899168625,8-15
12.071824104230759,6,12.608395044114012,1,16.666666666666664,-77.78545059717949,4-7
19.233820114979956,5,14.756993847338773,1,20.0,-67.61294390801604,4-7
18.358476192738788,2,14.494390670666421,1,50.0,-20.783047614522427,2-3
7.6068581510903694,6,11.268905258171896,1,16.666666666666664,-80.76209456593976,4-7
13.784013118404905,8,13.122051748366259,2,25.0,-64.9659868815951,8-15
28.24741070025078,4,17.46107102292002,1,25.0,-50.502589299749225,4-7
12.69332997128785,4,12.794846804231142,0,0.0,-100.0,4-7
23.898400630047227,9,16.156368001858954,4,44.44444444444444,-19.736176657693818,8-15
19.105340760056507,3,14.718450040861738,1,33.33333333333333,-46.192878986591325,2-3
3.3026959948803167,6,9.97765661130888,1,16.666666666666664,-83.63153600341313,4-7
4.273551424292638,3,10.268913240132576,0,0.0,-100.0,2-3
6.967539246047935,2,11.077109586659168,0,0.0,-100.0,2-3
7.323667727557778,6,11.183948131112121,1,16.666666666666664,-80.95088818162816,4-7
54.68362958078765,2,25.391936687081078,1,50.0,51.867259161575305,2-3
24.96304836458795,13,16.475762322221172,2,15.384615384615385,-71.56120100640742,8-15
16.324844282743918,2,13.884301097667961,0,0.0,-100.0,2-3
16.887936574578134,13,14.053228785218225,1,7.6923076923076925,-88.26525028474519,8-15
13.815663379484608,10,13.131546826690169,1,10.0,-85.97373464820616,8-15
29.510175940354305,7,17.83990059495108,0,0.0,-100.0,4-7
11.594341899618112,2,12.46515038273022,0,0.0,-100.0,2-3
16.465026526616203,4,13.926355770829646,1,25.0,-62.2849734733838,4-7
26.94275492836664,5,17.06967429135478,3,60.0,15.662611828079942,4-7
16.667722449791626,5,13.987164547782275,1,20.0,-69.6658220401667,4-7
5.771295854830373,5,10.718236569293898,0,0.0,-100.0,4-7
42.80766159269668,2,21.82914629065379,0,0.0,-100.0,2-3
19.8577530814189,3,14.944173737270456,0,0.0,-100.0,2-3
28.01321703329171,5,17.3908129228323,0,0.0,-100.0,4-7
25.539811910847426,8,16.648791386099013,0,0.0,-100.0,8-15
30.716241120373876,3,18.201720148956948,0,0.0,-100.0,2-3
7.9046522533044365,10,11.358243488836116,1,10.0,-88.33813909867823,8-15
6.579020573379543,7,10.960553984858649,0,0.0,-100.0,4-7
43.04979427384014,8,21.90178609499683,1,12.5,-67.85010286307994,8-15
24.098671814832525,3,16.216449357294543,1,33.33333333333333,-39.535104246889965,2-3
0.36798392976006256,14,9.097242991772806,2,14.285714285714285,-87.64686632585139,8-15
21.796417494788624,2,15.525773061281372,0,0.0,-100.0,2-3
7.455418542280258,6,11.223473375528863,0,0.0,-100.0,4-7
11.686406758163988,21,12.492769840293983,3,14.285714285714285,-81.17919613819201,16+
21.37937255207819,16,15.400659578468243,0,0.0,-100.0,16+
10.895269308474962,7,12.255428605387275,1,14.285714285714285,-81.63127468087144,4-7
36.43798604187992,2,19.91824362540876,0,0.0,-100.0,2-3
5.91600648861411,7,10.761649759429021,0,0.0,-100.0,4-7
26.35569308362245,2,16.89355573793152,0,0.0,-100.0,2-3
19.395758205751367,10,14.805575274570195,1,10.0,-83.74169671769945,8-15
6.499079706281785,4,10.93657172472932,1,25.0,-72.25092029371821,4-7
33.42503836080751,2,19.014359321087042,1,50.0,9.350076721615023,2-3
21.619385326460055,7,15.472663410782802,3,42.857142857142854,-26.50962515463991,4-7
4.361741554265003,3,10.295370279124286,0,0.0,-100.0,2-3
25.822241366831562,3,16.733520222894256,1,33.33333333333333,-37.23701151089126,2-3
10.942545080640008,2,12.269611337036789,0,0.0,-100.0,2-3
40.084407432099255,3,21.012170042474562,1,33.33333333333333,-18.22079009053432,2-3
30.207366313012514,7,18.04905770674854,3,42.857142857142854,-11.787372034835695,4-7
19.421259614040807,2,14.813225697057028,0,0.0,-100.0,2-3
19.70513663986632,5,14.898388804804682,0,0.0,-100.0,4-7
38.195552873152145,1,20.445513674790426,0,0.0,-100.0,1
14.184411388145504,6,13.242171229288438,1,16.666666666666664,-76.37705907456966,4-7
2.3507236101500197,2,9.692064895889791,0,0.0,-100.0,2-3
21.622976408106247,8,15.473740735276658,2,25.0,-57.12702359189375,8-15
24.63521771640599,6,16.377413127766584,0,0.0,-100.0,4-7
10.910777082582175,1,12.260080937619438,1,100.0,28.643108330328705,1
15.151490470162146,7,13.53229495389343,0,0.0,-100.0,4-7
18.510983970531825,11,14.540143004004333,1,9.090909090909092,-85.54146037435206,8-15
2.6908349100736313,3,9.794098285866875,0,0.0,-100.0,2-3
35.89147829664525,1,19.75429130183836,0,0.0,-100.0,1
17.750056405963182,14,14.311864734633742,1,7.142857142857142,-88.85712674115338,8-15
43.523990731012276,8,22.044045032148468,2,25.0,-35.22600926898773,8-15
34.40947044577632,9,19.309688946577683,3,33.33333333333333,-25.787372738964898,8-15
18.225934007866655,8,14.454628015204781,2,25.0,-60.524065992133345,8-15
8.91565441295768,5,11.661544136732092,1,20.0,-75.86747646963386,4-7
21.685879593202515,2,15.492611690805541,0,0.0,-100.0,2-3
33.20805369197995,8,18.94926392043877,0,0.0,-100.0,8-15
6.783707373003247,5,11.02196002474576,0,0.0,-100.0,4-7
6.109588743003889,9,10.819724435745954,2,22.22222222222222,-75.68036556177434,8-15
33.11434449618119,3,18.921151161699143,1,33.33333333333333,-27.514207338425077,2-3
24.860343355333203,3,16.44495081944475,0,0.0,-100.0,2-3
22.47275098735124,2,15.728673109050156,0,0.0,-100.0,2-3
14.72508275244281,11,13.40437263857763,1,9.090909090909092,-86.91815172638444,8-15
31.629069760991573,4,18.475568741142258,1,25.0,-47.12093023900843,4-7
9.592457619730157,8,11.864585098763833,1,12.5,-84.57877119013492,8-15
8.711611022182089,8,11.600331119499414,0,0.0,-100.0,8-15
7.82906596084855,5,11.33556760109935,0,0.0,-100.0,4-7
10.440808028681005,13,12.119090221449087,4,30.76923076923077,-60.99592858008492,8-15
14.952895931796057,7,13.472716592383602,1,14.285714285714285,-79.31263089611654,4-7
62.888929940714775,7,27.85352679505922,3,42.857142857142854,44.238165612653916,4-7
21.486805340093593,9,15.432889414872864,1,11.11111111111111,-81.00586429329172,8-15
25.03879486849913,1,16.498486273394526,0,0.0,-100.0,1
10.047290083049498,3,12.001034837759637,0,0.0,-100.0,2-3
25.131897744869214,3,16.52641713630555,0,0.0,-100.0,2-3
14.357856225406051,9,13.294204680466601,1,11.11111111111111,-84.17428612204175,8-15
13.291948856726316,10,12.974432469862682,1,10.0,-86.18322045730949,8-15
38.598377891805704,6,20.566361180386497,1,16.666666666666664,-60.101081405462864,4-7
24.054636798526033,5,16.203238852402595,0,0.0,-100.0,4-7
11.56116408513869,5,12.455197038386393,1,20.0,-73.75106873188905,4-7
23.33262787178593,8,15.986636174380564,1,12.5,-77.70868606410704,8-15
42.571542833749426,14,21.758310662969617,2,14.285714285714285,-63.53054695214318,8-15
44.75767007760926,7,22.414148836127566,2,28.57142857142857,-24.562662768446554,4-7
21.702128824506886,2,15.497486460196852,1,50.0,-14.095742350986221,2-3
33.67352526218973,5,19.088905391501704,2,40.0,-12.122359580496443,4-7
28.99951346142109,7,17.686701851271113,1,14.285714285714285,-71.28599230775939,4-7
17.500431788585182,7,14.236977349420341,0,0.0,-100.0,4-7
11.466467924166327,3,12.426788190094683,1,33.33333333333333,-56.37804276777823,2-3
25.48536625551958,6,16.63245768950066,0,0.0,-100.0,4-7
19.505327228729634,1,14.838445981463677,0,0.0,-100.0,1
24.233072118758997,3,16.256769448472486,0,0.0,-100.0,2-3
13.065965399534448,1,12.90663743270512,0,0.0,-100.0,1
26.47409906057807,13,16.92907753101821,4,30.76923076923077,-41.26264731005775,8-15
9.89326173158097,4,11.954826332319076,0,0.0,-100.0,4-7
6.91891828275016,2,11.062523297669834,0,0.0,-100.0,2-3
36.33729649999338,2,19.8880367628428,2,100.0,130.3491859999735,2-3
20.772034946580195,11,15.218458296818843,0,0.0,-100.0,8-15
7.421178167945426,8,11.213201263228415,0,0.0,-100.0,8-15
16.74472763856409,6,14.010266104414013,2,33.33333333333333,-49.34036314858122,4-7
19.309336778833284,5,14.77964884649477,1,20.0,-67.55253057693338,4-7
27.79780764735944,2,17.326190107052618,0,0.0,-100.0,2-3
32.31436186596526,4,18.681156372634362,1,25.0,-46.43563813403475,4-7
21.51032024572883,3,15.439943886563434,0,0.0,-100.0,2-3
10.527022527018488,10,12.144954570950333,0,0.0,-100.0,8-15
6.398738375674841,5,10.906469325547238,0,0.0,-100.0,4-7
19.18793873772877,5,14.743229434163418,0,0.0,-100.0,4-7
26.469362005287582,11,16.927656414431063,2,18.181818181818183,-65.29500945069994,8-15
14.012719664760365,11,13.190663712272896,1,9.090909090909092,-87.17719284917804,8-15
11.077955578237903,14,12.310234486316157,2,14.285714285714285,-81.5268825267212,8-15
13.021868441391627,3,12.893408345262275,0,0.0,-100.0,2-3
11.564018538985987,6,12.456053374540582,0,0.0,-100.0,4-7
21.282673085537578,4,15.37164973850606,0,0.0,-100.0,4-7
17.77407542900503,6,14.319070441546295,1,16.666666666666664,-73.98394971399665,4-7
6.897152869281757,4,11.055993673629313,0,0.0,-100.0,4-7
35.442898604597055,1,19.6197173942239,0,0.0,-100.0,1
27.666524907019465,2,17.286805284950624,0,0.0,-100.0,2-3
14.418751077648665,3,13.312473136139385,0,0.0,-100.0,2-3
16.739749027562414,8,14.00877252111351,2,25.0,-62.01025097243759,8-15
7.860985127630526,1,11.345143351133943,0,0.0,-100.0,1
15.739537783328055,8,13.708709147843203,3,37.5,-44.51569332500792,8-15
1.2248595629730152,4,9.35430568173669,2,50.0,-55.05028087405397,4-7
15.1306794870949,5,13.526051658973257,1,20.0,-70.89545641032409,4-7
25.64454492510164,5,16.68021129037528,1,20.0,-62.48436405991868,4-7
15.755078898110316,11,13.71337148227788,2,18.181818181818183,-73.08721534682886,8-15
15.695931594155176,1,13.69562729109134,1,100.0,47.78372637662073,1
30.29315037956206,3,18.074792926713403,1,33.33333333333333,-31.275799493917244,2-3
24.05179558797881,2,16.202386489238428,0,0.0,-100.0,2-3
10.615791756336256,9,12.171585339745663,0,0.0,-100.0,8-15
26.88129504423934,17,17.051236326116587,2,11.76470588235294,-77.3499788027109,16+
17.277639785093818,9,14.17013974837293,0,0.0,-100.0,8-15
43.53650208027093,2,22.047798436926065,0,0.0,-100.0,2-3
18.356970938568253,4,14.493939094415262,0,0.0,-100.0,4-7
8.143334050246544,8,11.429848027918748,1,12.5,-85.30333297487672,8-15
11.17642340436288,11,12.339774834153651,2,18.181818181818183,-76.41714661500882,8-15
14.008871223924114,1,13.189509180022018,0,0.0,-100.0,1
31.995272650448904,4,18.585429607979457,0,0.0,-100.0,4-7
13.681133078483807,5,13.091187736389928,1,20.0,-72.05509353721295,4-7
7.341133371319435,5,11.189187824240618,0,0.0,-100.0,4-7
10.513675219269649,2,12.140950378625682,0,0.0,-100.0,2-3
52.473875026463276,11,24.729010320783768,2,18.181818181818183,-46.382636344390335,8-15
21.24876067005714,8,15.361476013861926,2,25.0,-57.50123932994286,8-15
13.501445126700373,6,13.037281350854899,1,16.666666666666664,-76.83236991553308,4-7
19.876228159074447,7,14.94971626056712,1,14.285714285714285,-76.4992981948146,4-7
14.515498148386033,3,13.341497257360595,0,0.0,-100.0,2-3
7.709463671105123,7,11.299686914176323,2,28.57142857142857,-66.90347009016557,4-7
29.233082833224334,13,17.756772662812086,2,15.384615384615385,-68.93348748724657,8-15
14.419388712025489,2,13.312664426452434,0,0.0,-100.0,2-3
36.3625196773322,6,19.895603716044448,2,33.33333333333333,-23.18330709689041,4-7
18.136793180389468,6,14.427885766961627,1,16.666666666666664,-73.74213787974035,4-7
14.304169434672218,6,13.27809864324645,0,0.0,-100.0,4-7
34.763952949432166,1,19.416033697674436,0,0.0,-100.0,1
17.44711874631015,2,14.22098343673783,0,0.0,-100.0,2-3
9.120123018415358,16,11.722884718369393,3,18.75,-77.22240773618849,16+
28.97278865987072,5,17.678684410806,1,20.0,-59.82176907210343,4-7
18.858807989853933,3,14.644490209800963,0,0.0,-100.0,2-3
40.00775768785694,7,20.989175119201867,2,28.57142857142857,-29.991134071020642,4-7
20.28149150144141,9,15.071295263277209,1,11.11111111111111,-81.5415593326927,8-15
13.749028648727762,2,13.111556407463116,0,0.0,-100.0,2-3
4.116413932755599,4,10.221771992671465,0,0.0,-100.0,4-7
17.77456416369674,3,14.31921706195381,0,0.0,-100.0,2-3
34.90000214031629,20,19.456848454939674,5,25.0,-43.84999785968371,16+
15.32425131701974,10,13.584123207950707,4,40.0,-41.48119789276842,8-15
22.366752333056024,10,15.696873512761595,1,10.0,-82.55329906677758,8-15
23.76030784377769,6,16.11494016597809,0,0.0,-100.0,4-7
21.54212925353637,3,15.449486588905698,0,0.0,-100.0,2-3
16.362320047357542,9,13.895543827052048,0,0.0,-100.0,8-15
22.761143598577664,4,15.815190892418086,0,0.0,-100.0,4-7
12.05797112818804,5,12.604239151301197,2,40.0,-46.707246194899135,4-7
17.30520470481381,3,14.178409224288929,0,0.0,-100.0,2-3
8.15812296026199,9,11.434284700923383,1,11.11111111111111,-86.92972312877247,8-15
42.0976542195825,2,21.616144078719536,0,0.0,-100.0,2-3
12.811342543453671,9,12.830250575880886,0,0.0,-100.0,8-15
32.1146834925694,5,18.621252860615606,0,0.0,-100.0,4-7
26.624183479501767,12,16.974102856695318,4,33.33333333333333,-36.167755360664316,8-15
36.11045614999986,11,19.819984657844746,1,9.090909090909092,-79.14165230909094,8-15
8.579452758817268,3,11.560683640489966,0,0.0,-100.0,2-3
18.810594005229746,1,14.63002601441371,0,0.0,-100.0,1
23.05451021110275,2,15.90320087617561,0,0.0,-100.0,2-3
16.856285479805184,4,14.043733456786342,0,0.0,-100.0,4-7
32.90101454086639,12,18.8571521751047,1,8.333333333333332,-81.94966181971121,8-15
14.58352367790115,4,13.361904916215131,0,0.0,-100.0,4-7
20.055559508027844,8,15.00351566525314,0,0.0,-100.0,8-15
21.82879989117536,17,15.535487780197393,6,35.294117647058826,-39.18287074187008,16+
16.253145749580185,6,13.862791537718842,1,16.666666666666664,-74.99790283361321,4-7
18.89324044769664,6,14.654819947153777,1,16.666666666666664,-73.23783970153556,4-7
11.251894682647642,6,12.362416217639078,2,33.33333333333333,-56.66414042313648,4-7
6.660055641665279,9,10.98486450534437,0,0.0,-100.0,8-15
13.37205428929462,6,12.998464099633173,2,33.33333333333333,-53.83726094760717,4-7
27.03010624928713,9,17.095879687630923,2,22.22222222222222,-57.08435000063366,8-15
19.411947203226497,15,14.810431973812735,2,13.333333333333334,-78.3136281582792,8-15
16.204137441877624,4,13.848089045408074,1,25.0,-62.545862558122366,4-7
16.471557515559414,12,13.928315067512612,0,0.0,-100.0,8-15
43.993383063161666,6,22.184862731793288,1,16.666666666666664,-56.50441129122555,4-7
42.128590935441466,1,21.625425093477226,0,0.0,-100.0,1
17.81015006207875,7,14.32989283146841,2,28.57142857142857,-55.35982850048142,4-7
5.15371589541685,8,10.53296258146984,0,0.0,-100.0,8-15
57.66615995624236,3,26.286695799717492,2,66.66666666666666,110.44309321664629,2-3
67.75864396232603,6,29.31444100154259,0,0.0,-100.0,4-7
32.34418125671512,1,18.690102189859324,0,0.0,-100.0,1
17.08478959745842,4,14.112284692082314,1,25.0,-61.66521040254158,4-7
40.16261436428662,3,21.03563212213077,2,66.66666666666666,63.766971638097644,2-3
32.05173870182741,12,18.602369423393007,2,16.666666666666664,-64.46550753211505,8-15
21.353438138054063,2,15.392879254261004,0,0.0,-100.0,2-3
21.156887173893182,5,15.33391396501274,2,40.0,-32.14898052177091,4-7
7.905119249921009,2,11.35838358782109,1,50.0,-41.689761500157985,2-3
33.67178477983441,1,19.08838324679511,0,0.0,-100.0,1
32.864318453742726,7,18.846143348967605,2,28.57142857142857,-38.15506462429403,4-7
17.100695718057366,3,14.117056528261996,0,0.0,-100.0,2-3
6.538634623663921,1,10.948438199943961,0,0.0,-100.0,1
10.33136121980263,7,12.086256178785575,1,14.285714285714285,-81.9535078743985,4-7
9.994577120230886,1,11.985220948914051,0,0.0,-100.0,1
26.36896748503961,8,16.89753805835667,1,12.5,-76.19051625748018,8-15
18.434760800244938,4,14.517276052918268,0,0.0,-100.0,4-7
33.13453486523639,8,18.9272082724157,2,25.0,-45.61546513476361,8-15
5.526170437713707,12,10.644698944158899,2,16.666666666666664,-82.14921970819087,8-15
27.587399887518572,2,17.263067779100357,1,50.0,-2.325200224962846,2-3
20.35744005158479,13,15.094079828320222,2,15.384615384615385,-74.39542150671706,8-15
29.527074318742553,2,17.84497010846755,0,0.0,-100.0,2-3
10.624385696513682,7,12.17416352179889,0,0.0,-100.0,4-7
16.866794320277023,5,14.046886108927891,1,20.0,-69.50656454377838,4-7
13.291841562246653,2,12.974400281518783,0,0.0,-100.0,2-3
36.5925592964662,11,19.964615601784647,3,27.27272727272727,-36.89902622203688,8-15
4.5048179014258185,12,10.338293183272532,0,0.0,-100.0,8-15
6.941954657683941,4,11.069434210149968,0,0.0,-100.0,4-7
8.591115658529077,8,11.564182510403509,3,37.5,-55.238326512206385,8-15
8.066835954875117,6,11.406898599307322,1,16.666666666666664,-80.45544269674993,4-7
9.014097819167457,12,11.691077158595023,1,8.333333333333332,-89.91196739361087,8-15
16.51898962171584,6,13.942544699359537,1,16.666666666666664,-74.82067358552277,4-7
24.2646631909178,3,16.266246770120127,1,33.33333333333333,-39.313782412109596,2-3
5.868662761069636,12,10.747446641165679,0,0.0,-100.0,8-15
15.557258773418653,5,13.654025444870383,1,20.0,-70.55419298126507,4-7
20.43175220914664,12,15.116373475588778,0,0.0,-100.0,8-15
26.772346610406807,3,17.018551795966825,1,33.33333333333333,-35.97020451945758,2-3
3.4251499433689365,6,10.014392795855468,1,16.666666666666664,-83.54990003775406,4-7
25.837544910267606,9,16.73811128592507,1,11.11111111111111,-79.07220226210329,8-15
20.331268879849947,9,15.086228476799771,2,22.22222222222222,-63.03887210680005,8-15
14.853417503059715,3,13.4428730637627,0,0.0,-100.0,2-3
12.1808963167406,3,12.641116707866967,0,0.0,-100.0,2-3
7.537944662155478,1,11.24823121149143,0,0.0,-100.0,1
4.618838321361381,5,10.3724993092532,1,20.0,-79.3049293429109,4-7
26.723727837935808,5,17.003966164225528,0,0.0,-100.0,4-7
5.917740296409348,6,10.76216990176759,0,0.0,-100.0,4-7
8.941501197673078,3,11.669298172146709,0,0.0,-100.0,2-3
24.288247036199405,9,16.273321923704607,2,22.22222222222222,-59.52155819004498,8-15
1.533036526441307,8,9.446758770777178,2,25.0,-77.21696347355869,8-15
14.506141058216146,2,13.33869013030963,0,0.0,-100.0,2-3
13.729845108500328,4,13.105801345394886,0,0.0,-100.0,4-7
16.940035859780753,3,14.06885857077901,0,0.0,-100.0,2-3
9.535318428250708,4,11.84744334132,0,0.0,-100.0,4-7
15.246438562199547,5,13.56077938150465,1,20.0,-70.80284915024036,4-7
22.916351430388815,6,15.861753241961429,0,0.0,-100.0,4-7
36.59779338700154,10,19.966185828945246,2,20.0,-53.72176529039878,8-15
12.460504193725129,4,12.724999070962326,0,0.0,-100.0,4-7
12.854861524072689,6,12.843306270066593,0,0.0,-100.0,4-7
7.319371345322605,3,11.182659216441568,1,33.33333333333333,-61.90750487290321,2-3
14.416855496199824,9,13.311904461704732,2,22.22222222222222,-68.29612844782238,8-15
31.511231861548612,2,18.44021737130937,0,0.0,-100.0,2-3
24.610687683189024,4,16.37005411780149,1,25.0,-54.13931231681097,4-7
20.776945388386014,12,15.219931429360589,1,8.333333333333332,-85.99101820387133,8-15
27.118840897746775,5,17.122500082168816,1,20.0,-61.30492728180258,4-7
12.572943623907651,2,12.758730900017081,0,0.0,-100.0,2-3
1.3673956202357582,4,9.397066498915512,0,0.0,-100.0,4-7
10.58796978389767,6,12.163238748014086,2,33.33333333333333,-57.54937362146977,4-7
26.272816685269166,1,16.868692818425536,0,0.0,-100.0,1
9.156516674598215,5,11.733802815224252,1,20.0,-75.67478666032143,4-7
28.950332799699673,4,17.67194765275469,1,25.0,-49.79966720030033,4-7
17.113458120122797,4,14.120885248881626,1,25.0,-61.63654187987721,4-7
20.706224931583442,4,15.19871529231982,1,25.0,-58.04377506841656,4-7
28.10248659738142,3,17.417593792059215,0,0.0,-100.0,2-3
14.378328205485497,5,13.300346274490435,2,40.0,-42.99467487122321,4-7
44.966686824793605,13,22.47685386028287,1,7.6923076923076925,-79.62563482314042,8-15
15.809493733993508,1,13.729695933042837,1,100.0,48.23797493597403,1
38.65198828007018,7,20.582444296865837,2,28.57142857142857,-31.540584822776946,4-7
21.386196848434448,6,15.402706867375121,1,16.666666666666664,-71.57586876771038,4-7
11.587870174968764,3,12.463208865335416,0,0.0,-100.0,2-3
23.550538585309123,9,16.052009388437526,0,0.0,-100.0,8-15
21.595201715153006,15,15.465408327390687,2,13.333333333333334,-77.1492257519184,8-15
7.029305667865943,8,11.095639513204569,2,25.0,-71.72069433213406,8-15
31.73263433333573,2,18.506638112845504,1,50.0,5.965268666671473,2-3
25.451816758167183,7,16.622392840294943,1,14.285714285714285,-73.3132475667616,4-7
37.498723359582385,3,20.2364648207195,3,100.0,134.99489343832954,2-3
20.39426934824442,5,15.105128617318112,2,40.0,-33.36916904280892,4-7
10.792808690923774,7,12.224690420121918,0,0.0,-100.0,4-7
20.381541219054625,2,15.101310178561173,0,0.0,-100.0,2-3
18.950563117892827,1,14.672016748212634,0,0.0,-100.0,1
12.853004240429142,6,12.842749084973528,2,33.33333333333333,-54.52932767942781,4-7
13.20457682472683,8,12.948220860262834,1,12.5,-82.77271158763658,8-15
16.179156374489693,4,13.840594725191693,0,0.0,-100.0,4-7
37.12972436920236,6,20.125765123605493,2,33.33333333333333,-22.16036750773019,4-7
3.469276499043552,3,10.027630762557852,0,0.0,-100.0,2-3
13.874623848589327,14,13.149234967421583,4,28.57142857142857,-59.857572744469344,8-15
42.052398163076305,15,21.60256726176768,3,20.0,-49.35808146953895,8-15
6.488636078797283,3,10.933438636483972,2,66.66666666666666,-26.030303789873905,2-3
58.75542800283693,5,26.613476213695865,1,20.0,-35.99565759773045,4-7
26.57606103710633,5,16.959666123976685,2,40.0,-23.478302340629874,4-7
9.085731771803975,18,11.712567344385977,1,5.555555555555555,-93.25872627293245,16+
22.094534155866373,1,15.615208059604699,0,0.0,-100.0,1
11.647604518511097,5,12.481129168398116,2,40.0,-47.36383277038224,4-7
10.026243771180415,2,11.99472094419891,0,0.0,-100.0,2-3
22.832350615901355,15,15.836552997615192,3,20.0,-64.73411950727892,8-15
2.867380526350307,1,9.847061970749879,1,100.0,-3.5304778945987705,1
4.046583246425249,3,10.200822786772362,0,0.0,-100.0,2-3
23.36812869786428,1,15.997286422204072,0,0.0,-100.0,1
11.289985822372802,1,12.373843559556628,1,100.0,30.159943289491203,1
28.538104181904504,2,17.548279067416136,0,0.0,-100.0,2-3
17.31505041476123,5,14.181362937273153,2,40.0,-38.29591933638204,4-7
11.06176011030457,8,12.305375845936158,1,12.5,-83.84411994484772,8-15
27.79256591733586,16,17.324617588045545,4,25.0,-50.95743408266414,16+
20.579308696909322,7,15.16064042191758,0,0.0,-100.0,4-7
62.96507266541644,2,27.87636961246972,0,0.0,-100.0,2-3
12.511882507783692,1,12.740412565179893,0,0.0,-100.0,1
5.750172483192518,13,10.71189955780254,1,7.6923076923076925,-91.69225462055614,8-15
37.60083247350426,2,20.267097554896065,0,0.0,-100.0,2-3
14.47492791663188,2,13.32932618783435,1,50.0,-28.550144166736246,2-3
6.79303129048934,5,11.024757199991589,0,0.0,-100.0,4-7
22.265325163803467,7,15.666445361985826,0,0.0,-100.0,4-7
18.382923123490805,1,14.501724749892029,0,0.0,-100.0,1
16.839618266363612,7,14.038733292753868,1,14.285714285714285,-78.23450384779223,4-7
26.139472248171224,1,16.828689487296153,1,100.0,89.5578889926849,1
13.314254846616738,2,12.981124266829807,0,0.0,-100.0,2-3
35.364735033162795,4,19.596268322793627,1,25.0,-43.385264966837205,4-7
23.300043534969664,1,15.976860873335685,0,0.0,-100.0,1
7.148217028524248,6,11.13131292140206,2,33.33333333333333,-62.135710628634335,4-7
26.317273520289465,1,16.882029868931625,0,0.0,-100.0,1
14.881795278818943,21,13.45138639649047,2,9.523809523809524,-86.23550656044992,16+
59.3287050280237,4,26.785459321251892,1,25.0,-19.421294971976305,4-7
11.494986793236803,8,12.435343850815828,0,0.0,-100.0,8-15
7.071101892978014,5,11.10817838073819,2,40.0,-54.68623697123518,4-7
10.75644771219227,5,12.213782126502466,1,20.0,-74.39484183024618,4-7
14.241647973708355,6,13.259342204957292,0,0.0,-100.0,4-7
16.325269612888498,6,13.884428696711334,0,0.0,-100.0,4-7
25.479716231438253,7,16.630762682276263,0,0.0,-100.0,4-7
4.0209797341968265,12,10.193141733103834,1,8.333333333333332,-91.57634008860106,8-15
8.937078911358409,2,11.66797148625231,0,0.0,-100.0,2-3
18.603712684839106,7,14.567961618296518,1,14.285714285714285,-77.22644989437765,4-7
6.398203991514256,2,10.906309010299063,1,50.0,-44.7035920169715,2-3
25.74097046928982,3,16.709138953631733,2,66.66666666666666,25.309254584772837,2-3
8.908943199115328,13,11.659530772579386,1,7.6923076923076925,-90.72032516950298,8-15
11.200227405734683,2,12.346916034565192,0,0.0,-100.0,2-3
5.824078777595052,11,10.734071446123302,2,18.181818181818183,-80.30976088902177,8-15
5.683832085292581,2,10.69199743843256,0,0.0,-100.0,2-3
31.814017295904147,16,18.53105300161603,2,12.5,-73.46799135204793,16+
17.376077131081658,15,14.199670952169283,1,6.666666666666667,-89.69971276504488,8-15
10.960998878703657,3,12.275147476455883,0,0.0,-100.0,2-3
27.672583045397104,2,17.288622726463917,0,0.0,-100.0,2-3
58.94223807559137,5,26.6695192355222,3,60.0,92.46137138141928,4-7
14.498419361889736,6,13.336373621411706,1,16.666666666666664,-76.16772042540684,4-7
36.6540987783623,3,19.983077446353477,0,0.0,-100.0,2-3
30.153391572694915,5,18.03286528465326,0,0.0,-100.0,4-7
19.663560777668827,4,14.885916046145434,0,0.0,-100.0,4-7
17.577827505956833,9,14.260196064631836,1,11.11111111111111,-82.7431877751303,8-15
53.45326679933638,6,25.0228278526457,2,33.33333333333333,-0.39564426755148213,4-7
6.145026006338225,4,10.830355614746253,0,0.0,-100.0,4-7
38.027438565783804,5,20.39507938257993,3,60.0,42.265852557881125,4-7
15.087829699896945,7,13.51319672281387,2,28.57142857142857,-58.47105177154634,4-7
12.307067520917695,1,12.678968069120094,0,0.0,-100.0,1
5.842731275126305,7,10.739667195382678,0,0.0,-100.0,4-7
14.37145031162447,3,13.298282906332126,0,0.0,-100.0,2-3
5.1433997175140185,4,10.529867728098992,0,0.0,-100.0,4-7
33.95814028287432,6,19.17428989770708,1,16.666666666666664,-63.19457314475046,4-7
15.072101304638503,3,13.508478204236338,0,0.0,-100.0,2-3
28.426546833521666,3,17.514811862901286,3,100.0,98.70618733408665,2-3
16.4366099960462,6,13.917830811658646,2,33.33333333333333,-49.7511866719384,4-7
22.301957581857945,6,15.67743508740217,0,0.0,-100.0,4-7
10.861131522228415,4,12.24518726951331,1,25.0,-67.88886847777158,4-7
13.448481425364092,2,13.021392240454013,0,0.0,-100.0,2-3
7.543127938607724,2,11.249786194427102,0,0.0,-100.0,2-3
28.14852165982364,3,17.43140431079188,0,0.0,-100.0,2-3
11.996115002647127,5,12.585682313638923,0,0.0,-100.0,4-7
27.767405279704366,1,17.317069396756096,0,0.0,-100.0,1
1.2849133118082245,8,9.372321806387255,0,0.0,-100.0,8-15
37.70430058231465,1,20.29813798753918,0,0.0,-100.0,1
16.337261772509244,5,13.88802634459756,0,0.0,-100.0,4-7
24.343469433423724,5,16.2898886428719,0,0.0,-100.0,4-7
1.3415793312387039,3,9.389321612216397,0,0.0,-100.0,2-3
3.3262663284525615,6,9.984727711380554,0,0.0,-100.0,4-7
63.34615277383461,5,27.99069364499517,1,20.0,-32.323077780932316,4-7
11.434062453301024,3,12.417066548835093,0,0.0,-100.0,2-3
41.12851589878843,1,21.325402582481313,0,0.0,-100.0,1
9.612265059690603,7,11.870527330751967,0,0.0,-100.0,4-7
17.497803739819457,3,14.236188934790622,0,0.0,-100.0,2-3
18.69141585533856,2,14.594272569446353,1,50.0,-20.11716828932288,2-3
9.382366123376487,1,11.801557649857733,0,0.0,-100.0,1
16.059607367643636,7,13.804730023137877,1,14.285714285714285,-78.68022436134649,4-7
6.661789951924934,4,10.985384798422267,0,0.0,-100.0,4-7
45.08204997814701,15,22.51146280628889,4,26.666666666666668,-29.245813356643186,8-15
20.093800357163236,5,15.014987919993755,2,40.0,-33.84991942853882,4-7
16.913886262490802,5,14.061013691592025,0,0.0,-100.0,4-7
6.835956194247071,6,11.037634671118909,0,0.0,-100.0,4-7
23.569276107822358,17,16.05763064519149,3,17.647058823529413,-68.3628639238901,16+
6.0331034341876,4,10.796778843101066,0,0.0,-100.0,4-7
7.0475942589599665,11,11.101126090532777,3,27.27272727272727,-69.12989717204367,8-15
9.269391262088265,7,11.767665191471266,1,14.285714285714285,-82.56034785023527,4-7
2.3062336568500945,4,9.678717909899815,0,0.0,-100.0,4-7
5.994934343738342,2,10.785328115966289,0,0.0,-100.0,2-3
18.193243545901975,7,14.444820876615378,1,14.285714285714285,-77.46100368805602,4-7
23.192239498512883,1,15.944519662398651,0,0.0,-100.0,1
6.000891743963422,5,10.787115336033812,1,20.0,-78.19928660482927,4-7
25.719357704944002,4,16.702655124327986,0,0.0,-100.0,4-7
28.106185394579192,1,17.418703431218542,0,0.0,-100.0,1
31.128040074845885,3,18.325259835298553,0,0.0,-100.0,2-3
31.797818952880046,9,18.5261934987088,3,33.33333333333333,-29.269574729493275,8-15
14.842746508786242,6,13.439671765480659,0,0.0,-100.0,4-7
12.556216045326849,6,12.753712626442839,0,0.0,-100.0,4-7
16.893690100987012,2,14.054954843140887,0,0.0,-100.0,2-3
20.404292767415804,13,15.108135643069525,1,7.6923076923076925,-87.18329453310282,8-15
29.777902175713173,2,17.920218465558737,1,50.0,2.0558043514263407,2-3
4.137866378703053,6,10.228207726455702,0,0.0,-100.0,4-7
19.04225748934902,6,14.69952505964949,0,0.0,-100.0,4-7
16.24243848350012,3,13.859579357894821,2,66.66666666666666,-0.020164043999672383,2-3
17.89526394011979,15,14.355426994880723,1,6.666666666666667,-89.5612629493014,8-15
13.71734123090672,12,13.102050182116804,2,16.666666666666664,-76.68843917939553,8-15
10.271708018479943,2,12.068360218388769,0,0.0,-100.0,2-3
20.741755803104954,7,15.209374553776273,1,14.285714285714285,-76.0047109696543,4-7
21.403510222159618,5,15.40790087949267,0,0.0,-100.0,4-7
20.90736922526023,7,15.259058580422854,2,28.57142857142857,-51.820149456845456,4-7
12.139666022312957,3,12.628747619538675,0,0.0,-100.0,2-3
13.987818820202211,8,13.183193458905448,1,12.5,-82.38109058989889,8-15
2.675845819797049,1,9.7896015587839,0,0.0,-100.0,1
9.897347274014646,4,11.95605199504918,0,0.0,-100.0,4-7
4.650828762454679,9,10.38209644158119,1,11.11111111111111,-88.48852055002013,8-15
29.469802478856,5,17.827788556501588,0,0.0,-100.0,4-7
11.43255882095751,6,12.416615459132037,0,0.0,-100.0,4-7
20.591535756810913,10,15.164308539888061,2,20.0,-66.52677139455126,8-15
16.154229694960303,4,13.833116721332878,0,0.0,-100.0,4-7
16.26984969106811,3,13.867802720165221,0,0.0,-100.0,2-3
6.156709748086254,4,10.833860737270662,0,0.0,-100.0,4-7
12.785977544814948,3,12.82264107628927,0,0.0,-100.0,2-3
33.70011476699064,3,19.096882242941977,0,0.0,-100.0,2-3
28.30484392256502,7,17.478300989614294,1,14.285714285714285,-71.68294632996285,4-7
38.3927605582197,4,20.504675980310697,0,0.0,-100.0,4-7
40.26265177948495,6,21.065643346690273,2,33.33333333333333,-17.983130960686733,4-7
16.90640698053706,2,14.058769907005905,0,0.0,-100.0,2-3
22.230311563111496,3,15.655941281778235,0,0.0,-100.0,2-3
13.049861334863182,6,12.90180621330374,3,50.0,-31.40027733027364,4-7
17.421411052147423,6,14.213271128489014,1,16.666666666666664,-74.2190592985684,4-7
21.028981117092354,11,15.295542147972494,1,9.090909090909092,-84.62582504833006,8-15
28.94976348589392,4,17.67177685861296,2,50.0,0.39952697178783636,4-7
32.30341022113269,2,18.677870879184592,0,0.0,-100.0,2-3
16.78708412820563,13,14.022973051306476,4,30.76923076923077,-53.18512722682384,8-15
19.923121056386154,2,14.963784129760633,0,0.0,-100.0,2-3
16.169602980138283,1,13.83772870688627,0,0.0,-100.0,1
19.466455464342584,1,14.826784452147562,0,0.0,-100.0,1
16.005127811473034,3,13.788386156286697,1,33.33333333333333,-50.32649625136929,2-3
24.32335859353024,13,16.283855390903856,2,15.384615384615385,-71.95485625013524,8-15
9.266720132926713,9,11.7668638527228,0,0.0,-100.0,8-15
11.769899354515157,6,12.517817619199334,2,33.33333333333333,-55.97346752731311,4-7
30.31112785788701,1,18.080186170210887,0,0.0,-100.0,1
23.72158484109763,4,16.103323265174076,1,25.0,-55.02841515890237,4-7
12.157721760749554,3,12.634164341069653,0,0.0,-100.0,2-3
40.68899728414038,9,21.193546998086898,3,33.33333333333333,-17.414670287812832,8-15
2.2259637798203875,2,9.654636946790903,0,0.0,-100.0,2-3
17.798133614170457,13,14.326287897095924,4,30.76923076923077,-51.94075862871328,8-15
16.958980256645393,2,14.074541889838404,0,0.0,-100.0,2-3
33.39950038344843,3,19.006697927879312,0,0.0,-100.0,2-3
10.78420033635306,7,12.222107913750705,0,0.0,-100.0,4-7
15.88030626217737,6,13.750939691497999,1,16.666666666666664,-75.24646249188176,4-7
14.624725286916265,18,13.374265398919666,4,22.22222222222222,-68.11135530051887,16+
8.330150000020826,5,11.485892812851034,1,20.0,-76.33587999998335,4-7
20.902018118960306,16,15.25745324853288,2,12.5,-78.92399094051984,16+
18.00518115461676,3,14.388402159229816,0,0.0,-100.0,2-3
33.07345925682559,6,18.908885589892463,1,16.666666666666664,-63.78436049544961,4-7
53.86008831784432,12,25.144874308198084,2,16.666666666666664,-49.92660778810378,8-15
33.11212397772944,4,18.920485006163617,0,0.0,-100.0,4-7
15.996714718915689,6,13.785862228519493,1,16.666666666666664,-75.16885685405622,4-7
6.2506445159082435,17,10.862041167617258,1,5.88235294117647,-93.52926011390393,16+
10.35444121598589,7,12.093180177640553,0,0.0,-100.0,4-7
13.095007370952095,5,12.915350024130415,0,0.0,-100.0,4-7
7.5775106986102125,3,11.26010102242785,0,0.0,-100.0,2-3
30.6780527878882,12,18.190263649211246,3,25.0,-48.0719472121118,8-15
25.143793516733233,8,16.529985867864756,2,25.0,-53.606206483266774,8-15
16.345758685140062,6,13.890575418386804,1,16.666666666666664,-74.93616087657328,4-7
16.652824994854353,5,13.982695311301091,0,0.0,-100.0,4-7
23.43408948517976,4,16.017074658398712,2,50.0,-10.631821029640468,4-7
23.281125375252827,1,15.971185425420634,0,0.0,-100.0,1
14.632466227700966,7,13.376587681155074,2,28.57142857142857,-58.99146716834175,4-7
14.800013192317445,3,13.426851770540019,2,66.66666666666666,-3.8666314871534873,2-3
29.425870861776193,5,17.814609071377642,1,20.0,-59.459303310579045,4-7
10.809044037954424,3,12.229561024231113,1,33.33333333333333,-57.2546079493941,2-3
31.95640767726201,2,18.57377011602339,0,0.0,-100.0,2-3
22.2735053043764,16,15.668899404157708,2,12.5,-78.23824734781181,16+
39.36672880764501,6,20.79686645513829,0,0.0,-100.0,4-7
16.31976856215091,5,13.882778381490057,0,0.0,-100.0,4-7
7.373028046864494,2,11.198756226904134,0,0.0,-100.0,2-3
21.77851970232983,2,15.520403723543735,2,100.0,72.11407880931932,2-3
9.69381467964408,2,11.894992216738009,0,0.0,-100.0,2-3
9.496475323163239,17,11.83579040979376,3,17.647058823529413,-78.29660565423772,16+
40.97101056289649,1,21.278150981713733,1,100.0,148.88404225158592,1
28.710796562078333,3,17.600086781468285,0,0.0,-100.0,2-3
17.114424780158373,3,14.121175246892298,0,0.0,-100.0,2-3
22.084581079782282,1,15.612222136779472,1,100.0,73.33832431912913,1
20.593188741059706,6,15.164804435162699,1,16.666666666666664,-72.10454083929353,4-7
23.156595587006162,2,15.933826488946634,1,50.0,-11.186808825987683,2-3
15.61815697801035,8,13.672294906247892,1,12.5,-81.56592151099483,8-15
0.8694416144997931,6,9.247680297194725,0,0.0,-100.0,4-7
4.8206269811334215,4,10.433035907184813,0,0.0,-100.0,4-7
12.850043674835968,1,12.841860915295577,0,0.0,-100.0,1
15.051267677720471,4,13.502228116160927,0,0.0,-100.0,4-7
25.9289001190319,5,16.765517848554357,2,40.0,-24.513759809548965,4-7
32.967055820077306,4,18.87696455886798,1,25.0,-45.78294417992269,4-7
12.440000868137918,6,12.718848073286162,0,0.0,-100.0,4-7
18.72981859910103,4,14.605793392575094,0,0.0,-100.0,4-7
23.530577425705328,10,16.046021040556386,2,20.0,-64.17553805943574,8-15
12.054799894833891,1,12.603287781294952,0,0.0,-100.0,1
31.486759770094498,7,18.432875743873133,0,0.0,-100.0,4-7
4.471588544959843,22,10.32832437633274,2,9.090909090909092,-90.64669507456006,16+
16.384409348626345,6,13.902170617432688,1,16.666666666666664,-74.91039376758243,4-7
16.52409786373587,4,13.944077171965546,2,50.0,-24.451804272528253,4-7
25.801783358887437,2,16.727382820511018,1,50.0,-5.896433282225135,2-3
7.472617500889974,3,11.22863306311178,0,0.0,-100.0,2-3
33.38932222076838,1,19.003644479075298,0,0.0,-100.0,1
31.855810947919753,1,18.543591097220713,0,0.0,-100.0,1
14.040892406006373,9,13.199115534646696,0,0.0,-100.0,8-15
14.866743043340957,20,13.446870725847074,2,10.0,-85.55330278266361,16+
28.82606414441753,3,17.634667056170045,0,0.0,-100.0,2-3
28.879691846589,9,17.650755366821485,0,0.0,-100.0,8-15
31.815176663550503,2,18.531400811909936,0,0.0,-100.0,2-3
9.714331053190842,24,11.90114712880204,3,12.5,-84.51783447340459,16+
10.426370358037698,6,12.114758920256095,0,0.0,-100.0,4-7
9.231223067746704,4,11.756214733168797,0,0.0,-100.0,4-7
33.757563007014845,2,19.11411671494924,0,0.0,-100.0,2-3
18.31037517882711,2,14.47996036649292,0,0.0,-100.0,2-3
8.947055021147959,6,11.670964319189173,0,0.0,-100.0,4-7
27.32241637628143,10,17.183572725729217,3,30.0,-41.71310034846228,8-15
29.94616180827265,3,17.97069635532658,1,33.33333333333333,-31.73845092230314,2-3
15.257170051985417,5,13.56399882844041,0,0.0,-100.0,4-7
6.626297032945288,2,10.974736922728374,1,50.0,-44.24740593410943,2-3
58.36011059017995,6,26.49488098989877,0,0.0,-100.0,4-7
14.936337962432415,6,13.467749201574511,1,16.666666666666664,-75.87577469171173,4-7
25.852316082527256,1,16.742542637602963,0,0.0,-100.0,1
14.74747483531991,3,13.411090263440759,0,0.0,-100.0,2-3
10.415521988240462,9,12.111504409316924,0,0.0,-100.0,8-15
22.39343801008339,6,15.704879215869802,1,16.666666666666664,-70.90437465994441,4-7
8.513934946302717,6,11.5410282967356,0,0.0,-100.0,4-7
27.79564862402029,1,17.32554240005087,1,100.0,96.18259449608114,1
42.446520931725665,6,21.720804092362485,2,33.33333333333333,-15.071305424365782,4-7
11.969096278734554,3,12.577576696465155,1,33.33333333333333,-55.70787162835392,2-3
13.395814526661077,3,13.005592170843109,0,0.0,-100.0,2-3
9.477515398985188,13,11.830102432540343,1,7.6923076923076925,-90.54537987723532,8-15
12.607927711254858,7,12.769226126221241,0,0.0,-100.0,4-7
14.421840597928998,8,13.313399992223484,2,25.0,-64.32815940207101,8-15
29.18171629290267,1,17.741362700715587,0,0.0,-100.0,1
23.065107695793525,8,15.906380121582844,3,37.5,-33.52733845630972,8-15
33.218280443906664,3,18.952331946016784,0,0.0,-100.0,2-3
14.449991912989626,2,13.321845386741673,1,50.0,-28.600016174020748,2-3
24.229227448878266,3,16.255616047508266,0,0.0,-100.0,2-3
18.472552185450585,7,14.528613468479962,1,14.285714285714285,-77.30139875117109,4-7
2.597406097772112,3,9.76606964217642,2,66.66666666666666,-36.40691707260771,2-3
2.7869527082569365,12,9.822933625321866,2,16.666666666666664,-83.97536486116203,8-15
7.038632316414034,1,11.098437507768995,1,100.0,13.154529265656128,1
29.00590638004161,9,17.68861972685727,2,22.22222222222222,-55.3280832177408,8-15
30.829301479828242,4,18.23563825679326,2,50.0,4.158602959656491,4-7
10.280574559473797,14,12.071020180686926,2,14.285714285714285,-81.98252882315784,8-15
43.432966618048994,4,22.016737798259484,2,50.0,29.365933236097973,4-7
15.475797639406396,2,13.629587104666705,0,0.0,-100.0,2-3
14.253577264184155,5,13.262920992100034,1,20.0,-71.59713818865268,4-7
44.6692935818067,2,22.387635887386796,1,50.0,31.83858716361339,2-3
14.375503968460537,1,13.299499003382948,0,0.0,-100.0,1
24.832381982565305,2,16.436562407614378,0,0.0,-100.0,2-3
29.698988718137127,3,17.896544428285925,1,33.33333333333333,-32.068015042483836,2-3
50.88289867664629,9,24.251717415838677,1,11.11111111111111,-67.94093392149053,8-15
5.850836834707179,12,10.74209886325694,2,16.666666666666664,-81.93277544352856,8-15
23.42997624344401,1,16.01584068587799,0,0.0,-100.0,1
54.58883088385554,2,25.36349707800145,1,50.0,51.67766176771109,2-3
31.085648092307828,3,18.312542240537134,1,33.33333333333333,-30.21913587692289,2-3
6.998540505930058,1,11.086409964623803,0,0.0,-100.0,1
44.355175635698615,3,22.293400503554373,0,0.0,-100.0,2-3
5.869944665955602,10,10.747831212631468,2,20.0,-78.30404426723551,8-15
11.766898366185051,8,12.516917322700301,0,0.0,-100.0,8-15
14.248726692033928,12,13.261465820454966,3,25.0,-64.50127330796607,8-15
7.542796105380889,3,11.249686644459054,0,0.0,-100.0,2-3
20.59308551584067,7,15.164773467596987,0,0.0,-100.0,4-7
9.82113206926415,7,11.933187433624031,2,28.57142857142857,-64.49013477798383,4-7
52.03854875116306,4,24.598412438193705,1,25.0,-26.711451248836937,4-7
12.862825322550353,4,12.845695409609892,0,0.0,-100.0,4-7
26.57676227744678,1,16.95987649607882,0,0.0,-100.0,1
39.64799377830005,3,20.881245946334797,2,66.66666666666666,62.394650075466785,2-3
25.44234545431689,17,16.619551449139852,4,23.52941176470588,-56.0542631018194,16+
51.23040602696841,1,24.35596962093531,1,100.0,189.92162410787364,1
31.90814476840768,1,18.559291243367092,0,0.0,-100.0,1
20.237896741455906,3,15.058216835281558,0,0.0,-100.0,2-3
14.86459128306718,9,13.44622519776494,1,11.11111111111111,-83.94907054085904,8-15
4.4979344844555476,4,10.33622815818145,0,0.0,-100.0,4-7
17.250854321878972,7,14.162104109408476,1,14.285714285714285,-77.99951181606916,4-7
9.053614467893835,10,11.702932153212936,1,10.0,-87.87855421284247,8-15
37.10869561096188,5,20.11945649613335,1,20.0,-53.3130435112305,4-7
8.45217871161217,9,11.522501426328438,0,0.0,-100.0,8-15
19.10671764170397,1,14.718863105355979,0,0.0,-100.0,1
27.57864846480279,11,17.260442352285622,0,0.0,-100.0,8-15
7.65797452161557,7,11.284240169329458,2,28.57142857142857,-66.96231483243935,4-7
21.210553509831293,3,15.350013865794173,1,33.33333333333333,-43.38592865355828,2-3
12.36400337323899,15,12.696048824816483,3,20.0,-73.10879730140881,8-15
27.506407290658775,6,17.238770000042418,0,0.0,-100.0,4-7
5.326746475931299,14,10.584871755624176,0,0.0,-100.0,8-15
49.07055385417893,8,23.708013969098467,2,25.0,-29.679446145821064,8-15
20.68576501786736,5,15.192577318204995,1,20.0,-66.4513879857061,4-7
39.58869846030797,2,20.863457350937175,1,50.0,21.67739692061592,2-3
33.12207429187138,2,18.9234701004062,1,50.0,8.744148583742753,2-3
9.796168620163598,2,11.925698398893864,0,0.0,-100.0,2-3
27.83540441329781,1,17.33746913683413,1,100.0,96.34161765319125,1
40.95351393962267,1,21.272901994731587,0,0.0,-100.0,1
35.507922018366465,2,19.639224418354726,1,50.0,13.515844036732943,2-3
22.30343295959047,5,15.677877700721925,1,20.0,-65.15725363232761,4-7
10.280052094361679,3,12.07086344115329,0,0.0,-100.0,2-3
22.948797863940758,9,15.871487172027013,2,22.22222222222222,-60.7121796764971,8-15
22.72535769276473,6,15.804455120674204,2,33.33333333333333,-41.36618974298037,4-7
13.429742752866808,2,13.01577063870483,0,0.0,-100.0,2-3
7.432216056739316,9,11.216512629866582,2,22.22222222222222,-74.50469683845395,8-15
20.121647232844715,1,15.023341982698199,0,0.0,-100.0,1
8.700074811851263,5,11.596870256400164,1,20.0,-76.03994015051899,4-7
13.825544784982954,13,13.134511248339672,5,38.46153846153847,-46.037623407718534,8-15
25.680915148807042,9,16.691122357486897,2,22.22222222222222,-58.28363097883818,8-15
8.795347182530305,22,11.625451967603878,6,27.27272727272727,-67.22325761905785,16+
5.948586008455609,1,10.771423615381469,0,0.0,-100.0,1
3.989692886472999,2,10.183755678786685,1,50.0,-49.520614227054,2-3
22.54270316727441,5,15.749658763027108,0,0.0,-100.0,4-7
23.845881144984425,4,16.14061215634011,1,25.0,-54.90411885501557,4-7
13.623971598267175,3,13.074039292324938,1,33.33333333333333,-53.50137120231043,2-3
31.724608761243918,7,18.504230441217963,2,28.57142857142857,-39.45758998714981,4-7
16.482696004123248,2,13.931656614081762,0,0.0,-100.0,2-3
16.51519869338002,6,13.941407420858793,0,0.0,-100.0,4-7
14.86105001925069,16,13.445162818619993,5,31.25,-54.86118747593663,16+
4.0219993952370405,4,10.193447631415898,0,0.0,-100.0,4-7
11.149618776711126,6,12.331733445858124,1,16.666666666666664,-78.40025414885925,4-7
3.5655932610772614,6,10.056525791167964,1,16.666666666666664,-83.45627115928183,4-7
13.606947106892303,9,13.068931944912476,2,22.22222222222222,-69.01604701609574,8-15
28.022141684028075,13,17.39349031805321,3,23.076923076923077,-54.51802306089716,8-15
3.1663315201356768,2,9.936747268885489,0,0.0,-100.0,2-3
11.72481240596768,7,12.50429153463509,1,14.285714285714285,-81.15725005373275,4-7
11.712655878221124,10,12.500644576311123,1,10.0,-86.81493764871155,8-15
28.031874877628244,10,17.39641027613326,1,10.0,-80.28725004894869,8-15
10.117239509599916,3,12.022019665724763,1,33.33333333333333,-58.17701398720012,2-3
33.32078373584449,6,18.983082933598133,2,33.33333333333333,-27.238955018874,4-7
10.510711379853197,2,12.140061226800745,0,0.0,-100.0,2-3
31.90240240095027,3,18.557568533129867,1,33.33333333333333,-29.130130132066306,2-3
31.916846058176446,2,18.56190163029772,0,0.0,-100.0,2-3
17.71409447990808,4,14.30107615681721,0,0.0,-100.0,4-7
17.33009109737584,5,14.185875142057538,2,40.0,-38.271854244198664,4-7
5.8326220764334575,10,10.736634435774823,2,20.0,-78.33390233885324,8-15
20.233052048790633,3,15.056763427481975,0,0.0,-100.0,2-3
31.519028502595585,12,18.44255636362346,3,25.0,-47.23097149740441,8-15
6.724677476994674,1,11.004251055943188,0,0.0,-100.0,1
31.848480284490588,3,18.54139189819196,0,0.0,-100.0,2-3
36.59383601685095,2,19.964998617900072,0,0.0,-100.0,2-3
9.529033696854288,4,11.845557921901072,0,0.0,-100.0,4-7
17.548526382287644,6,14.25140572753108,1,16.666666666666664,-74.13431574514158,4-7
48.55865352427174,4,23.554443870126306,0,0.0,-100.0,4-7
11.945102879898691,1,12.570378676814393,0,0.0,-100.0,1
31.63080271531567,4,18.476088627439484,0,0.0,-100.0,4-7
10.532634834631809,7,12.146638263234328,0,0.0,-100.0,4-7
15.4791901410581,4,13.630604855162215,1,25.0,-63.2708098589419,4-7
10.54203948800015,4,12.149459659244831,1,25.0,-68.20796051199984,4-7
13.630712844291923,2,13.076061666132363,0,0.0,-100.0,2-3
23.349142192768106,1,15.991590470675218,0,0.0,-100.0,1
18.722752783732663,1,14.603673647964586,0,0.0,-100.0,1
19.659509505681207,2,14.884700664549147,0,0.0,-100.0,2-3
9.982944806864461,10,11.981731254904124,0,0.0,-100.0,8-15
40.601116921256285,2,21.16718288922167,1,50.0,23.70223384251258,2-3
34.672080182966496,2,19.388471867734737,0,0.0,-100.0,2-3
27.476109005434633,8,17.229680514475177,2,25.0,-51.27389099456536,8-15
50.876377127236815,3,24.24976095101583,0,0.0,-100.0,2-3
27.359622885411078,6,17.19473467846811,0,0.0,-100.0,4-7
2.0733516000744774,4,9.608853292867128,1,25.0,-76.67664839992553,4-7
6.092666753672147,3,10.814647838946431,0,0.0,-100.0,2-3
11.767511204417394,5,12.517101174170003,0,0.0,-100.0,4-7
27.480191779736906,13,17.23090534676586,1,7.6923076923076925,-85.00609483700401,8-15
5.014564799115687,12,10.491217252579492,1,8.333333333333332,-91.24514506696144,8-15
18.162086298144033,12,14.435473702287997,1,8.333333333333332,-86.86263790061865,8-15
26.449803792274512,1,16.921788950527137,0,0.0,-100.0,1
12.422882473596884,2,12.71371255492385,0,0.0,-100.0,2-3
20.57395211474971,1,15.1590334472697,0,0.0,-100.0,1
24.047694585083715,8,16.2011561883699,0,0.0,-100.0,8-15
26.9527613895089,3,17.072676229697457,1,33.33333333333333,-35.72965148065481,2-3
16.046849390237796,7,13.800902629916125,2,28.57142857142857,-57.37502926829966,4-7
33.10572203185274,10,18.918564422400607,4,40.0,-13.03084474903562,8-15
13.160624790141389,17,12.935035249887203,4,23.52941176470588,-67.61352960927869,16+
18.635039303157384,2,14.577359603792,1,50.0,-20.229921393685228,2-3
17.922349236891,6,14.363552583912087,2,33.33333333333333,-47.77020101747866,4-7
17.219326297999583,3,14.152645702244659,0,0.0,-100.0,2-3
21.227358138763247,2,15.35505525447376,0,0.0,-100.0,2-3
36.574664465249434,2,19.959247152419614,0,0.0,-100.0,2-3
3.932339706923714,15,10.1665497249219,2,13.333333333333334,-86.56941882297401,8-15
15.644648168516579,13,13.680242263399759,2,15.384615384615385,-77.29560112706673,8-15
6.766139617746836,5,11.016689698168838,2,40.0,-55.174176611605056,4-7
3.965656319183027,8,10.176544708599694,3,37.5,-62.17651552122546,8-15
11.540680690350182,9,12.449052019949841,0,0.0,-100.0,8-15
39.235803317645946,4,20.757588808138568,1,25.0,-39.514196682354054,4-7
23.111886912968796,10,15.920413886735425,1,10.0,-82.25524523481248,8-15
14.365689040725057,12,13.296554525062303,2,16.666666666666664,-76.2562073061833,8-15
11.104029682668424,4,12.318056717645314,0,0.0,-100.0,4-7
22.73380268799687,1,15.806988619243848,1,100.0,75.93521075198747,1
16.85873432469457,4,14.044468110253156,1,25.0,-61.891265675305426,4-7
15.888449049343265,4,13.753382527647764,0,0.0,-100.0,4-7
5.535101313521093,21,10.647378206901115,2,9.523809523809524,-89.7961518805634,16+
9.501605666772578,2,11.83732951287656,0,0.0,-100.0,2-3
34.36897932805126,12,19.297541611260165,3,25.0,-44.38102067194874,8-15
20.734830065326488,3,15.207296832442733,1,33.33333333333333,-44.020226579564685,2-3
8.23887652953474,8,11.458510771705207,4,50.0,-41.022246940930515,8-15
22.322883463619178,4,15.68371285193054,0,0.0,-100.0,4-7
31.814857027844955,5,18.53130492119827,1,20.0,-57.54811437772403,4-7
11.331708479196765,5,12.386360356603815,2,40.0,-47.869266433285176,4-7
16.749317662386566,10,14.011643111560756,2,20.0,-69.60054587009074,8-15
60.82318051262844,4,27.23380196663332,1,25.0,-17.92681948737156,4-7
23.098147106454434,6,15.916291944781117,0,0.0,-100.0,4-7
34.60006652630136,2,19.366867770735197,0,0.0,-100.0,2-3
22.614018976296148,6,15.771053505733631,1,16.666666666666664,-70.75732068246924,4-7
45.64065006742648,10,22.679042833072728,2,20.0,-46.487479946058826,8-15
24.106740720750818,1,16.218870029070033,0,0.0,-100.0,1
25.598662800510514,14,16.66644665299794,4,28.57142857142857,-46.458671085130845,8-15
26.45044284291636,3,16.921980665719694,0,0.0,-100.0,2-3
15.46203365285048,2,13.625457908699929,0,0.0,-100.0,2-3
25.83629951912423,3,16.737737668582053,0,0.0,-100.0,2-3
39.34714763421104,5,20.7909921031081,2,40.0,-3.044563785262333,4-7
14.930993612014957,5,13.466145896449271,2,40.0,-42.110410220776075,4-7
2.301293350971933,6,9.677235818136367,2,33.33333333333333,-68.59827553203742,4-7
16.50301665986384,10,13.93775281080394,2,20.0,-69.79758667210892,8-15
19.163116901961192,6,14.735782883433144,0,0.0,-100.0,4-7
19.076880212281008,4,14.70991187652909,0,0.0,-100.0,4-7
11.345403997083855,4,12.390469011969943,1,25.0,-67.40459600291615,4-7
4.661289511378188,4,10.385234666258242,1,25.0,-74.08871048862183,4-7
10.601554562128017,1,12.16731418148319,0,0.0,-100.0,1
36.53455001341771,8,19.9472128168701,1,12.5,-71.10772499329114,8-15
12.52842482703965,8,12.745375260956681,0,0.0,-100.0,8-15
18.344605937028955,9,14.49022959395347,1,11.11111111111111,-82.40239736132045,8-15
19.55530793361039,12,14.853440192927902,3,25.0,-59.19469206638961,8-15
7.6862304811794875,6,11.292716957198632,0,0.0,-100.0,4-7
31.10789806278821,2,18.319217231681247,0,0.0,-100.0,2-3
10.576103659928702,10,12.159678910823397,0,0.0,-100.0,8-15
14.347773778238965,9,13.291179946316475,4,44.44444444444444,-36.71506883868629,8-15
32.61346024964707,1,18.770885887738906,0,0.0,-100.0,1
20.939997120471265,6,15.268846948986164,1,16.666666666666664,-71.87333525301915,4-7
26.871546407303697,4,17.048311735035895,0,0.0,-100.0,4-7
21.73491688674915,2,15.50732287886953,1,50.0,-14.030166226501715,2-3
4.306610870601309,8,10.27883107402518,0,0.0,-100.0,8-15
5.7587623839156,3,10.714476528019466,0,0.0,-100.0,2-3
18.04886077340647,4,14.401506044866727,0,0.0,-100.0,4-7
26.90314396414788,4,17.05779100208915,1,25.0,-51.84685603585212,4-7
20.775872733549434,5,15.219609632909616,0,0.0,-100.0,4-7
14.287574678753396,14,13.273120216470804,1,7.142857142857142,-89.84640723464189,8-15
26.732719305820947,3,17.00666360459107,1,33.33333333333333,-36.02304092557208,2-3
41.036393809750265,6,21.297765955769865,2,33.33333333333333,-16.951474920332984,4-7
21.912139540572742,3,15.560489675016608,0,0.0,-100.0,2-3
8.199640775077171,2,11.446740045367937,0,0.0,-100.0,2-3
38.999571982138185,8,20.686719407486244,2,25.0,-39.750428017861815,8-15
7.35075457043369,10,11.192074183974892,1,10.0,-88.55969817182651,8-15
2.552612309857681,2,9.752631505802091,0,0.0,-100.0,2-3
10.266185844402406,1,12.066703566165508,0,0.0,-100.0,1
22.67214379028914,4,15.788490949931527,2,50.0,-12.155712419421725,4-7
31.364875014179596,7,18.396310317098663,0,0.0,-100.0,4-7
16.958656619392766,2,14.074444798662617,0,0.0,-100.0,2-3
6.977163002244831,1,11.079996713518234,0,0.0,-100.0,1
27.789464502700316,5,17.32368716365488,2,40.0,-21.5368567956795,4-7
10.717381276911459,4,12.202062195918224,1,25.0,-68.03261872308855,4-7
12.559862227125857,2,12.754806480982541,1,50.0,-32.38027554574829,2-3
30.198878308983534,7,18.04651130553985,0,0.0,-100.0,4-7
9.981793435516002,1,11.981385843499586,0,0.0,-100.0,1
33.841799567769456,5,19.13938768317562,0,0.0,-100.0,4-7
23.111290304849906,5,15.920234904299758,2,40.0,-29.021935512240148,4-7
24.152938455900657,2,16.23272934961498,0,0.0,-100.0,2-3
47.40698514918862,1,23.208943357601374,0,0.0,-100.0,1
15.173443471246465,14,13.538880854218727,1,7.142857142857142,-89.59330186535816,8-15
22.602941403381614,10,15.76773023385927,2,20.0,-64.9176468772947,8-15
24.845024349714436,6,16.44035511775912,2,33.33333333333333,-38.53996753371408,4-7
34.307247341057895,4,19.279022015162152,1,25.0,-44.44275265894211,4-7
23.933831106803822,13,16.166997144885933,2,15.384615384615385,-72.19456547273612,8-15
19.959273546650344,9,14.97462987683989,1,11.11111111111111,-81.68476731259983,8-15
11.222207283745398,10,12.353509997968406,2,20.0,-74.02223417300368,8-15
36.8182712640482,2,20.032329192059244,1,50.0,16.1365425280964,2-3
23.5376811865656,3,16.048152168814468,0,0.0,-100.0,2-3
27.62815375656339,3,17.275293939813803,0,0.0,-100.0,2-3
6.151791800279243,2,10.832385352928558,0,0.0,-100.0,2-3
34.39097710939548,7,19.304140945663427,1,14.285714285714285,-68.2051559374883,4-7
22.303449291282842,2,15.677882600229639,0,0.0,-100.0,2-3
3.7831745203601796,1,10.121800168952841,0,0.0,-100.0,1
27.75499787629449,5,17.31334717573313,1,20.0,-60.79600169896442,4-7
16.024871302452944,4,13.794309203580667,0,0.0,-100.0,4-7
20.545351878753326,6,15.150453376470786,1,16.666666666666664,-72.13643208083113,4-7
9.186822518688187,3,11.742894568451243,1,33.33333333333333,-59.417569975082415,2-3
21.916819360277618,1,15.561893620928071,0,0.0,-100.0,1
2.7056812555638863,10,9.79855218951395,2,20.0,-80.8354549955489,8-15
6.381600035397216,2,10.901327823463951,0,0.0,-100.0,2-3
35.29884045338149,2,19.576499948859233,0,0.0,-100.0,2-3
18.37315054662206,1,14.498792976831403,0,0.0,-100.0,1
13.001527726056713,8,12.887306130661798,3,37.5,-48.622708410914925,8-15
18.913859943972234,14,14.661005796036456,3,21.428571428571427,-65.57383433373809,8-15
26.777946894488704,1,17.020231881191396,0,0.0,-100.0,1
15.890018059526831,2,13.753853230702834,0,0.0,-100.0,2-3
53.9543277221376,10,25.173146129486064,2,20.0,-39.83653782228993,8-15
23.91473797284673,3,16.161269204698804,0,0.0,-100.0,2-3
18.513725213260418,4,14.540965376822912,0,0.0,-100.0,4-7
1.521398854212812,2,9.44326746910863,0,0.0,-100.0,2-3
10.493101108579149,5,12.134778145418531,0,0.0,-100.0,4-7
16.31711513661446,11,13.881982353829125,1,9.090909090909092,-86.33923085941294,8-15
2.6062219880188002,7,9.768714409250427,1,14.285714285714285,-86.36787314970354,4-7
25.352751548842043,6,16.5926732774974,1,16.666666666666664,-68.93149896743864,4-7
6.133082950040806,1,10.826772697857027,0,0.0,-100.0,1
14.22857100879989,1,13.255419115484754,0,0.0,-100.0,1
14.943374093593986,2,13.469860040922981,0,0.0,-100.0,2-3
40.54377394947334,3,21.14997999768679,1,33.33333333333333,-17.60830140070221,2-3
50.27123145785395,10,24.06821725020097,1,10.0,-71.39150741685842,8-15
29.213917937224466,8,17.751023194012124,1,12.5,-74.76804103138777,8-15
10.207690250010884,3,12.04915488784805,0,0.0,-100.0,2-3
13.203435889550274,7,12.947878579709867,1,14.285714285714285,-80.31232234882842,4-7
12.69673132809185,13,12.795867211272341,4,30.76923076923077,-58.21940759619465,8-15
15.00081583196288,6,13.48709256243365,0,0.0,-100.0,4-7
13.475547891830656,11,13.029512180393981,1,9.090909090909092,-87.37252803933431,8-15
9.098217111387,5,11.716312946260885,0,0.0,-100.0,4-7
27.306257663622368,13,17.1787251119315,2,15.384615384615385,-70.11922605315546,8-15
30.79430054212307,2,18.225137975481704,0,0.0,-100.0,2-3
10.811970249528441,10,12.230438887703318,0,0.0,-100.0,8-15
11.748201119030673,12,12.511308148553987,3,25.0,-67.00179888096933,8-15
34.43093875644988,4,19.31612943977975,0,0.0,-100.0,4-7
10.098505823357328,4,12.016399559851983,1,25.0,-68.65149417664267,4-7
26.50330237977332,7,16.937838526776783,0,0.0,-100.0,4-7
35.88070488599839,2,19.751059278644302,0,0.0,-100.0,2-3
6.956261227758811,1,11.07372618117243,0,0.0,-100.0,1
10.357169056535726,5,12.093998529805503,1,20.0,-74.71426475477143,4-7
11.97549392171803,2,12.579495989360195,0,0.0,-100.0,2-3
15.804113805225525,11,13.728081954412444,0,0.0,-100.0,8-15
20.02815985823754,1,14.995295770316048,0,0.0,-100.0,1
12.672072492672767,2,12.788469560646615,0,0.0,-100.0,2-3
22.1204990697359,2,15.622997533765556,1,50.0,-13.259001860528205,2-3
26.757135740061933,7,17.013988534863365,1,14.285714285714285,-72.56735100567889,4-7
57.43460743158373,5,26.217230042319905,3,60.0,88.84305783580095,4-7
35.98925375866264,6,19.78362394044358,1,16.666666666666664,-61.84049749422491,4-7
27.107539215177795,4,17.119109577398124,1,25.0,-51.642460784822205,4-7
15.995336841128932,4,13.785448865183467,0,0.0,-100.0,4-7
13.17737136945678,4,12.940059223681821,1,25.0,-65.57262863054322,4-7
33.81222886024692,5,19.130516470918863,0,0.0,-100.0,4-7
13.05957310567843,4,12.904719744548315,1,25.0,-65.69042689432158,4-7
15.628434237661331,3,13.675378084143187,0,0.0,-100.0,2-3
9.674108365337727,4,11.889080322446105,0,0.0,-100.0,4-7
15.36574093833106,5,13.596570094344104,1,20.0,-70.70740724933515,4-7
8.109621884745607,6,11.419734378268467,1,16.666666666666664,-80.42691874350292,4-7
17.154061936203068,2,14.133066393705707,0,0.0,-100.0,2-3
14.7059439809168,2,13.398631007119826,0,0.0,-100.0,2-3
18.368801026304503,5,14.497488120736138,0,0.0,-100.0,4-7
17.218259798745933,9,14.152325752468567,1,11.11111111111111,-82.90299564500181,8-15
26.451788735109698,2,16.922384433377697,0,0.0,-100.0,2-3
17.4117986264393,6,14.210387400776575,2,33.33333333333333,-48.4509351647476,4-7
23.817442705890915,1,16.132080624612062,1,100.0,80.26977082356368,1
25.40619342008602,6,16.60870583887059,0,0.0,-100.0,4-7
21.138651819658012,5,15.328443358742188,2,40.0,-32.178157088547174,4-7
21.430415571444524,2,15.415972484278143,1,50.0,-14.639168857110946,2-3
13.739992536844126,4,13.108845573898023,0,0.0,-100.0,4-7
33.99197014654613,4,19.184438856808626,1,25.0,-44.75802985345388,4-7
24.549696364027447,5,16.35175672205302,2,40.0,-26.720485817556078,4-7
4.6848891488670645,1,10.392314557504905,0,0.0,-100.0,1
8.384043323346216,2,11.50206080984865,0,0.0,-100.0,2-3
21.815149296598495,10,15.531392601824335,2,20.0,-65.54788056272119,8-15
14.820956532676535,6,13.433134772647747,0,0.0,-100.0,4-7
20.299082363105033,2,15.076572521776296,0,0.0,-100.0,2-3
3.534536278219824,3,10.047208696310733,1,33.33333333333333,-66.95395162904025,2-3
23.87219708205618,6,16.14850693746164,0,0.0,-100.0,4-7
4.971812921970082,3,10.47839168943581,1,33.33333333333333,-65.03758277070655,2-3
37.67763710435893,4,20.290138944152464,0,0.0,-100.0,4-7
11.493762610989894,9,12.434976596141754,1,11.11111111111111,-85.44721661733784,8-15
20.0766586613953,5,15.009845411263376,1,20.0,-66.93867307088375,4-7
8.388813234725442,1,11.503491783262417,0,0.0,-100.0,1
1.9391118848480222,11,9.568581378299193,2,18.181818181818183,-83.13519135647415,8-15
8.558913020344532,3,11.554521718948147,1,33.33333333333333,-60.254782639540615,2-3
14.82679861746184,4,13.434887398083337,1,25.0,-63.92320138253817,4-7
3.6675808203674247,2,10.087122058955014,0,0.0,-100.0,2-3
53.382512321223096,6,25.001601509211714,1,16.666666666666664,-50.24499178585127,4-7
17.946874993337925,3,14.370910310846163,0,0.0,-100.0,2-3
9.150665146553253,4,11.732047356810762,0,0.0,-100.0,4-7
30.108052078343995,13,18.019263436347984,2,15.384615384615385,-68.39504487486523,8-15
14.730936976588598,7,13.406128905821365,0,0.0,-100.0,4-7
25.964062842305996,3,16.776066665536586,0,0.0,-100.0,2-3
8.401712790689622,8,11.507361650051672,0,0.0,-100.0,8-15
32.20266716701209,1,18.64764796294841,0,0.0,-100.0,1
9.756281539908935,1,11.913732274817466,0,0.0,-100.0,1
18.575927224899893,3,14.559625980314753,0,0.0,-100.0,2-3
16.201773647078397,14,13.847379906968305,2,14.285714285714285,-78.59898648738378,8-15
37.242128187434396,3,20.159486269075106,0,0.0,-100.0,2-3
19.28962999894735,4,14.773736812528993,0,0.0,-100.0,4-7
23.147997954399656,4,15.931247199164684,0,0.0,-100.0,4-7
27.573761162352994,14,17.258976161550684,2,14.285714285714285,-72.10070790722686,8-15
8.370710762504348,3,11.49806104159609,1,33.33333333333333,-60.50571898332754,2-3
15.170113425906443,5,13.53788184061672,0,0.0,-100.0,4-7
29.59280838254998,5,17.86469032760978,1,20.0,-59.32575329396001,4-7
24.18618245755317,9,16.24270255011074,1,11.11111111111111,-79.80614112997638,8-15
14.357538544737741,3,13.294109376266109,0,0.0,-100.0,2-3
28.714200550938646,4,17.60110797812638,0,0.0,-100.0,4-7
12.745446590897803,6,12.810481790114125,0,0.0,-100.0,4-7
11.361770916979468,4,12.395379087938627,0,0.0,-100.0,4-7
10.097581979079944,8,12.016122406568769,2,25.0,-68.65241802092005,8-15
22.244434458237393,5,15.660178150316003,2,40.0,-30.408904866820173,4-7
11.712842294424203,9,12.500700501172046,0,0.0,-100.0,8-15
37.148522419547284,8,20.13140453870897,1,12.5,-70.80073879022636,8-15
62.85709085562399,2,27.84397506953198,0,0.0,-100.0,2-3
9.005666402514354,2,11.688547733599092,0,0.0,-100.0,2-3
13.932785220833471,2,13.166683379094826,1,50.0,-29.63442955833307,2-3
28.40376741268723,9,17.507978036650957,5,55.55555555555556,10.341705361527177,8-15
21.92635293138331,2,15.564753692259778,0,0.0,-100.0,2-3
12.01258623138799,3,12.590623682261185,1,33.33333333333333,-55.649885024816,2-3
24.611123780765535,4,16.370184947074446,1,25.0,-54.13887621923447,4-7
23.21811142721608,5,15.952281241009608,1,20.0,-64.42551085822713,4-7
26.953673504662866,5,17.072949864243647,0,0.0,-100.0,4-7
38.40905047385776,6,20.509562955002114,0,0.0,-100.0,4-7
26.11835903347351,12,16.822355522886838,2,16.666666666666664,-68.42109397768434,8-15
13.671095797121819,3,13.08817655198133,0,0.0,-100.0,2-3
10.388981920849533,4,12.103542389099646,2,50.0,-36.72203615830094,4-7
15.559157209029584,4,13.65459497555366,1,25.0,-63.190842790970414,4-7
21.017726640437566,3,15.292165804976058,0,0.0,-100.0,2-3
4.094499920115776,5,10.215197788879518,3,60.0,-39.17320019172214,4-7
17.007952227543225,9,14.089233481107755,1,11.11111111111111,-82.99646567664746,8-15
44.180937906501455,8,22.241129184795223,1,12.5,-67.28453104674928,8-15
63.592737517176865,1,28.064669067997848,0,0.0,-100.0,1
20.35917566428152,2,15.094600512129242,0,0.0,-100.0,2-3
5.328976916168596,3,10.585540887695364,1,33.33333333333333,-64.5613641117752,2-3
21.211590708816264,5,15.350325025489663,0,0.0,-100.0,4-7
4.626610798651968,5,10.374831052440376,0,0.0,-100.0,4-7
11.342964273026485,3,12.389737094752732,0,0.0,-100.0,2-3
21.609103550400814,2,15.469578877965029,0,0.0,-100.0,2-3
25.844221496444714,2,16.7401142617782,0,0.0,-100.0,2-3
37.523507491724175,6,20.243900060362037,1,16.666666666666664,-60.81766167218389,4-7
4.541047343008688,7,10.349162015747392,1,14.285714285714285,-85.26225866113789,4-7
17.125198644072878,7,14.12440740606665,0,0.0,-100.0,4-7
13.949851427911161,6,13.171803241218132,0,0.0,-100.0,4-7
29.064412346634455,1,17.706171516835123,0,0.0,-100.0,1
7.871763725675336,3,11.348376930547387,0,0.0,-100.0,2-3
5.768544523377991,3,10.717411169858183,1,33.33333333333333,-63.97527396882935,2-3
18.306137325343148,6,14.478689010447729,0,0.0,-100.0,4-7
3.2674946584950364,3,9.967096210393297,0,0.0,-100.0,2-3
26.940454507275874,9,17.068984165027548,1,11.11111111111111,-78.5820202189885,8-15
25.731429197607902,9,16.70627657212716,1,11.11111111111111,-79.11936480106316,8-15
16.609040852173422,1,13.969560068496815,0,0.0,-100.0,1
13.272455753837113,10,12.96858453899592,1,10.0,-86.19101769846515,8-15
18.972384041351194,2,14.678563025250144,0,0.0,-100.0,2-3
18.760713967249583,2,14.615062003019661,0,0.0,-100.0,2-3
38.39953845097753,8,20.506709348138045,1,12.5,-70.17523077451123,8-15
34.750133371078235,8,19.411887824168257,2,25.0,-43.99986662892177,8-15
37.7023500226108,2,20.297552819628027,1,50.0,17.904700045221595,2-3
41.249299429889255,7,21.36163764181156,1,14.285714285714285,-64.28611461149185,4-7
23.98709246781452,2,16.18297555318914,0,0.0,-100.0,2-3
11.619563452834207,4,12.472716848695049,1,25.0,-67.1304365471658,4-7
35.14995388336518,11,19.531833977854337,3,27.27272727272727,-38.47277758178345,8-15
40.41475570723503,3,21.111274525015293,0,0.0,-100.0,2-3
32.18073063770718,5,18.641067004156938,1,20.0,-57.25541548983425,4-7
29.688594305198805,3,17.893426104404426,1,33.33333333333333,-32.081874259734924,2-3
13.060753936322559,3,12.905073993741553,1,33.33333333333333,-54.252328084903255,2-3
32.77220911202759,3,18.818510546453062,0,0.0,-100.0,2-3
9.205006089688709,4,11.7483496397514,0,0.0,-100.0,4-7
39.786075905127824,2,20.922670584383134,2,100.0,144.14430362051132,2-3
14.372561225428651,4,13.298616180473383,0,0.0,-100.0,4-7
5.985918257745999,5,10.782623290168585,1,20.0,-78.2112653938032,4-7
43.968721666239986,7,22.177464312716783,0,0.0,-100.0,4-7
33.51073751915954,4,19.040069068592647,1,25.0,-45.239262480840466,4-7
26.123335328503323,3,16.823848411395783,1,33.33333333333333,-36.83555289532891,2-3
22.265072195585788,3,15.666369471520522,0,0.0,-100.0,2-3
12.566025988418305,1,12.756655609370277,0,0.0,-100.0,1
30.195722468627462,4,18.045564553433024,0,0.0,-100.0,4-7
9.226401542368189,1,11.754768275555243,0,0.0,-100.0,1
5.891070177283185,12,10.75416886602974,2,16.666666666666664,-81.90595321514455,8-15
37.25580979569525,7,20.16359075155336,1,14.285714285714285,-66.56810868817415,4-7
31.80072231582418,11,18.52706450759204,2,18.181818181818183,-61.417656497582406,8-15
34.95316340458521,8,19.47279683422035,1,12.5,-71.8984182977074,8-15
43.03235825050342,3,21.89655528799581,0,0.0,-100.0,2-3
9.118851089951988,2,11.722503139830382,0,0.0,-100.0,2-3
23.87347445299538,8,16.1488901487434,0,0.0,-100.0,8-15
19.590511405103797,3,14.864001234375927,0,0.0,-100.0,2-3
24.66341981495875,17,16.385873757332412,6,35.294117647058826,-35.18105437888177,16+
14.811660104272745,3,13.43034584412661,0,0.0,-100.0,2-3
29.66211985757931,9,17.88548377011858,1,11.11111111111111,-77.37239117440919,8-15
30.991881781811596,14,18.284412347388265,4,28.57142857142857,-40.294992249358174,8-15
21.488434659966995,23,15.433378210834887,3,13.043478260869565,-77.70168626436504,16+
2.2249138559423383,6,9.654321969627489,0,0.0,-100.0,4-7
14.729970024010546,1,13.405838820047949,0,0.0,-100.0,1
46.14720105111939,1,22.831008128180603,0,0.0,-100.0,1
28.78802223607621,5,17.62325448366765,1,20.0,-59.96958221113904,4-7
39.66030898800317,3,20.884940509245737,0,0.0,-100.0,2-3
2.980272080673578,2,9.88092943704686,0,0.0,-100.0,2-3
2.4222980596960704,3,9.713537230753607,0,0.0,-100.0,2-3
16.850182191016437,6,14.041902470149717,2,33.33333333333333,-49.199757078644744,4-7
26.300052262322648,6,16.87686349154158,0,0.0,-100.0,4-7
30.323167425317276,3,18.08379804043997,0,0.0,-100.0,2-3
16.587195810931686,2,13.963006556124292,0,0.0,-100.0,2-3
20.358613710933323,2,15.094431926124782,0,0.0,-100.0,2-3
4.855552025760236,1,10.443513420572856,0,0.0,-100.0,1
22.00822330511894,6,15.589314804380466,0,0.0,-100.0,4-7
8.004888780699352,5,11.388314447054592,1,20.0,-76.59608897544052,4-7
31.593105312358976,3,18.464779406552477,1,33.33333333333333,-29.542526250188033,2-3
17.531823251824434,19,14.246394788392116,3,15.789473684210526,-75.50621689358456,16+
30.433696574418484,12,18.11695678517033,1,8.333333333333332,-82.7721011418605,8-15
12.961314930750731,13,12.875242292070006,1,7.6923076923076925,-89.473441559769,8-15
20.995683548720084,14,15.285552877460812,4,28.57142857142857,-51.719218801462766,8-15
11.877662256971783,5,12.55014648993632,2,40.0,-46.99574038884515,4-7
9.821192841762025,1,11.933205665373393,0,0.0,-100.0,1
14.428956823175124,2,13.315534859797323,0,0.0,-100.0,2-3
11.012135694973084,9,12.29048852133671,0,0.0,-100.0,8-15
30.611429295725127,7,18.170276601562325,3,42.857142857142854,-11.094692635899783,4-7
17.607425880507773,6,14.269075576997118,1,16.666666666666664,-74.09504941299483,4-7
13.980256002022754,2,13.18092461345161,0,0.0,-100.0,2-3
18.739090576879445,8,14.608574985908618,2,25.0,-60.01090942312055,8-15
12.956820823492066,2,12.873894059892404,0,0.0,-100.0,2-3
15.310617553089262,22,13.580033078771564,2,9.090909090909092,-86.70522998069482,16+
27.714317316459926,3,17.301143007782763,1,33.33333333333333,-34.71424357805343,2-3
16.97624118433269,20,14.079720168144593,3,15.0,-77.06425528940038,16+
15.06148777462608,17,13.505294145232611,2,11.76470588235294,-82.91224104723479,16+
32.670874303021535,9,18.788110103751247,2,22.22222222222222,-52.07033395286974,8-15
7.377604839399303,7,11.200129264664577,0,0.0,-100.0,4-7
12.276278494191297,1,12.669731361102176,0,0.0,-100.0,1
14.50876255264348,8,13.339476578637829,1,12.5,-82.12061872367825,8-15
42.76977710736789,4,21.817780945055155,0,0.0,-100.0,4-7
20.813711724060294,3,15.230961330062875,0,0.0,-100.0,2-3
17.356155749405893,1,14.193694537666554,0,0.0,-100.0,1
4.316335263661999,7,10.281748391943385,2,28.57142857142857,-70.78133112724342,4-7
10.661606762090848,1,12.185329841472042,0,0.0,-100.0,1
26.40873722030265,5,16.909468978935582,1,20.0,-61.87301022375789,4-7
9.162727192437279,8,11.73566597057597,3,37.5,-54.380909211344076,8-15
23.697071525278528,1,16.095969270428345,0,0.0,-100.0,1
36.75239642726203,8,20.012566741023395,2,25.0,-41.99760357273797,8-15
14.706691936530653,5,13.398855393803982,0,0.0,-100.0,4-7
12.556294878726588,2,12.753736276462762,1,50.0,-32.387410242546835,2-3
4.460810231298202,2,10.325090882234248,0,0.0,-100.0,2-3
17.4844407418912,4,14.232180035412146,2,50.0,-22.53111851621761,4-7
24.698053361247855,2,16.396263821219144,0,0.0,-100.0,2-3
7.578663408766443,5,11.260446835474719,1,20.0,-76.93706927298685,4-7
3.286287785790927,4,9.972734148582063,1,25.0,-75.46371221420907,4-7
19.124256863363,4,14.724124871853686,1,25.0,-59.62574313663699,4-7
14.275334432860532,3,13.269448142702945,0,0.0,-100.0,2-3
39.115647861390826,2,20.721542171262033,0,0.0,-100.0,2-3
6.095359778380192,8,10.815455746358843,0,0.0,-100.0,8-15
31.40155672908155,7,18.40731483156925,1,14.285714285714285,-69.91339615481054,4-7
21.53828115695994,8,15.448332159932768,2,25.0,-57.21171884304006,8-15
17.288300844787063,3,14.173338066280905,0,0.0,-100.0,2-3
33.054038931894034,10,18.903059492412996,3,30.0,-34.83515328172715,8-15
36.158564196564534,3,19.834417071814148,1,33.33333333333333,-23.455247737913947,2-3
14.56215308601187,2,13.355493738648347,0,0.0,-100.0,2-3
24.208874075518942,7,16.24951003550047,0,0.0,-100.0,4-7
17.80939737813096,10,14.329667026284074,0,0.0,-100.0,8-15
7.024344172685122,9,11.094151064650323,1,11.11111111111111,-87.43362481213994,8-15
21.439353813132584,1,15.418653956784562,0,0.0,-100.0,1
16.80115583070848,4,14.02719456205733,1,25.0,-61.94884416929152,4-7
26.380522589078204,6,16.901004589568245,3,50.0,-4.738954821843581,4-7
24.010058198450793,12,16.189865272380025,1,8.333333333333332,-84.91331393384974,8-15
18.856225624483383,4,14.643715500189803,1,25.0,-59.893774375516614,4-7
16.852128076220545,4,14.04248623571095,1,25.0,-61.897871923779455,4-7
32.372160533536565,9,18.698495972905754,0,0.0,-100.0,8-15
12.04819859694351,1,12.60130739192784,1,100.0,33.19279438777405,1
43.29680128018552,4,21.975888196900442,2,50.0,29.093602560371036,4-7
17.131342680407602,2,14.126250616967068,0,0.0,-100.0,2-3
15.781316276694838,14,13.721242695853237,2,14.285714285714285,-78.83924784188866,8-15
17.66944322454967,12,14.287680780209689,3,25.0,-61.080556775450326,8-15
10.585045552391783,12,12.162361478562321,1,8.333333333333332,-89.38831814920275,8-15
8.602188493876726,11,11.567504361007805,2,18.181818181818183,-78.28931745899874,8-15
3.166804278725641,4,9.936889096462478,0,0.0,-100.0,4-7
28.29843090708576,4,17.476377084970512,0,0.0,-100.0,4-7
35.006293041661266,6,19.488735725343165,0,0.0,-100.0,4-7
33.85368530061007,7,19.142953403027803,1,14.285714285714285,-68.51217982822283,4-7
37.57472548958851,4,20.25926545972134,2,50.0,17.649450979177036,4-7
7.834663948304181,6,11.33724699733604,1,16.666666666666664,-80.61022403446387,4-7
11.08133973804663,2,12.311249734258775,0,0.0,-100.0,2-3
21.831406409423376,3,15.536269735671798,0,0.0,-100.0,2-3
12.434489577525826,6,12.717194686102534,0,0.0,-100.0,4-7
33.80971041949839,16,19.1297609386943,4,25.0,-44.94028958050161,16+
33.98617496362182,5,19.182700301931334,1,20.0,-55.81106002910254,4-7
9.226431192948239,7,11.754777170729259,2,28.57142857142857,-65.16979292234487,4-7
2.3462287653872593,7,9.690716442460964,0,0.0,-100.0,4-7
36.49097006405624,5,19.93413883206166,1,20.0,-53.80722394875501,4-7
33.12977012200581,9,18.92577884944653,4,44.44444444444444,-3.324853116434113,8-15
7.10218514392783,4,11.117503356023136,0,0.0,-100.0,4-7
10.41656825942808,4,12.11181829067321,0,0.0,-100.0,4-7
4.18903387581421,5,10.243557975589049,0,0.0,-100.0,4-7
27.38743326179139,9,17.203077791382203,1,11.11111111111111,-78.38336299475938,8-15
20.682252447016154,3,15.19152354694963,0,0.0,-100.0,2-3
38.61152355141061,10,20.57030487826797,1,10.0,-76.05539057943575,8-15
29.143371527697347,11,17.72985927115399,4,36.36363636363637,-26.700550505167485,8-15
18.000388230051893,8,14.386964281860354,2,25.0,-60.74961176994812,8-15
6.607465331194612,1,10.96908741220317,0,0.0,-100.0,1
3.103657195691825,1,9.917944971552334,0,0.0,-100.0,1
5.672125892719613,4,10.68848558066067,1,25.0,-73.07787410728038,4-7
11.99120358923277,4,12.584208889614617,0,0.0,-100.0,4-7
15.053146182212648,15,13.502791667508578,2,13.333333333333334,-80.63832203615326,8-15
13.650765882197941,1,13.082077577504167,0,0.0,-100.0,1
34.64006854630114,7,19.378868376735127,1,14.285714285714285,-68.06281797354222,4-7
27.29122294796653,4,17.174214697234746,0,0.0,-100.0,4-7
40.84586065558379,4,21.240606009519926,1,25.0,-37.90413934441621,4-7
10.294873419380956,4,12.075309838659074,0,0.0,-100.0,4-7
27.677243134185876,5,17.29002075310055,2,40.0,-21.716410985302602,4-7
40.14647921468966,8,21.030791577251684,1,12.5,-69.30176039265517,8-15
39.78932654987202,8,20.923645777806392,3,37.5,-8.441010175191968,8-15
1.1666602432086273,3,9.336845885807374,0,0.0,-100.0,2-3
10.869230410158785,5,12.247616935892422,1,20.0,-74.30461567187298,4-7
4.2378080465550205,2,10.258190226811292,1,50.0,-49.02438390688995,2-3
20.680934905037944,4,15.19112828435617,0,0.0,-100.0,4-7
23.99821800110748,2,16.18631321317703,0,0.0,-100.0,2-3
13.21658821614953,3,12.951824277689644,0,0.0,-100.0,2-3
32.19737328020353,2,18.646059796905845,1,50.0,6.894746560407057,2-3
16.047636683434344,4,13.801138817875088,1,25.0,-62.70236331656566,4-7
10.093233315574773,9,12.014817807517218,1,11.11111111111111,-86.06967408196678,8-15
19.577109017715816,7,14.85998051815953,1,14.285714285714285,-76.6702234184481,4-7
3.9424018100473726,2,10.169568355858997,0,0.0,-100.0,2-3
22.087640614672186,1,15.613139997246442,0,0.0,-100.0,1
42.10151718194428,3,21.61730296742807,0,0.0,-100.0,2-3
35.36207922891532,1,19.595471581519384,0,0.0,-100.0,1
27.38072361994276,5,17.201064898827614,0,0.0,-100.0,4-7
30.784699663626057,12,18.222257711932606,4,33.33333333333333,-30.620400448498586,8-15
17.738414607258917,3,14.308372195022462,0,0.0,-100.0,2-3
28.40708048591236,6,17.508971958618496,0,0.0,-100.0,4-7
28.573599247562996,4,17.558927587113686,0,0.0,-100.0,4-7
57.231499161995615,5,26.15629756144347,3,60.0,88.3555979887895,4-7
14.94692032869176,6,13.470923911452315,1,16.666666666666664,-75.86871978087217,4-7
25.361963462707337,6,16.595436851656984,0,0.0,-100.0,4-7
15.91168963169227,4,13.760354702352467,1,25.0,-62.838310368307724,4-7
19.02746339865757,3,14.695086832442056,1,33.33333333333333,-46.296715468456576,2-3
13.075312432923116,3,12.909441542721723,1,33.33333333333333,-54.23291675610251,2-3
34.73868765207018,2,19.40845410846584,1,50.0,11.97737530414035,2-3
20.92658098895482,6,15.26482210953123,0,0.0,-100.0,4-7
35.439577411706594,1,19.618721036356764,0,0.0,-100.0,1
7.483792306259335,10,11.231985504722585,2,20.0,-77.01296615499254,8-15
12.047136475340197,4,12.600988755446846,2,50.0,-33.40572704931961,4-7
18.330380453761926,3,14.485961948973364,0,0.0,-100.0,2-3
26.426843241524665,3,16.914900785302187,0,0.0,-100.0,2-3
16.871158594882125,9,14.048195391309424,1,11.11111111111111,-83.05726284671906,8-15
46.05354248960438,3,22.8029105597261,0,0.0,-100.0,2-3
8.225943046447757,7,11.454630726779113,1,14.285714285714285,-83.15660397345842,4-7
21.584627922692505,6,15.462236189652536,1,16.666666666666664,-71.44358138487166,4-7
41.62363778522963,1,21.473939148413677,1,100.0,151.49455114091853,1
47.88558003683823,3,23.352521823896254,1,33.33333333333333,-7.81922661754903,2-3
14.22497955723607,1,13.254341680015608,0,0.0,-100.0,1
5.529480822149559,8,10.645692059489653,1,12.5,-86.61025958892522,8-15
20.942723417967695,3,15.269664838235094,1,33.33333333333333,-43.74303544270974,2-3
5.318278523000895,4,10.582331369745054,0,0.0,-100.0,4-7
16.7636397759892,7,14.015939745641544,0,0.0,-100.0,4-7
20.204915410767622,7,15.048322436075074,3,42.857142857142854,-28.934430724398357,4-7
9.89079755531052,8,11.954087079437942,1,12.5,-84.42960122234474,8-15
21.66515700357334,2,15.48639491391679,0,0.0,-100.0,2-3
22.967335710606026,7,15.877048526026593,3,42.857142857142854,-24.198853067532514,4-7
21.13342416178825,4,15.326875061381259,2,50.0,-15.233151676423512,4-7
26.152381912970462,4,16.832562386735926,2,50.0,-5.195236174059082,4-7
18.474497727941554,4,14.529197131227251,0,0.0,-100.0,4-7
18.202996770461187,5,14.447746843983142,0,0.0,-100.0,4-7
15.99036380528961,2,13.78395695443167,0,0.0,-100.0,2-3
19.972185494860796,8,14.978503461303024,1,12.5,-79.38890725256961,8-15
7.392131960211707,3,11.204487400908297,2,66.66666666666666,-23.620981439435454,2-3
25.35863972283877,11,16.59443972969642,4,36.36363636363637,-32.20561494859815,8-15
19.858518643488352,3,14.94440340589129,1,33.33333333333333,-45.1886418086822,2-3
12.630715609900484,5,12.77606249581493,0,0.0,-100.0,4-7
10.015827389986717,8,11.991596029840801,2,25.0,-68.73417261001329,8-15
4.788557626571433,10,10.423415100816216,2,20.0,-79.16915389874285,8-15
18.552976993479312,14,14.552740910888579,1,7.142857142857142,-88.6277208590059,8-15
15.398728053489789,1,13.606466228891723,0,0.0,-100.0,1
39.6540953632738,6,20.883076421826928,2,33.33333333333333,-18.794539515634934,4-7
8.982440613145139,5,11.681579996788328,0,0.0,-100.0,4-7
12.645090848327175,5,12.78037506734294,2,40.0,-45.76785464267651,4-7
4.059625379320361,4,10.204735426640895,0,0.0,-100.0,4-7
22.20354985557624,12,15.647912769517658,2,16.666666666666664,-71.03096676294918,8-15
13.403310920850519,3,13.007841089099943,2,66.66666666666666,-7.591170877731941,2-3
23.748876831826454,14,16.111510862392723,6,42.857142857142854,-22.859068288297525,8-15
16.395116284754078,8,13.90538269827101,2,25.0,-62.354883715245926,8-15
27.139613784120144,2,17.128731948080826,1,50.0,-3.220772431759706,2-3
30.427536620484403,3,18.115108798990107,2,66.66666666666666,37.80676432129172,2-3
10.891573509602711,13,12.254319865725599,3,23.076923076923077,-70.33085522190518,8-15
18.944778017392007,1,14.670281218062389,0,0.0,-100.0,1
9.841113011965096,11,11.939181716434314,2,18.181818181818183,-77.38828144584356,8-15
42.77306363661954,4,21.81876690383065,1,25.0,-35.97693636338046,4-7
22.129628962485874,12,15.625736501590548,2,16.666666666666664,-71.08024735834275,8-15
11.310275993854162,12,12.379930611001035,3,25.0,-67.43972400614584,8-15
17.007091756222824,3,14.088975339711633,1,33.33333333333333,-48.99054432503624,2-3
12.747870611758927,4,12.811208996372464,1,25.0,-66.00212938824106,4-7
35.65176238983654,8,19.682376529795746,0,0.0,-100.0,8-15
5.8467665193524585,5,10.740877768650524,1,20.0,-78.32258678451804,4-7
21.269179744342008,3,15.367601736147387,0,0.0,-100.0,2-3
25.57196121581482,2,16.65843617758923,0,0.0,-100.0,2-3
32.54980010102135,4,18.75178784315119,1,25.0,-46.20019989897865,4-7
4.5310152030387005,10,10.346152373756397,2,20.0,-79.37518783756904,8-15
30.85421639968174,2,18.243112732749307,0,0.0,-100.0,2-3
16.502942145162695,7,13.937730456393597,0,0.0,-100.0,4-7
5.273316549934435,2,10.568842777825116,1,50.0,-46.95336690013113,2-3
13.335119608553933,1,12.987383695410964,1,100.0,38.34047843421573,1
18.97672293160199,7,14.679864692325385,0,0.0,-100.0,4-7
27.240487985816426,4,17.158994208589714,0,0.0,-100.0,4-7
19.010009601761606,3,14.689850693373268,0,0.0,-100.0,2-3
25.843461131224814,5,16.73988615221223,1,20.0,-62.32523109502015,4-7
21.26937072687379,4,15.367659030906921,1,25.0,-57.48062927312622,4-7
40.069202004044534,10,21.007608414058147,2,20.0,-50.944638396764375,8-15
18.69202395841771,4,14.594455000370099,1,25.0,-60.057976041582286,4-7
38.17432377981939,12,20.439144946790602,2,16.666666666666664,-60.38378414678708,8-15
9.248373643084692,7,11.761359905770194,0,0.0,-100.0,4-7
13.895618960754156,7,13.155533501071032,1,14.285714285714285,-79.91678916528335,4-7
13.810900168136827,3,13.130117863285834,1,33.33333333333333,-53.252133109150904,2-3
36.63902798218315,5,19.978556207499732,2,40.0,-7.377555228506957,4-7
6.001991274195623,5,10.787445195103473,2,40.0,-56.39681396128701,4-7
19.566670940679312,9,14.85684909504858,2,22.22222222222222,-63.71851471939617,8-15
0.45619712688097164,6,9.123706950909078,0,0.0,-100.0,4-7
18.47958842240894,5,14.530724339567469,0,0.0,-100.0,4-7
10.586295648070234,3,12.162736507265857,1,33.33333333333333,-57.551605802573015,2-3
2.655600491581057,1,9.783527960319102,0,0.0,-100.0,1
24.16775115607723,1,16.237173159667957,0,0.0,-100.0,1
30.235587142021718,5,18.057523955451302,0,0.0,-100.0,4-7
24.172848043798904,3,16.238702225984458,2,66.66666666666666,21.127594783463742,2-3
5.924446934014763,8,10.764181893049216,0,0.0,-100.0,8-15
28.76897089704243,6,17.617539081957514,0,0.0,-100.0,4-7
23.176357489216272,2,15.939755059609666,1,50.0,-11.147285021567459,2-3
11.065598619382945,8,12.30652739865967,1,12.5,-83.84220069030853,8-15
36.54108044702536,7,19.949171946952394,0,0.0,-100.0,4-7
12.746339782665677,2,12.81074974764449,1,50.0,-32.00732043466866,2-3
12.499427300592101,2,12.736676003022417,0,0.0,-100.0,2-3
21.271284538802792,6,15.368233174485624,2,33.33333333333333,-43.30495394826294,4-7
24.30676329431172,20,16.2788768011383,4,20.0,-63.554589364550615,16+
20.05906520542867,12,15.004567374473387,1,8.333333333333332,-86.23031159819044,8-15
33.7826845278249,4,19.121653171192253,1,25.0,-44.96731547217511,4-7
4.183874953313977,6,10.24201029883898,0,0.0,-100.0,4-7
49.95587096970076,7,23.973609103755013,2,28.57142857142857,-18.621861748913425,4-7
54.987519129720816,10,25.483103551761033,4,40.0,21.980030607553317,8-15
23.28878752328538,1,15.973484069830398,0,0.0,-100.0,1
22.356249917663717,5,15.693722788143901,0,0.0,-100.0,4-7
11.902444737924391,7,12.557581234222104,4,57.14285714285714,-24.222983456172816,4-7
8.308984810001384,5,11.4795432558452,0,0.0,-100.0,4-7
30.44546593704463,5,18.120487593958174,1,20.0,-58.6436272503643,4-7
10.723280164751912,1,12.20383186227036,0,0.0,-100.0,1
9.75954111983805,8,11.914710148796201,1,12.5,-84.49522944008099,8-15
52.288714730276745,2,24.673462231927807,0,0.0,-100.0,2-3
7.228830122091923,14,11.155496849472362,1,7.142857142857142,-91.86319139368801,8-15
10.645605283072303,3,12.180529397766476,0,0.0,-100.0,2-3
21.193306925364173,1,15.344839890454038,0,0.0,-100.0,1
16.949627532907087,5,14.071736072716911,0,0.0,-100.0,4-7
32.6435106103234,1,18.779900995941805,0,0.0,-100.0,1
15.372710735778611,1,13.598661033578368,0,0.0,-100.0,1
13.259283631375677,12,12.964632902257488,1,8.333333333333332,-88.49690545620813,8-15
2.531027047942452,10,9.746155927227521,1,10.0,-90.48758918082302,8-15
27.2914919049275,11,17.174295384323035,1,9.090909090909092,-82.3485483982082,8-15
43.013908985602754,6,21.89102050852561,4,66.66666666666666,71.37042396160736,4-7
23.80959413389765,3,16.129726053014082,2,66.66666666666666,20.158917690393743,2-3
28.430306011364305,10,17.515939616254077,3,30.0,-40.383632786362824,8-15
3.047073836213397,1,9.900969963708805,0,0.0,-100.0,1
20.128361013676127,8,15.025356116947625,3,37.5,-37.93245847948582,8-15
10.291405838044213,6,12.07426956425805,4,66.66666666666666,-15.889584431882103,4-7
41.83096970644505,9,21.536138724778304,2,22.22222222222222,-43.92802692760439,8-15
61.433336602886946,3,27.41684879371087,1,33.33333333333333,10.244448803849252,2-3
7.027428667732972,2,11.095076413164678,0,0.0,-100.0,2-3
17.463229825986932,3,14.225816760640866,0,0.0,-100.0,2-3
34.685918585942375,11,19.3926233886275,2,18.181818181818183,-59.31933193749646,8-15
2.366158725183291,9,9.696695430399775,1,11.11111111111111,-89.50392945547408,8-15
8.34128049919028,1,11.48923196260187,0,0.0,-100.0,1
42.753052184841614,3,21.81276346829727,0,0.0,-100.0,2-3
39.41885979594632,4,20.81250575162868,1,25.0,-39.33114020405368,4-7
5.532573681165821,3,10.646619917194533,0,0.0,-100.0,2-3
21.29543215155546,3,15.375477458311423,1,33.33333333333333,-43.27275713125939,2-3
16.862120992003305,4,14.045484110445777,1,25.0,-61.887879007996695,4-7
10.648909196097673,11,12.181520571674088,1,9.090909090909092,-88.40039665596449,8-15
30.87313703049247,5,18.248788921992524,0,0.0,-100.0,4-7
8.053038844554512,4,11.40275946621114,0,0.0,-100.0,4-7
6.205698200768761,5,10.848557273075416,0,0.0,-100.0,4-7
17.23337192154893,8,14.156859389309465,2,25.0,-61.51662807845108,8-15
24.444826048230794,2,16.320295627314025,0,0.0,-100.0,2-3
34.62598702003154,12,19.374643918854247,1,8.333333333333332,-81.37467099332282,8-15
9.535265977117682,4,11.84742760598009,0,0.0,-100.0,4-7
11.707766146176022,3,12.499177656697592,1,33.33333333333333,-56.056311805098645,2-3
14.736097797264136,7,13.407677152024029,1,14.285714285714285,-79.43651554442049,4-7
13.800178304421218,4,13.12690130417115,0,0.0,-100.0,4-7
24.94880408749527,2,16.471489039093367,0,0.0,-100.0,2-3
21.88873484087123,2,15.553468265106154,0,0.0,-100.0,2-3
5.292807283430516,10,10.574689997873941,2,20.0,-78.76575417325559,8-15
20.43844156841957,8,15.118380283370659,0,0.0,-100.0,8-15
6.5958816703275,6,10.965612313943035,1,16.666666666666664,-81.43607888644833,4-7
32.68675670893945,4,18.79287482552662,2,50.0,7.873513417878894,4-7
2.7638878304466976,1,9.816014161978796,1,100.0,-3.9444486782132118,1
39.21341168964285,4,20.75087131973764,2,50.0,20.92682337928569,4-7
5.769275268859953,5,10.717630393502771,0,0.0,-100.0,4-7
20.955532439159395,4,15.273507544592604,0,0.0,-100.0,4-7
25.802535213083853,5,16.727608376769943,0,0.0,-100.0,4-7
6.964431634701386,6,11.076177303255202,0,0.0,-100.0,4-7
30.75347306888253,1,18.212889733509545,0,0.0,-100.0,1
26.646851108391978,1,16.98090314536238,0,0.0,-100.0,1
7.902306013767774,1,11.357539616975117,0,0.0,-100.0,1
34.576831634623176,2,19.359897303231737,1,50.0,11.653663269246353,2-3
17.012333914492224,3,14.090547987192453,0,0.0,-100.0,2-3
4.222054404086173,3,10.253464134070638,0,0.0,-100.0,2-3
13.218815296591627,6,12.952492401822274,0,0.0,-100.0,4-7
15.297722023660407,2,13.576164419942907,1,50.0,-26.904555952679182,2-3
8.981192139206662,7,11.681205454606786,2,28.57142857142857,-65.45006612662095,4-7
5.072874410929417,9,10.50871013612361,1,11.11111111111111,-88.30094470625357,8-15
13.879665883505929,4,13.150747577896565,0,0.0,-100.0,4-7
24.636112284692082,5,16.37768149825241,0,0.0,-100.0,4-7
27.52209487030713,13,17.243476273936924,3,23.076923076923077,-54.979604735101105,8-15
8.509760128930774,12,11.539775851524018,1,8.333333333333332,-90.08007995702307,8-15
6.420937363404143,2,10.91312902186603,0,0.0,-100.0,2-3
14.855428936938084,2,13.443476493926209,1,50.0,-27.789142126123835,2-3
17.528158410401794,4,14.245295335965324,1,25.0,-61.2218415895982,4-7
4.942971232792524,9,10.469739182682543,2,22.22222222222222,-76.71735890418444,8-15
14.156637048980866,1,13.233838927539047,0,0.0,-100.0,1
15.790361685282884,1,13.72395631842965,0,0.0,-100.0,1
19.4574704908246,8,14.824088960092165,0,0.0,-100.0,8-15
15.74633052510146,8,13.710746970375224,1,12.5,-81.50183473744927,8-15
47.05702002845227,6,23.103953821380465,2,33.33333333333333,-8.923973295396973,4-7
26.263232617432493,11,16.865817598074536,4,36.36363636363637,-30.889843465552747,8-15
53.56771058878888,1,25.057160989481446,0,0.0,-100.0,1
6.989623341547234,2,11.083734815308958,0,0.0,-100.0,2-3
4.100685895532428,9,10.217053581504516,1,11.11111111111111,-88.73302849087446,8-15
17.969621181905413,14,14.377734167416408,0,0.0,-100.0,8-15
8.255959758187286,2,11.463635740300973,0,0.0,-100.0,2-3
24.285472760638516,2,16.27248964103634,0,0.0,-100.0,2-3
12.063948432050617,1,12.606032342459972,0,0.0,-100.0,1
5.655400679887575,4,10.683468016811059,0,0.0,-100.0,4-7
24.633321101883126,2,16.376844143409723,0,0.0,-100.0,2-3
48.77819235938323,9,23.620305520659755,4,44.44444444444444,24.49456419445909,8-15
16.750706888457735,1,14.012059879382107,0,0.0,-100.0,1
14.623808707605699,3,13.373990425126495,0,0.0,-100.0,2-3
24.61439709062371,8,16.3711669400319,0,0.0,-100.0,8-15
24.37058563352946,3,16.29802350290362,0,0.0,-100.0,2-3
42.95241132722068,11,21.87257121101099,2,18.181818181818183,-53.30733721656677,8-15
14.476943310290247,5,13.32993080593186,0,0.0,-100.0,4-7
37.41745211835522,2,20.212083448351354,0,0.0,-100.0,2-3
32.10625802909918,2,18.61872522157454,0,0.0,-100.0,2-3
6.818415200767753,7,11.03237237307511,0,0.0,-100.0,4-7
9.441959446191976,9,11.819435646702377,1,11.11111111111111,-86.3591291350258,8-15
12.155379832621312,2,12.633461762631178,0,0.0,-100.0,2-3
48.54188325423699,17,23.54941278911588,5,29.411764705882355,-17.891902053838848,16+
11.124524406970565,2,12.324205134935957,0,0.0,-100.0,2-3
30.70328189490214,1,18.197832381315425,0,0.0,-100.0,1
6.399548468638979,3,10.906712353436479,0,0.0,-100.0,2-3
21.164493055142607,2,15.336195729387569,0,0.0,-100.0,2-3
14.531482722728045,5,13.3462926296632,0,0.0,-100.0,4-7
44.20578463527536,7,22.24858320342739,0,0.0,-100.0,4-7
5.818901391348287,5,10.732518230249271,0,0.0,-100.0,4-7
7.405853284888039,11,11.208603798311199,2,18.181818181818183,-79.15937942917233,8-15
7.037630010488891,1,11.098136815991452,0,0.0,-100.0,1
9.571656518655717,3,11.858344768441501,0,0.0,-100.0,2-3
14.538804163238844,3,13.34848906181644,0,0.0,-100.0,2-3
21.01197742039722,4,15.29044103896395,1,25.0,-57.738022579602784,4-7
27.336824592858473,2,17.187895190702328,0,0.0,-100.0,2-3
10.14001746595255,6,12.02885305263055,0,0.0,-100.0,4-7
17.410239306478545,2,14.209919604788348,0,0.0,-100.0,2-3
42.46029113166795,8,21.72493515234517,0,0.0,-100.0,8-15
44.81665878944514,3,22.431845449678327,1,33.33333333333333,-11.911121614073139,2-3
4.532094012827483,7,10.346476016693032,1,14.285714285714285,-85.26737484981287,4-7
6.263712046584572,8,10.865961426820157,1,12.5,-86.24314397670773,8-15
7.863962231120765,2,11.346036482181015,0,0.0,-100.0,2-3
23.43095995095113,5,16.016135798130122,2,40.0,-28.510464078478194,4-7
16.407647578303592,4,13.909142086335862,2,50.0,-24.68470484339281,4-7
9.317721433265087,3,11.782164242824313,0,0.0,-100.0,2-3
17.57238941255862,9,14.258564636612373,1,11.11111111111111,-82.7456047055295,8-15
43.15659676515652,6,21.933826842391742,2,33.33333333333333,-14.124537646457973,4-7
4.660622292186775,10,10.385034500500819,1,10.0,-89.63575108312529,8-15
17.858567683957915,10,14.34441811803216,1,10.0,-84.35657292641683,8-15
12.203978705463634,1,12.648041424483875,1,100.0,33.815914821854534,1
34.1204208951905,4,19.222974081401937,0,0.0,-100.0,4-7
4.761934147695498,2,10.415428057153436,0,0.0,-100.0,2-3
14.74356711271247,8,13.409917946658526,0,0.0,-100.0,8-15
33.09448186223031,2,18.91519237151388,0,0.0,-100.0,2-3
13.659108861549358,9,13.084580471309593,0,0.0,-100.0,8-15
20.5382986943132,1,15.148337421138747,0,0.0,-100.0,1
4.763771954291085,14,10.41597939913211,2,14.285714285714285,-85.13498745469082,8-15
16.797187052300647,1,14.02600392853498,0,0.0,-100.0,1
20.614267123056983,3,15.171127949761882,1,33.33333333333333,-44.180977169257346,2-3
28.259317553250806,3,17.46464307882003,0,0.0,-100.0,2-3
6.647180028916049,1,10.981001821519602,0,0.0,-100.0,1
16.499597773806293,6,13.936727144986675,0,0.0,-100.0,4-7
22.78136867770834,7,15.821258416157288,0,0.0,-100.0,4-7
18.278521583838533,3,14.470404287996347,0,0.0,-100.0,2-3
13.051753679297764,2,12.902373916634117,0,0.0,-100.0,2-3
8.058263708662738,8,11.404326925443607,1,12.5,-85.34586814566862,8-15
17.372529938332043,2,14.198606794344398,0,0.0,-100.0,2-3
22.48742212479348,10,15.73307445028283,3,30.0,-47.51509345024784,8-15
26.51336745512983,1,16.940858049383735,0,0.0,-100.0,1
8.258480190216385,3,11.4643918699097,1,33.33333333333333,-60.655359746378146,2-3
28.650046828623555,9,17.581861861431854,0,0.0,-100.0,8-15
5.134033641494549,7,10.52705790529315,1,14.285714285714285,-84.9234093477174,4-7
6.961064371567706,5,11.075167124315097,0,0.0,-100.0,4-7
29.551689533025105,2,17.85235467275232,1,50.0,1.60337906605022,2-3
17.652507890099134,1,14.282600179874528,0,0.0,-100.0,1
26.40687071583846,11,16.908909027596327,1,9.090909090909092,-82.6702288306042,8-15
34.95559215222405,11,19.473525458512,1,9.090909090909092,-79.56160285373672,8-15
23.88998297117029,3,16.153842704195874,2,66.66666666666666,20.37328792312078,2-3
9.186299463563227,1,11.742737651913753,0,0.0,-100.0,1
18.54177002569357,6,14.549378820552855,0,0.0,-100.0,4-7
56.190466965612984,8,25.84398790252868,1,12.5,-61.279766517193515,8-15
8.163402717361006,6,11.435868628053088,0,0.0,-100.0,4-7
32.84855735693625,2,18.841415019925662,0,0.0,-100.0,2-3
18.072422689831665,2,14.408574619794285,0,0.0,-100.0,2-3
51.7237889979531,9,24.503984512230716,3,33.33333333333333,-2.70161466939585,8-15
18.828561876682812,8,14.63541637584963,1,12.5,-79.9607190616586,8-15
17.6839632984609,6,14.292036802383057,3,50.0,-22.1320734030782,4-7
16.647400028979778,6,13.981067821538721,1,16.666666666666664,-74.73506664734681,4-7
36.324930077375704,7,19.884326836057497,2,28.57142857142857,-34.20007991157061,4-7
16.779224893225813,1,14.020615280812528,0,0.0,-100.0,1
14.782255467488723,8,13.421524453091402,1,12.5,-81.98387226625564,8-15
33.99610133777527,2,19.185678214177365,0,0.0,-100.0,2-3
15.341338536439263,3,13.589249373776566,1,33.33333333333333,-51.21154861808098,2-3
25.442540439737854,15,16.619609944766143,4,26.666666666666668,-50.194623530946295,8-15
8.86912675768321,5,11.647585840149748,0,0.0,-100.0,4-7
11.178919760693123,5,12.340523741052722,1,20.0,-74.0568641914455,4-7
27.37873502988692,2,17.20046832181086,0,0.0,-100.0,2-3
9.546367949127179,14,11.85075819758294,1,7.142857142857142,-91.20103772882081,8-15
7.6404288881270235,2,11.278976479282893,1,50.0,-42.21914222374596,2-3
23.003569500370137,6,15.887918662955828,0,0.0,-100.0,4-7
51.77540126773522,2,24.519468193165352,0,0.0,-100.0,2-3
12.206827785237488,1,12.648896148416034,1,100.0,33.82731114094995,1
19.998504956062447,6,14.98639929966352,1,16.666666666666664,-72.50099669595836,4-7
25.411466222170947,5,16.610287679496068,1,20.0,-62.67082702226324,4-7
10.574998075277076,6,12.159347235427909,1,16.666666666666664,-78.78333461648195,4-7
7.2651470660871285,8,11.166391932670924,0,0.0,-100.0,8-15
12.03799497693013,3,12.598246305923825,0,0.0,-100.0,2-3
13.422830558661,9,13.013696980443084,5,55.55555555555556,-22.949265425197776,8-15
27.549044914660342,1,17.25156128724289,0,0.0,-100.0,1
8.135681450521346,5,11.427552248001192,0,0.0,-100.0,4-7
41.08519184027855,5,21.31240536492835,0,0.0,-100.0,4-7
14.564342801147436,1,13.356150653189017,0,0.0,-100.0,1
18.253909024675913,4,14.46302052024756,2,50.0,-20.992181950648185,4-7
18.77884346636374,1,14.620500852753906,0,0.0,-100.0,1
20.579467064285502,12,15.160687932130438,2,16.666666666666664,-72.11368862380967,8-15
25.74531139947986,10,16.710441232688744,3,30.0,-43.60562632062418,8-15
19.97517656958967,4,14.979400783721687,1,25.0,-58.77482343041033,4-7
28.788303717156566,6,17.623338927991757,1,16.666666666666664,-66.64113085522897,4-7
19.81156164246973,5,14.930316305585706,0,0.0,-100.0,4-7
14.213009955148204,4,13.250750799389246,0,0.0,-100.0,4-7
19.93505555919382,4,14.967364480602932,1,25.0,-58.81494444080618,4-7
12.221164603475476,2,12.653197193887427,2,100.0,33.88465841390191,2-3
20.834259820004085,3,15.237125758846013,0,0.0,-100.0,2-3
8.193287901381668,4,11.444834183259287,0,0.0,-100.0,4-7
20.53945163806349,4,15.148683304263832,0,0.0,-100.0,4-7
12.418215546453727,3,12.712312476780903,1,33.33333333333333,-55.1090459380617,2-3
25.31069124209533,2,16.580055185473384,0,0.0,-100.0,2-3
11.462311951531904,8,12.425541398304357,1,12.5,-83.64384402423406,8-15
27.60671507138569,2,17.268862334260493,0,0.0,-100.0,2-3
42.21234361750448,5,21.650550898096128,2,40.0,1.5397497880071604,4-7
22.549842978057306,4,15.751800706261978,0,0.0,-100.0,4-7
22.54082550442808,9,15.74909546417321,1,11.11111111111111,-80.53741088692085,8-15
9.226104291133721,9,11.754679100184903,2,22.22222222222222,-72.91012951899224,8-15
18.853251147329757,12,14.642823157043713,2,16.666666666666664,-73.2644992351135,8-15
12.188551449862386,2,12.643413247803501,0,0.0,-100.0,2-3
22.522583497684288,8,15.743622862150072,0,0.0,-100.0,8-15
19.702490117791434,3,14.897594848182216,0,0.0,-100.0,2-3
41.50076565114522,18,21.437077508188352,9,50.0,25.501531302290438,16+
41.852877175579394,3,21.5427109655186,0,0.0,-100.0,2-3
22.62157364975818,1,15.77331990777224,1,100.0,75.4862945990327,1
1.4546648990841673,7,9.423247282570037,0,0.0,-100.0,4-7
18.356482429446984,8,14.493792541678882,0,0.0,-100.0,8-15
17.429764799243095,2,14.215777252617714,1,50.0,-22.640470401513806,2-3
11.528303956665495,7,12.445338999844434,2,28.57142857142857,-62.5390811923823,4-7
35.32161002522439,10,19.5833308204121,1,10.0,-77.37135598991026,8-15
4.928807568209413,6,10.46549008330761,0,0.0,-100.0,4-7
17.401318251862545,8,14.207243288403548,1,12.5,-80.67434087406873,8-15
16.55890083543942,3,13.954518063476613,0,0.0,-100.0,2-3
3.7178138199147934,12,10.102191958819224,3,25.0,-75.03218618008522,8-15
22.83328568174697,3,15.836833517368875,0,0.0,-100.0,2-3
16.989711790950494,8,14.083761350129933,1,12.5,-80.88014410452476,8-15
25.674948855112017,10,16.68933246937839,0,0.0,-100.0,8-15
5.168930588503403,5,10.537526989395808,0,0.0,-100.0,4-7
22.307782151698266,5,15.679182458354266,1,20.0,-65.15377427864138,4-7
28.282519976561343,1,17.47160380581319,0,0.0,-100.0,1
30.96556574294416,7,18.276517535728036,2,28.57142857142857,-40.32506772234954,4-7
3.3125306076824423,1,9.980606995149518,0,0.0,-100.0,1
8.887854190904653,2,11.653204070116182,0,0.0,-100.0,2-3
12.918616161226005,2,12.862432661212587,0,0.0,-100.0,2-3
31.12025321357977,4,18.322923776918714,1,25.0,-47.629746786420235,4-7
20.663450239554074,8,15.185882884711008,1,12.5,-79.04327488022295,8-15
15.114588479136676,10,13.52122435658579,3,30.0,-56.36249382503598,8-15
39.74960839466799,5,20.91173033124518,0,0.0,-100.0,4-7
6.300851286713264,15,10.877103198858766,1,6.666666666666667,-92.65310632354313,8-15
14.6789593098012,6,13.390535605785148,0,0.0,-100.0,4-7
25.51173300089592,5,16.640367713113562,3,60.0,12.228159202150215,4-7
22.409212327241217,6,15.709611511017151,0,0.0,-100.0,4-7
22.753262434270532,7,15.812826543125947,1,14.285714285714285,-74.85527860898827,4-7
14.14217889931623,3,13.229501482639655,1,33.33333333333333,-52.810428134245036,2-3
20.33538638255467,1,15.087463727611187,1,100.0,66.34154553021868,1
3.8371850626615784,6,10.138003331643262,2,33.33333333333333,-66.55041991645123,4-7
10.888332791045583,1,12.25334765015846,0,0.0,-100.0,1
13.590144327511855,5,13.063891111098341,1,20.0,-72.12788453799051,4-7
20.952851993631587,2,15.272703410934263,0,0.0,-100.0,2-3
8.16402918162758,4,11.436056567333061,0,0.0,-100.0,4-7
26.872943999208854,7,17.048731012607444,1,14.285714285714285,-72.50117485759495,4-7
15.536798988762063,7,13.647887509473405,1,14.285714285714285,-78.97897200642167,4-7
24.22393088792452,9,16.25402707922214,1,11.11111111111111,-79.78936404981133,8-15
9.338451036219295,3,11.788383123710574,1,33.33333333333333,-59.21539861837427,2-3
15.577111096264879,5,13.65998114172425,0,0.0,-100.0,4-7
14.29723285276021,2,13.276017668672848,0,0.0,-100.0,2-3
14.57063496953963,2,13.358038303706676,0,0.0,-100.0,2-3
37.32097843831938,9,20.183141344340598,1,11.11111111111111,-73.96845402741363,8-15
21.62101625797375,13,15.47315269023691,0,0.0,-100.0,8-15
17.989943297391644,8,14.383830802062281,0,0.0,-100.0,8-15
18.104668274220494,1,14.418248295110933,1,100.0,57.418673096881975,1
13.731593296361039,8,13.106325801753096,3,37.5,-47.527610055458446,8-15
26.700221279933896,3,16.996914196824957,0,0.0,-100.0,2-3
6.970642936723044,9,11.078040693861698,1,11.11111111111111,-87.45749202812308,8-15
36.402597122891486,6,19.90762694971223,1,16.666666666666664,-61.56493525140567,4-7
9.557524539005739,3,11.85410517454651,0,0.0,-100.0,2-3
10.58175998404208,4,12.16137580805741,0,0.0,-100.0,4-7
33.50984766703738,6,19.039802112956,3,50.0,9.519695334074738,4-7
4.45029428631186,3,10.321936098738343,1,33.33333333333333,-65.7329409515842,2-3
43.541190680763556,6,22.049205017073852,0,0.0,-100.0,4-7
14.540186041159389,3,13.348903625192603,0,0.0,-100.0,2-3
34.504006741705695,2,19.338049835356493,0,0.0,-100.0,2-3
25.834911527565662,2,16.737321271114485,0,0.0,-100.0,2-3
20.214763865836005,2,15.051276972595588,1,50.0,-17.070472268327993,2-3
38.26560282226549,6,20.466528659524432,2,33.33333333333333,-20.645862903646012,4-7
15.17794767361603,10,13.540232114929596,1,10.0,-85.42882093055358,8-15
28.079965221782572,10,17.410837379379558,4,40.0,-21.07205564514789,8-15
21.78943363423384,3,15.523677903114939,1,33.33333333333333,-42.61408848768822,2-3
17.997953489790977,4,14.38623385978208,0,0.0,-100.0,4-7
13.275486151847144,8,12.969493658398928,1,12.5,-82.73725692407643,8-15
2.8211916886360537,3,9.833205319435603,1,33.33333333333333,-67.90507774848527,2-3
16.584428477705753,7,13.962176356156512,0,0.0,-100.0,4-7
31.02634307368292,9,18.29475073494966,0,0.0,-100.0,8-15
15.0450676816584,2,13.500368117342306,1,50.0,-27.409864636683206,2-3
22.95000742890187,2,15.871850041515348,0,0.0,-100.0,2-3
8.651262081562965,12,11.582226437313675,2,16.666666666666664,-80.06582527895803,8-15
3.4490099197271564,8,10.021550788762932,0,0.0,-100.0,8-15
15.526398591035392,6,13.644767390155405,2,33.33333333333333,-50.96480187861948,4-7
28.666137764831824,7,17.586689142294333,2,28.57142857142857,-42.95298541162077,4-7
19.25351927478707,5,14.762903595280907,2,40.0,-35.19436916034069,4-7
9.624369648593985,9,11.874158707422982,0,0.0,-100.0,8-15
4.256454815871254,5,10.263784257606162,0,0.0,-100.0,4-7
31.204651468725498,3,18.348243253462435,1,33.33333333333333,-30.060464708366002,2-3
18.435339482180645,7,14.517449657498979,2,28.57142857142857,-54.64532630607927,4-7
20.844672689257003,6,15.240249619621887,0,0.0,-100.0,4-7
25.614830771542014,6,16.67129704430739,0,0.0,-100.0,4-7
1.0977289340956349,4,9.316166493073478,0,0.0,-100.0,4-7
12.96786958417143,9,12.877208688096214,1,11.11111111111111,-84.79205796259049,8-15
7.69668276396306,12,11.295852642033704,2,16.666666666666664,-80.70221149069128,8-15
6.536971542507909,6,10.94793927559716,1,16.666666666666664,-81.47535230499473,4-7
13.595409524914773,3,13.065470670319218,0,0.0,-100.0,2-3
18.607147596424085,9,14.568992091772012,2,22.22222222222222,-64.57142435873415,8-15
28.32925558853282,2,17.485624489404632,0,0.0,-100.0,2-3
29.34622843814303,3,17.790716344287695,0,0.0,-100.0,2-3
8.367048643106703,3,11.496962405776797,0,0.0,-100.0,2-3
20.972186715644735,2,15.278503827538206,1,50.0,-15.555626568710522,2-3
13.621635092616701,4,13.073338340629798,0,0.0,-100.0,4-7
25.743103961188496,10,16.709779001201337,4,40.0,-24.811033662098403,8-15
27.608047803240325,7,17.269262153816882,0,0.0,-100.0,4-7
8.326954234714917,6,11.48493408325926,2,33.33333333333333,-60.56406102038011,4-7
21.812558503866995,3,15.530615364004884,1,33.33333333333333,-42.58325532817734,2-3
8.383052475593637,3,11.501763555522876,0,0.0,-100.0,2-3
16.131685834718102,3,13.826353563260216,0,0.0,-100.0,2-3
62.8261354600554,5,27.834688450861407,3,60.0,101.78272510413295,4-7
11.334053682182759,1,12.387063917499614,0,0.0,-100.0,1
17.91255808416855,1,14.36061523809535,0,0.0,-100.0,1
18.657960362817402,12,14.584235921690006,3,25.0,-60.092039637182594,8-15
13.970061823745148,1,13.177866359968329,0,0.0,-100.0,1
26.753889501755985,1,17.01301466337158,1,100.0,92.01555800702394,1
48.383123452797285,3,23.50178484868397,1,33.33333333333333,-7.155835396270292,2-3
14.99046697954444,5,13.483987906708117,1,20.0,-71.00762641636446,4-7
12.24166845883546,18,12.659348350495423,4,22.22222222222222,-70.22962803659071,16+
37.86393801680133,2,20.346029217885185,0,0.0,-100.0,2-3
19.692729599401403,13,14.894666692665206,2,15.384615384615385,-74.80447409267606,8-15
19.2463204123497,7,14.760743936549698,1,14.285714285714285,-76.85924547865731,4-7
6.985726225537283,5,11.08256568050597,0,0.0,-100.0,4-7
11.207348363145881,4,12.34905232178855,0,0.0,-100.0,4-7
3.942167532214063,1,10.169498072509006,0,0.0,-100.0,1
13.767995680946424,7,13.117246517128715,0,0.0,-100.0,4-7
12.300601354186963,2,12.677028219100874,0,0.0,-100.0,2-3
16.710403656455238,1,13.999968909781357,0,0.0,-100.0,1
32.12255733973327,4,18.623615014764766,0,0.0,-100.0,4-7
24.52457719427794,6,16.344220971128166,0,0.0,-100.0,4-7
3.6377200997660344,2,10.078163842774595,0,0.0,-100.0,2-3
9.354167729349353,2,11.793098131649591,1,50.0,-38.791664541301294,2-3
10.761966833974528,7,12.215437863037144,0,0.0,-100.0,4-7
15.325333472613883,1,13.58444785462895,0,0.0,-100.0,1
3.575744354503773,4,10.059571119195917,0,0.0,-100.0,4-7
29.56868458304521,3,17.85745318775835,0,0.0,-100.0,2-3
9.504970828232903,2,11.838339061314656,0,0.0,-100.0,2-3
10.389131606326178,5,12.10358729474264,0,0.0,-100.0,4-7
20.393464787217187,5,15.104887249009943,0,0.0,-100.0,4-7
4.484291366467989,3,10.332135222785183,0,0.0,-100.0,2-3
5.36985652358324,3,10.597804769919758,0,0.0,-100.0,2-3
19.398762063718355,4,14.806476431960292,1,25.0,-59.35123793628164,4-7
18.557174340563645,4,14.55400011501388,0,0.0,-100.0,4-7
28.088722688943875,4,17.41346461952795,1,25.0,-50.66127731105613,4-7
4.4843216384229905,8,10.332144304371681,0,0.0,-100.0,8-15
36.839549410701935,5,20.038712636055365,1,20.0,-53.528360471438454,4-7
17.83981467105219,12,14.338792214160442,1,8.333333333333332,-86.97006177631593,8-15
13.560782374148772,9,13.055082525089418,1,11.11111111111111,-84.52854116704499,8-15
14.789316119684093,1,13.423642648750015,1,100.0,44.15726447873638,1
41.28937379637928,4,21.37365995175857,1,25.0,-37.46062620362071,4-7
18.785339830524062,4,14.622449762002004,0,0.0,-100.0,4-7
24.37050551982542,1,16.297999468792412,1,100.0,82.48202207930167,1
6.226764539255368,2,10.854877174621397,0,0.0,-100.0,2-3
11.62780348169624,4,12.475188857353658,1,25.0,-67.12219651830377,4-7
27.93473713651247,11,17.36726895379853,1,9.090909090909092,-82.11464104126819,8-15
8.961626435670656,1,11.675335743545984,0,0.0,-100.0,1
31.80703235978421,7,18.528957520780047,2,28.57142857142857,-39.36339158881805,4-7
12.921993943095275,1,12.863445995773368,0,0.0,-100.0,1
44.16239302015851,3,22.235565718892335,1,33.33333333333333,-12.783475973121991,2-3
42.193282538063194,1,21.644832574263745,0,0.0,-100.0,1
27.792054060817676,1,17.324464031090088,0,0.0,-100.0,1
6.770126672091877,4,11.017885814472349,0,0.0,-100.0,4-7
3.2951782526488698,4,9.975401288639446,1,25.0,-75.45482174735112,4-7
5.916085321922021,5,10.761673409421393,1,20.0,-78.26713174246238,4-7
8.625925503603433,3,11.574625463925816,0,0.0,-100.0,2-3
34.128057471507226,8,19.22526505429695,1,12.5,-72.31097126424638,8-15
8.574445211690572,4,11.559181376351956,0,0.0,-100.0,4-7
22.07550383906119,1,15.609498964563143,0,0.0,-100.0,1
14.934735435828115,2,13.46726844359322,0,0.0,-100.0,2-3
24.003086531621424,1,16.187773772331212,0,0.0,-100.0,1
14.243999250918794,5,13.260047588120424,1,20.0,-71.60480059926498,4-7
13.4382675657764,2,13.018328082577707,1,50.0,-30.623464868447197,2-3
3.2876372285251048,6,9.973138981402316,1,16.666666666666664,-83.64157518098327,4-7
16.39730633721265,3,13.90603971400858,0,0.0,-100.0,2-3
19.934361745531863,6,14.967156336504345,0,0.0,-100.0,4-7
15.424802168550153,19,13.614288463409832,1,5.263157894736842,-92.27898901714734,16+
5.801415772386535,1,10.727272544560746,1,100.0,8.205663089546142,1
10.848101342763357,1,12.241278215673793,0,0.0,-100.0,1
40.00589710857884,8,20.988616945418435,2,25.0,-38.744102891421164,8-15
17.230788308763696,2,14.156084305473895,0,0.0,-100.0,2-3
15.319563960506366,1,13.582717000996697,0,0.0,-100.0,1
8.209953478563344,2,11.44983385641379,0,0.0,-100.0,2-3
27.965284216602885,1,17.376433077825652,0,0.0,-100.0,1
28.077741384505984,6,17.41017022819658,2,33.33333333333333,-34.22967815399202,4-7
36.92983061967634,6,20.065796998747686,0,0.0,-100.0,4-7
18.624392510726288,17,14.574165566062671,2,11.76470588235294,-81.23557999495233,16+
49.01524145420338,2,23.6914202491058,0,0.0,-100.0,2-3
29.51713246074289,3,17.841987551067653,0,0.0,-100.0,2-3
13.733857295528102,7,13.107005001503216,2,28.57142857142857,-60.018448805110744,4-7
9.027830932717091,2,11.695197092659914,0,0.0,-100.0,2-3
14.257087955145922,2,13.263974199388562,0,0.0,-100.0,2-3
17.146198624550607,5,14.13070740020997,1,20.0,-69.28304110035953,4-7
11.636752782867921,11,12.477873647705163,2,18.181818181818183,-76.08236161245969,8-15
31.891943523563537,1,18.554430869913848,1,100.0,112.56777409425416,1
9.73817804177456,1,11.908301225377155,0,0.0,-100.0,1
20.904185380670697,5,15.258103427045993,0,0.0,-100.0,4-7
33.12398159232337,5,18.924042290541795,0,0.0,-100.0,4-7
14.398175417629197,2,13.306300438133544,0,0.0,-100.0,2-3
17.26060896939535,6,14.16503050366339,0,0.0,-100.0,4-7
38.574235884148905,8,20.559118578089457,3,37.5,-10.263646173776651,8-15
4.376603956449388,4,10.299828999779603,0,0.0,-100.0,4-7
9.989818621164826,7,11.983793399194234,2,28.57142857142857,-64.2973501472402,4-7
29.397118831691767,6,17.805983462352316,2,33.33333333333333,-32.470508224410985,4-7
2.2782502467702948,2,9.670322886875873,1,50.0,-52.94349950645941,2-3
31.199923372084648,2,18.346824824470183,1,50.0,4.899846744169299,2-3
56.90892940892156,3,26.05952663552125,0,0.0,-100.0,2-3
3.333710828776921,1,9.986961061477862,0,0.0,-100.0,1
8.842604703124486,5,11.639629223782132,0,0.0,-100.0,4-7
34.97001459147321,7,19.477852190286747,4,57.14285714285714,28.502890494795906,4-7
12.408410553905949,7,12.70937097901657,1,14.285714285714285,-80.76662254062518,4-7
13.988875779487515,1,13.183510546691041,0,0.0,-100.0,1
26.21769982997656,7,16.852157761837756,3,42.857142857142854,-18.626800291468744,4-7
16.506531797336248,4,13.938807352045659,0,0.0,-100.0,4-7
10.134483775023535,9,12.027192945351846,1,11.11111111111111,-86.05134054443398,8-15
13.68289750607208,10,13.091717064666412,1,10.0,-86.02684099757117,8-15
5.930307782365891,9,10.765940147554554,2,22.22222222222222,-75.83972641567478,8-15
3.4676044284780354,5,10.027129141388198,2,40.0,-60.451832914435144,4-7
18.930168212751852,3,14.665898276670342,0,0.0,-100.0,2-3
11.776585915438012,4,12.51982358747619,0,0.0,-100.0,4-7
4.962378538014084,12,10.475561374249013,1,8.333333333333332,-91.26254048732864,8-15
10.00554738670446,8,11.988512028856125,1,12.5,-84.37222630664778,8-15
8.872607904118356,3,11.648630184080293,0,0.0,-100.0,2-3
28.771202370834203,6,17.618208524095046,1,16.666666666666664,-66.6525317527772,4-7
6.575282684915275,5,10.959432618319367,0,0.0,-100.0,4-7
28.46119197811932,10,17.525205406280584,3,30.0,-40.34656962625682,8-15
11.989887878466924,8,12.583814176384864,0,0.0,-100.0,8-15
13.75319412532335,2,13.112806050441792,0,0.0,-100.0,2-3
23.55526961646387,4,16.053428697783946,0,0.0,-100.0,4-7
13.177034243637745,5,12.939958085936109,1,20.0,-72.45837260508979,4-7
38.290562980679965,8,20.474016707048776,1,12.5,-70.22971850966002,8-15
13.973536057501645,3,13.178908630095279,0,0.0,-100.0,2-3
17.605052934382236,3,14.268363693159458,0,0.0,-100.0,2-3
5.770813086841023,8,10.718091738897092,1,12.5,-86.4895934565795,8-15
24.858504148856746,11,16.44439905750181,2,18.181818181818183,-66.4665424371951,8-15
4.0523323637758235,5,10.202547521977534,0,0.0,-100.0,4-7
15.487523712728837,1,13.633104926663437,0,0.0,-100.0,1
10.691699904873628,2,12.194357784306876,0,0.0,-100.0,2-3
13.74056840603901,10,13.109018334656488,0,0.0,-100.0,8-15
23.755761790710622,1,16.113576350057972,0,0.0,-100.0,1
29.318329615778744,1,17.782346697578408,0,0.0,-100.0,1
1.0419790563756521,2,9.299441529757482,0,0.0,-100.0,2-3
18.81779670269255,1,14.632186823652551,0,0.0,-100.0,1
24.88821722136417,7,16.453312979254036,0,0.0,-100.0,4-7
7.748220001737545,5,11.31131381336605,0,0.0,-100.0,4-7
18.846780988415706,1,14.640882109369496,1,100.0,60.387123953662815,1
12.10949937276135,7,12.61969762467319,0,0.0,-100.0,4-7
33.42170545106988,6,19.01335944816575,1,16.666666666666664,-63.55219636595341,4-7
12.466110939928843,1,12.726681094823439,0,0.0,-100.0,1
20.72651028791182,3,15.204800899218332,2,66.66666666666666,11.93736076776484,2-3
17.366029725410026,9,14.196656730467794,1,11.11111111111111,-82.83732012203998,8-15
21.12914442052563,14,15.325591139002476,2,14.285714285714285,-75.78334604541392,8-15
22.836139759825606,1,15.837689740792468,0,0.0,-100.0,1
19.41302417008591,4,14.810755063870559,0,0.0,-100.0,4-7
22.989535531273926,2,15.883708472226965,1,50.0,-11.520928937452155,2-3
29.91694278405687,4,17.96193064806185,0,0.0,-100.0,4-7
21.923005729057536,4,15.563749531562046,0,0.0,-100.0,4-7
31.740546642882155,6,18.509011805709434,0,0.0,-100.0,4-7
4.960585170565748,6,10.47502336401451,1,16.666666666666664,-82.52627655295616,4-7
24.396030192956488,7,16.30565687073173,0,0.0,-100.0,4-7
11.383060659082995,7,12.401766010569684,1,14.285714285714285,-81.35253676623829,4-7
27.952320428402604,8,17.372543941365567,0,0.0,-100.0,8-15
7.995596151652727,8,11.385526658340604,1,12.5,-85.37720192417365,8-15
36.44786616778038,1,19.9212076631789,0,0.0,-100.0,1
20.129199756444248,3,15.02560773977806,1,33.33333333333333,-44.82773365807433,2-3
39.44039022780228,10,20.81896488118547,0,0.0,-100.0,8-15
40.57161101691656,9,21.158331117919754,2,22.22222222222222,-45.047456873851935,8-15
15.176787989485598,3,13.539884209690467,1,33.33333333333333,-51.43094934735254,2-3
15.286971982786357,14,13.572939407680693,3,21.428571428571427,-68.68259544332598,8-15
22.23059192100047,8,15.65602538914493,2,25.0,-56.51940807899953,8-15
16.23917263719306,4,13.858599604002706,2,50.0,-25.021654725613878,4-7
19.04950121771096,4,14.701698178158074,0,0.0,-100.0,4-7
26.298100195858225,9,16.876277871602255,1,11.11111111111111,-78.86751102406302,8-15
31.469486275650876,4,18.42769369554005,0,0.0,-100.0,4-7
6.259029261602109,2,10.86455659132542,0,0.0,-100.0,2-3
33.90850706003876,17,19.159399930856413,3,17.647058823529413,-61.06458325173734,16+
1.699544173193182,3,9.49671106480274,0,0.0,-100.0,2-3
10.58526663345001,2,12.162427802879789,0,0.0,-100.0,2-3
21.150820914224695,10,15.332094087112194,0,0.0,-100.0,8-15
8.394245262631385,6,11.505121391634201,1,16.666666666666664,-80.23716982491241,4-7
21.32362816096213,5,15.383936261133424,2,40.0,-31.8821949424606,4-7
30.688992353752457,5,18.193545518970524,2,40.0,-16.89761223399607,4-7
35.937433380131004,12,19.768077826884088,1,8.333333333333332,-80.937522206623,8-15
17.855213075884617,5,14.34341173561017,2,40.0,-37.43165907858461,4-7
18.40582706740961,4,14.508595933067669,0,0.0,-100.0,4-7
41.92634224207627,2,21.564750485467666,1,50.0,26.352684484152544,2-3
8.469102970456364,6,11.527578703981694,0,0.0,-100.0,4-7
16.893933624976793,2,14.055027900337825,0,0.0,-100.0,2-3
10.452928245196738,4,12.122726286403807,0,0.0,-100.0,4-7
23.646568209825755,9,16.080818275792513,4,44.44444444444444,-20.183878738087547,8-15
49.82966062651194,7,23.935746000798368,2,28.57142857142857,-18.76610214112922,4-7
10.596384143718476,8,12.165763055960328,2,25.0,-68.15361585628152,8-15
25.023859938461364,1,16.494005794383195,0,0.0,-100.0,1
20.342304607344328,5,15.089539195048085,0,0.0,-100.0,4-7
9.665800120124496,3,11.886587848882135,0,0.0,-100.0,2-3
42.17005773256645,3,21.63786513261472,1,33.33333333333333,-15.439923023244736,2-3
25.81665416529249,5,16.731844062432533,1,20.0,-62.34667666776601,4-7
12.969333814552472,11,12.877647957210527,1,9.090909090909092,-87.55660588561727,8-15
17.989604354187986,5,14.383729119101183,2,40.0,-37.216633033299225,4-7
6.814724582464693,3,11.031265187584193,0,0.0,-100.0,2-3
25.05726386037821,12,16.50402697095825,0,0.0,-100.0,8-15
25.281633714596907,1,16.57133792722386,0,0.0,-100.0,1
20.42016568311414,6,15.112897517779029,2,33.33333333333333,-44.43977908918115,4-7
18.766057929108353,12,14.61666519157729,2,16.666666666666664,-73.32262804726109,8-15
29.521092296872027,4,17.843175501906394,0,0.0,-100.0,4-7
36.04439727900227,5,19.800166996545467,1,20.0,-54.16448217679818,4-7
33.08988128384834,7,18.913812197999288,0,0.0,-100.0,4-7
4.322083560241009,17,10.283472880917088,2,11.76470588235294,-87.96607832459247,16+
7.354341004575106,3,11.193150114217318,0,0.0,-100.0,2-3
18.809305958008217,3,14.629639600247252,0,0.0,-100.0,2-3
23.428098711374272,6,16.015277426257068,0,0.0,-100.0,4-7
25.19414378379743,7,16.545090947984015,0,0.0,-100.0,4-7
20.249925184455158,6,15.061825368181333,1,16.666666666666664,-72.33338321036324,4-7
12.430681471417984,4,12.716052254270183,0,0.0,-100.0,4-7
19.168182648621894,7,14.737302607431355,2,28.57142857142857,-53.80779125871783,4-7
17.280033018248165,4,14.170857718319235,1,25.0,-61.46996698175183,4-7
12.236632270081202,3,12.657837493869145,1,33.33333333333333,-55.351156973225066,2-3
2.0703154844927605,7,9.607942458192614,0,0.0,-100.0,4-7
8.073849709310462,1,11.409002725637924,0,0.0,-100.0,1
21.67903364707911,1,15.490557906968519,0,0.0,-100.0,1
15.975428194493201,9,13.779476271192747,2,22.22222222222222,-66.91073049378382,8-15
15.736899492744769,8,13.707917660668217,1,12.5,-81.50655025362761,8-15
40.80203876835324,4,21.22745944335076,1,25.0,-37.94796123164675,4-7
24.608890309903305,5,16.369514905815777,0,0.0,-100.0,4-7
7.957426129889493,10,11.374075651811633,0,0.0,-100.0,8-15
5.396039985221495,4,10.605659808411236,1,25.0,-73.35396001477852,4-7
26.316644754189806,2,16.88184123910173,0,0.0,-100.0,2-3
9.745789215488081,16,11.910584577491209,0,0.0,-100.0,16+
4.335440174565752,6,10.287479865214513,0,0.0,-100.0,4-7
17.540502816750035,11,14.248998657869796,2,18.181818181818183,-71.78872522418179,8-15
13.487372558441876,2,13.033059580377348,2,100.0,38.949490233767506,2-3
31.730915834855,8,18.506122563301286,0,0.0,-100.0,8-15
20.71978957437155,1,15.202784685156251,0,0.0,-100.0,1
19.885961631432828,4,14.952636302274636,1,25.0,-58.86403836856717,4-7
4.910287645531045,3,10.459934106504098,1,33.33333333333333,-65.11961647262527,2-3
40.09724826993691,11,21.01602229382586,3,27.27272727272727,-33.07572916006881,8-15
29.745599879635332,5,17.910527776735385,2,40.0,-18.40704019258346,4-7
52.340480680128834,9,24.688992016883436,2,22.22222222222222,-34.58623939544104,8-15
31.929158110478284,12,18.56559524598827,2,16.666666666666664,-64.54722792634782,8-15
18.803836702959657,2,14.627998823732682,0,0.0,-100.0,2-3
13.16785555170602,3,12.937204478356593,1,33.33333333333333,-54.10952593105864,2-3
29.467258937859036,3,17.8270254942025,0,0.0,-100.0,2-3
31.742012556476322,6,18.509451579787683,1,16.666666666666664,-64.67199162901578,4-7
4.641363904834694,1,10.379256984295194,0,0.0,-100.0,1
17.50337286526971,6,14.237859672425698,1,16.666666666666664,-74.16441808982019,4-7
4.13759996673249,3,10.228127802864535,0,0.0,-100.0,2-3
18.445510163345947,10,14.52050086184857,2,20.0,-68.24359186932324,8-15
31.762187943173625,5,18.515504195796872,1,20.0,-57.5902496454611,4-7
32.02915967893597,7,18.595595716525576,0,0.0,-100.0,4-7
2.234508453941863,1,9.657200349027345,0,0.0,-100.0,1
20.67349599002214,1,15.188896609851426,0,0.0,-100.0,1
5.378922975144002,13,10.600524705387986,0,0.0,-100.0,8-15
9.245025567535988,3,11.760355483105583,1,33.33333333333333,-59.33996590995201,2-3
19.79350185560518,2,14.92489836952634,0,0.0,-100.0,2-3
17.697555382307694,6,14.296114427537093,1,16.666666666666664,-74.03496307846153,4-7
8.522210943418765,4,11.543511095870414,2,50.0,-40.455578113162474,4-7
22.657658531050178,2,15.784145372159838,0,0.0,-100.0,2-3
21.92899493258397,8,15.565546292619977,0,0.0,-100.0,8-15
7.3786080109530054,8,11.20043021613069,1,12.5,-85.6856959945235,8-15
24.944337051436392,4,16.470148928275705,0,0.0,-100.0,4-7
19.933210540202037,6,14.966810974905398,2,33.33333333333333,-45.08905261306395,4-7
31.21323137900091,5,18.350817226545058,0,0.0,-100.0,4-7
31.518473165265465,5,18.442389762424423,2,40.0,-15.570442935575265,4-7
18.307082613719686,4,14.478972596960693,0,0.0,-100.0,4-7
29.5034577395586,4,17.837885134712366,2,50.0,1.5069154791171968,4-7
19.466686849875952,4,14.826853867807571,1,25.0,-59.28331315012405,4-7
14.322507093892728,5,13.283599941012605,1,20.0,-71.54199432488582,4-7
28.174670330689604,14,17.439248912051667,3,21.428571428571427,-57.63599685940891,8-15
29.91508888141505,1,17.9613744772693,0,0.0,-100.0,1
16.981410996035546,3,14.08127111165545,0,0.0,-100.0,2-3
30.85608754721617,5,18.243674077009636,1,20.0,-58.31512996222706,4-7
20.582845325973192,2,15.161701410636743,0,0.0,-100.0,2-3
8.763948171863827,5,11.616032264403934,1,20.0,-75.98884146250894,4-7
20.471085231725038,4,15.128173382362299,1,25.0,-58.27891476827496,4-7
13.861397749685159,3,13.145267137750333,1,33.33333333333333,-53.18480300041979,2-3
24.969748783219853,2,16.477772447810743,0,0.0,-100.0,2-3
14.81377593893435,4,13.43098059452509,1,25.0,-63.93622406106565,4-7
24.84252424338908,5,16.439605085861512,1,20.0,-63.12598060528873,4-7
19.667963086654176,16,14.88723673884104,5,31.25,-48.85254614168228,16+
23.12296848883725,7,15.923738359495962,0,0.0,-100.0,4-7
15.485080806950476,5,13.632372054929927,0,0.0,-100.0,4-7
0.972080645666535,29,9.278472006544746,5,17.24137931034483,-84.67442714091963,16+
15.873500167346515,4,13.74889786304874,1,25.0,-62.87649983265349,4-7
12.969968383325625,6,12.877838327842472,0,0.0,-100.0,4-7
53.699453584367674,11,25.096683888155084,6,54.54545454545454,63.5260805477113,8-15
38.96510077140302,4,20.676378044265693,2,50.0,20.430201542806046,4-7
15.086513947511648,1,13.512801997098281,0,0.0,-100.0,1
18.812332405628,3,14.630547534533186,1,33.33333333333333,-46.583556792496,2-3
8.498744082885143,11,11.53647103771033,2,18.181818181818183,-78.36454975790173,8-15
13.810198850598635,1,13.129907468024376,0,0.0,-100.0,1
15.953860606251185,16,13.773005994720142,3,18.75,-72.09710454531161,16+
53.9302579594094,1,25.165925200667605,1,100.0,200.7210318376376,1
7.693758946878322,4,11.294975496908283,1,25.0,-71.05624105312167,4-7
30.093192344102913,3,18.01480551607566,1,33.33333333333333,-31.542410207862776,2-3
27.48094058635636,4,17.231129988751697,0,0.0,-100.0,4-7
10.787865761371881,1,12.22320754125635,0,0.0,-100.0,1
32.34367437758832,18,18.689950126121282,2,11.11111111111111,-76.1805891655163,16+
27.198332849499895,10,17.146347667694755,0,0.0,-100.0,8-15
30.506308584938445,2,18.13874038832632,0,0.0,-100.0,2-3
22.919700043920262,1,15.862757826020864,0,0.0,-100.0,1
23.827317406529012,3,16.13504303480349,0,0.0,-100.0,2-3
13.444412618877696,7,13.020171598508096,2,28.57142857142857,-60.349242721282636,4-7
33.423090074234835,9,19.013774835115235,2,22.22222222222222,-51.40169771179126,8-15
30.26264135826046,1,18.065640220322923,0,0.0,-100.0,1
13.49632316854824,3,13.035744763409257,1,33.33333333333333,-53.67156910860235,2-3
29.473667435715438,8,17.828948043559418,0,0.0,-100.0,8-15
14.036367604020207,6,13.19775809405085,1,16.666666666666664,-76.47575493065321,4-7
19.418366643881228,5,14.812357806009155,0,0.0,-100.0,4-7
11.549425478307832,4,12.451675456337135,3,75.0,-1.6017235650764996,4-7
9.485347819969316,5,11.832452158835581,0,0.0,-100.0,4-7
14.970674933011836,4,13.478050292748337,0,0.0,-100.0,4-7
18.89472533601429,5,14.655265413649074,1,20.0,-67.88421973118857,4-7
8.985862185005017,3,11.68260646834629,0,0.0,-100.0,2-3
24.623465217262122,3,16.373887378023422,0,0.0,-100.0,2-3
8.193318706802204,15,11.444843424885448,0,0.0,-100.0,8-15
20.775092896252083,4,15.21937568172041,1,25.0,-57.97490710374792,4-7
24.788895491997152,7,16.42351646044393,3,42.857142857142854,-21.076179156576305,4-7
16.451498615728635,4,13.922297397563376,1,25.0,-62.29850138427137,4-7
33.6648917283695,7,19.086315331355635,1,14.285714285714285,-68.62006186950315,4-7
20.562318853130694,2,15.155543468783994,0,0.0,-100.0,2-3
20.023306292455754,9,14.993839700581512,0,0.0,-100.0,8-15
25.016984614526717,14,16.4919431972028,2,14.285714285714285,-73.5617230774133,8-15
22.118242379174323,8,15.622320526597083,2,25.0,-56.63175762082568,8-15
18.70055880013764,3,14.597015452886078,1,33.33333333333333,-46.73258826648315,2-3
6.001641849398284,3,10.787340367664273,0,0.0,-100.0,2-3
21.292290540962846,8,15.374534975133642,4,50.0,-14.915418918074302,8-15
3.7833674850475814,7,10.12185805835906,1,14.285714285714285,-85.6952185799728,4-7
12.181666374535203,1,12.641347725205346,0,0.0,-100.0,1
7.856439894513781,6,11.34377978119892,0,0.0,-100.0,4-7
21.79627057360382,5,15.525728984925932,0,0.0,-100.0,4-7
13.72553735186216,2,13.104509018403435,0,0.0,-100.0,2-3
18.974115056895737,2,14.679082329913506,0,0.0,-100.0,2-3
8.177475008107322,8,11.440090315276983,0,0.0,-100.0,8-15
10.686573620947279,5,12.19281989912897,0,0.0,-100.0,4-7
8.246164636502403,3,11.460697203795506,0,0.0,-100.0,2-3
46.965024145568044,4,23.0763550565152,0,0.0,-100.0,4-7
10.141159757126973,4,12.029195739982878,0,0.0,-100.0,4-7
10.923507469786625,1,12.263900053780773,0,0.0,-100.0,1
37.082536638518754,9,20.11160880440041,1,11.11111111111111,-74.07442816065833,8-15
22.302478139419108,1,15.677591254670517,0,0.0,-100.0,1
25.081548483561733,6,16.511312357913305,1,16.666666666666664,-69.11230101095883,4-7
12.080503889997626,8,12.610998979844073,1,12.5,-83.33474805500119,8-15
23.003525961801692,4,15.887905601385294,0,0.0,-100.0,4-7
13.432408583363781,2,13.016570387853921,0,0.0,-100.0,2-3
23.08044962843285,5,15.91098270137464,2,40.0,-29.07128059450744,4-7
27.566372101883818,4,17.25675944340993,0,0.0,-100.0,4-7
13.778587405933326,6,13.120424034624783,1,16.666666666666664,-76.64760839604445,4-7
36.799224683270985,4,20.026615217826084,3,75.0,74.14767404981296,4-7
25.408578005220072,3,16.60942121441081,0,0.0,-100.0,2-3
16.4124227542453,14,13.910574639118375,3,21.428571428571427,-67.71792335350403,8-15
53.594401580750585,5,25.065168287069962,1,20.0,-40.124478735399535,4-7
5.47820778572939,3,10.630310148563602,1,33.33333333333333,-64.36238961902748,2-3
9.272881493170933,1,11.768712260796066,0,0.0,-100.0,1
26.051835081645585,6,16.802398337338463,0,0.0,-100.0,4-7
19.247609271894856,10,14.761130594413244,1,10.0,-83.80095629124207,8-15
1.8416722097201879,5,9.539349475760842,1,20.0,-81.52666223222386,4-7
18.314965355643086,5,14.481337419537713,1,20.0,-68.34802771548553,4-7
28.061012267629142,5,17.405151493133527,0,0.0,-100.0,4-7
16.635896435599154,3,13.977616743524532,1,33.33333333333333,-49.48547141920113,2-3
36.354414595829795,3,19.893172191593724,0,0.0,-100.0,2-3
11.28664086229823,5,12.372840071534256,0,0.0,-100.0,4-7
40.91814179835478,7,21.262290352351222,2,28.57142857142857,-28.950695087594536,4-7
14.642147186712615,7,13.37949196885857,1,14.285714285714285,-79.4902016075928,4-7
27.083554719151024,5,17.111914228590095,2,40.0,-22.66631244935836,4-7
12.899935532711416,14,12.856828472658211,2,14.285714285714285,-80.48575112416489,8-15
54.62473096685666,2,25.374267102901783,2,100.0,203.49892386742664,2-3
11.832063790065742,3,12.536466949864508,1,33.33333333333333,-55.89058161324568,2-3
33.502095390999116,1,19.03747643014452,0,0.0,-100.0,1
17.70155949639776,6,14.297315661764115,2,33.33333333333333,-48.06458733813632,4-7
51.055424817929705,6,24.3034752582237,3,50.0,44.61084963585941,4-7
9.745055741798177,6,11.91036453538424,2,33.33333333333333,-58.673259010935766,4-7
26.163333165527515,10,16.83584776250304,0,0.0,-100.0,8-15
47.03735430708015,2,23.09805410496883,1,50.0,36.5747086141603,2-3
19.174890577982122,11,14.739314986239425,0,0.0,-100.0,8-15
20.28947525324158,6,15.07369038881726,1,16.666666666666664,-72.30701649783894,4-7
15.848757180934994,3,13.741474967125283,0,0.0,-100.0,2-3
2.147415162966149,4,9.63107236173463,1,25.0,-76.60258483703385,4-7
5.988228579353478,3,10.78331638665083,0,0.0,-100.0,2-3
29.20824963774028,15,17.74932270416687,3,20.0,-59.63340028980778,8-15
13.851524595228732,5,13.142305191413406,1,20.0,-71.91878032381702,4-7
10.697734033613287,4,12.196168022928772,0,0.0,-100.0,4-7
66.39625967812258,7,28.90572571628156,2,28.57142857142857,0.16715391785438571,4-7
7.9350978756855595,7,11.367377175550454,1,14.285714285714285,-83.32280121389395,4-7
13.780014498153925,4,13.120852162290964,1,25.0,-64.96998550184607,4-7
1.587122154950556,14,9.462984459329954,0,0.0,-100.0,8-15
6.922670310904783,2,11.063648906116223,0,0.0,-100.0,2-3
21.99850260508182,8,15.586398594369333,0,0.0,-100.0,8-15
17.761189986908068,1,14.315204808917207,1,100.0,56.04475994763226,1
24.548951347773507,9,16.35153321717684,1,11.11111111111111,-79.64491051210067,8-15
41.75066420710785,7,21.512047074977144,1,14.285714285714285,-63.99962045308123,4-7
14.456997549688747,6,13.323947077751411,0,0.0,-100.0,4-7
7.161666225554436,3,11.135347680511117,1,33.33333333333333,-62.11777836592742,2-3
20.428570825818696,7,15.115419060590396,0,0.0,-100.0,4-7
20.1639685830522,1,15.036038387760446,0,0.0,-100.0,1
23.054705750883183,11,15.90325953810974,1,9.090909090909092,-83.88919790876976,8-15
56.83503197081856,9,26.037357404090354,3,33.33333333333333,4.113375961091418,8-15
51.73891976299365,4,24.508523741742884,2,50.0,45.977839525987314,4-7
16.200533924185002,6,13.847007990100286,0,0.0,-100.0,4-7
13.438984087558062,7,13.018543039112204,2,28.57142857142857,-60.3554467570765,4-7
10.03035653752063,7,11.995954774100975,0,0.0,-100.0,4-7
29.689590695497614,6,17.89372502149407,1,16.666666666666664,-66.04027286966826,4-7
9.810499619284048,1,11.92999769863,0,0.0,-100.0,1
30.693753446679278,3,18.19497384684857,1,33.33333333333333,-30.7416620710943,2-3
20.823209449810264,4,15.233810647787866,1,25.0,-57.926790550189736,4-7
13.611499957121161,2,13.070297799981134,0,0.0,-100.0,2-3
19.2253932597397,5,14.754465790766696,0,0.0,-100.0,4-7
18.380853080746785,3,14.50110373706882,1,33.33333333333333,-47.158862559004284,2-3
13.068056142358438,7,12.907264655552316,0,0.0,-100.0,4-7
10.793320615475974,10,12.224843997487579,0,0.0,-100.0,8-15
28.951537931390884,14,17.672309192262052,4,28.57142857142857,-42.62681379269613,8-15
15.231492761107695,22,13.556295641177094,2,9.090909090909092,-86.73400263232448,16+
12.948366377447835,7,12.871357726079136,1,14.285714285714285,-80.45807635574408,4-7
13.24425757262026,7,12.960125084630864,0,0.0,-100.0,4-7
20.58985234554614,9,15.163803516508628,0,0.0,-100.0,8-15
31.700055369863524,4,18.496864423803842,2,50.0,5.900110739727042,4-7
12.903519047111189,1,12.857903526978143,1,100.0,36.61407618844476,1
19.080301820949845,4,14.710938359129738,1,25.0,-59.66969817905016,4-7
36.2532468671016,2,19.862821872975267,0,0.0,-100.0,2-3
17.653732362964718,7,14.282967521734202,1,14.285714285714285,-77.76929579259159,4-7
10.588914790572412,10,12.16352225001651,1,10.0,-87.26443408377104,8-15
16.916468451301444,19,14.061788348235218,4,21.052631578947366,-67.85981604100931,16+
26.653022032721253,20,16.982754422661163,4,20.0,-61.67758237382299,16+
12.240579371339825,6,12.659021624246733,1,16.666666666666664,-77.67294708577344,4-7
15.324508384476243,9,13.58420032818766,1,11.11111111111111,-83.74466294023279,8-15
32.76769321771438,3,18.8171557781591,1,33.33333333333333,-27.976409043047497,2-3
24.956907115957733,7,16.47391994763211,0,0.0,-100.0,4-7
2.7146131710919974,3,9.801231764172385,0,0.0,-100.0,2-3
26.883742393952282,3,17.05197053103047,1,33.33333333333333,-35.82167680806363,2-3
10.815180305596778,2,12.23140190452382,0,0.0,-100.0,2-3
10.27542325896285,3,12.06947479053364,0,0.0,-100.0,2-3
18.652449665279164,13,14.582582712428534,3,23.076923076923077,-63.166969539742325,8-15
24.407040713644783,2,16.30896002693822,0,0.0,-100.0,2-3
50.409427613137424,1,24.109676096786014,0,0.0,-100.0,1
7.6520172191338585,11,11.282452978584944,3,27.27272727272727,-68.4705266700358,8-15
21.894177181065132,2,15.555100967164325,0,0.0,-100.0,2-3
28.857130602320787,12,17.643986993541024,4,33.33333333333333,-33.19049253023895,8-15
17.127370496060752,14,14.125058961663012,0,0.0,-100.0,8-15
42.40777097202078,2,21.709179104451017,1,50.0,27.31554194404156,2-3
42.84873839373077,18,21.84146933096402,7,38.88888888888889,-0.29085138752990236,16+
23.164818343089955,3,15.93629331577177,1,33.33333333333333,-40.78024220921339,2-3
6.159762752330091,2,10.834776638543813,1,50.0,-45.18047449533981,2-3
5.962781386738437,1,10.775682228866318,0,0.0,-100.0,1
21.927822138592415,5,15.56519445442251,1,20.0,-65.45774228912607,4-7
20.352449172475982,5,15.09258256458758,1,20.0,-66.71804066201922,4-7
36.82710819035025,4,20.034980269949862,1,25.0,-41.92289180964974,4-7
20.80536435334651,20,15.228457118848738,5,25.0,-57.944635646653495,16+
16.798916751900464,13,14.026522838414927,3,23.076923076923077,-64.87792299824572,8-15
22.184321283519274,2,15.642144197900567,1,50.0,-13.13135743296145,2-3
16.255306294469662,9,13.863439701185683,2,22.22222222222222,-66.66194996047142,8-15
12.805879029259637,6,12.828611521622676,1,16.666666666666664,-77.29608064716025,4-7
46.59415868583453,7,22.965095418595144,3,42.857142857142854,16.304272032859192,4-7
24.526152688963514,2,16.34469361953384,0,0.0,-100.0,2-3
6.630384845492612,4,10.975963266492569,0,0.0,-100.0,4-7
18.086002735575352,7,14.412648633517392,3,42.857142857142854,-32.566852453299404,4-7
34.02726159393693,11,19.195026291025865,2,18.181818181818183,-59.7983552044095,8-15
22.933168574392536,2,15.866798385162545,0,0.0,-100.0,2-3
11.60464808999972,2,12.468242239844702,1,50.0,-34.29070382000055,2-3
46.548573977920725,2,22.951420006221003,1,50.0,35.597147955841464,2-3
25.747983109288164,10,16.711242745631235,1,10.0,-81.20080675628472,8-15
8.735890303125322,4,11.607614903782384,0,0.0,-100.0,4-7
6.546293201114622,14,10.950735773179174,2,14.285714285714285,-84.11640388507736,8-15
11.049854949591358,4,12.301804297722194,1,25.0,-67.70014505040865,4-7
2.4036172688586226,4,9.707932993502373,0,0.0,-100.0,4-7
41.19321243279941,1,21.34481154268461,1,100.0,149.77284973119765,1
16.67749010176374,9,13.99009484337391,1,11.11111111111111,-83.14333773254945,8-15
7.410428054378965,8,11.209976229158475,1,12.5,-85.66978597281052,8-15
17.065100507794543,5,14.106377965183148,3,60.0,-8.043758781293102,4-7
5.1881464265437325,6,10.543291740807906,1,16.666666666666664,-82.37456904897084,4-7
34.05893172975218,11,19.20452733177044,1,9.090909090909092,-79.88766118918103,8-15
25.469490171064734,6,16.627694864164205,0,0.0,-100.0,4-7
29.233064415400335,4,17.756767137464884,0,0.0,-100.0,4-7
18.19527795532635,12,14.445431199442691,4,33.33333333333333,-47.406296059564866,8-15
22.55938840144609,4,15.754664333278612,0,0.0,-100.0,4-7
15.278834397282326,4,13.570498132029485,0,0.0,-100.0,4-7
23.64006862448962,3,16.07886840019167,1,33.33333333333333,-40.14657516734717,2-3
27.7240607355301,5,17.304066033503815,0,0.0,-100.0,4-7
20.21931829959507,3,15.052643302723306,1,33.33333333333333,-44.707575600539904,2-3
39.995001617404874,7,20.98534829806625,1,14.285714285714285,-65.0028562186258,4-7
32.58039002400458,1,18.760964820046162,0,0.0,-100.0,1
7.950525030889601,6,11.372005322111667,3,50.0,-41.59894993822079,4-7
8.38510888482827,10,11.502380478293267,1,10.0,-88.1459564460687,8-15
6.069687599042592,2,10.807754092557564,0,0.0,-100.0,2-3
11.625084525167626,3,12.474373170395074,1,33.33333333333333,-56.16655396644317,2-3
24.000819411947777,4,16.187093636429122,0,0.0,-100.0,4-7
49.73614107020563,12,23.907690133906478,2,16.666666666666664,-52.67590595319624,8-15
20.753198793844398,5,15.212807450998106,1,20.0,-66.3974409649245,4-7
22.906480937169764,4,15.858792093995715,1,25.0,-55.84351906283024,4-7
26.57059764942766,3,16.958027107673086,0,0.0,-100.0,2-3
23.590488350333956,5,16.063994317944974,1,20.0,-64.12760931973284,4-7
10.838800789696995,3,12.238488049753885,1,33.33333333333333,-57.21493228040401,2-3
14.213489774821644,4,13.25089474529128,0,0.0,-100.0,4-7
27.71469068171003,9,17.301255017357793,0,0.0,-100.0,8-15
15.587570675492804,3,13.663119015492628,0,0.0,-100.0,2-3
15.600829677890024,2,13.667096716211793,0,0.0,-100.0,2-3
14.316857109810504,5,13.281904945787936,2,40.0,-43.093028624303194,4-7
24.80263297136156,10,16.427637704253254,3,30.0,-44.73684043436613,8-15
7.671582599814735,1,11.288322592789207,0,0.0,-100.0,1
14.949954425572463,6,13.471834140516526,2,33.33333333333333,-51.73339409923672,4-7
47.26901646213788,5,23.16755275148615,2,40.0,9.630426339420591,4-7
28.152393909198604,4,17.432565985604366,1,25.0,-50.59760609080139,4-7
9.211590982632506,1,11.750325107634538,0,0.0,-100.0,1
19.475527304266546,11,14.829506004124749,3,27.27272727272727,-55.57215203170922,8-15
9.486657871976105,16,11.832845174437617,3,18.75,-76.94750659601792,16+
50.06476571175812,16,24.006277526372223,5,31.25,-10.85654286030236,16+
7.6512920206427415,2,11.282235419037608,0,0.0,-100.0,2-3
9.106658738387384,2,11.718845434361002,0,0.0,-100.0,2-3
23.73867609002003,9,16.108450639850794,3,33.33333333333333,-40.01509854663996,8-15
11.96946772221588,11,12.577688129509552,0,0.0,-100.0,8-15
35.65839233169871,3,19.6843655123544,0,0.0,-100.0,2-3
22.623668850377832,11,15.773948467958135,3,27.27272727272727,-52.13781579958782,8-15
36.45907579717395,8,19.924570551996972,1,12.5,-71.14546210141303,8-15
7.2680660274909386,5,11.167267621092067,0,0.0,-100.0,4-7
6.025351762169739,10,10.794453341495707,1,10.0,-89.0898592951321,8-15
21.185266481598227,14,15.342427757324254,1,7.142857142857142,-87.87563814811479,8-15
28.0549243355788,4,17.403325113518424,2,50.0,-1.3901513288423848,4-7
4.476395822834615,6,10.32976655969517,1,16.666666666666664,-82.8490694514436,4-7
26.306852629977133,5,16.878903601837926,0,0.0,-100.0,4-7
27.037156573373494,7,17.097994784856834,0,0.0,-100.0,4-7
26.49109545896206,1,16.934176450533403,0,0.0,-100.0,1
11.248245505778469,6,12.361321464578326,0,0.0,-100.0,4-7
37.96905818487653,10,20.377565268307745,0,0.0,-100.0,8-15
5.534435472869774,11,10.647178454705719,2,18.181818181818183,-80.52041056518561,8-15
21.15243134539408,6,15.332577216463012,2,33.33333333333333,-43.46342487280789,4-7
23.194675473031914,3,15.945250454754362,1,33.33333333333333,-40.74043270262412,2-3
9.037840242402307,4,11.69819988556548,1,25.0,-69.71215975759769,4-7
4.277861589776875,7,10.270206289777848,1,14.285714285714285,-85.4126505201275,4-7
37.09165209851798,6,20.11434344240018,1,16.666666666666664,-61.10556526765467,4-7
19.89545704713147,1,14.955484926984225,1,100.0,64.58182818852588,1
26.69240942506737,7,16.994570640364998,2,28.57142857142857,-45.20867494278015,4-7
18.425657912688333,10,14.514545186651286,2,20.0,-68.25947366984934,8-15
22.765945122790118,4,15.81663134968182,1,25.0,-55.984054877209886,4-7
17.62502467663665,4,14.274355215835783,0,0.0,-100.0,4-7
29.98841617047881,4,17.98337266398843,2,50.0,2.476832340957608,4-7
17.442624799761823,9,14.219635252773333,0,0.0,-100.0,8-15
8.958024890214546,8,11.67425527990915,1,12.5,-84.89598755489273,8-15
8.494508391282762,12,11.535200330229614,0,0.0,-100.0,8-15
37.54047327309104,1,20.2489897947721,1,100.0,135.16189309236415,1
5.58848101299194,4,10.663392116742369,2,50.0,-46.323037974016124,4-7
26.395869451451404,4,16.905608648280207,0,0.0,-100.0,4-7
12.524121939288932,14,12.744084394631466,3,21.428571428571427,-71.05075262346662,8-15
2.7566528130356307,4,9.813843656755475,0,0.0,-100.0,4-7
28.674292654031152,1,17.589135609054132,0,0.0,-100.0,1
27.744957181446146,4,17.310334967278628,0,0.0,-100.0,4-7
16.941859982433584,3,14.069405807574862,0,0.0,-100.0,2-3
12.885633464049977,15,12.852537852059779,2,13.333333333333334,-81.79432881917334,8-15
38.55111782821777,3,20.55218316131012,1,33.33333333333333,-20.26517622904298,2-3
20.111574864087686,5,15.02032027207109,0,0.0,-100.0,4-7
14.998170823114862,6,13.486299059779244,0,0.0,-100.0,4-7
6.228621356947316,2,10.85543421992898,0,0.0,-100.0,2-3
7.991396541608369,1,11.384266775327296,0,0.0,-100.0,1
29.986286118787532,3,17.982733648481044,0,0.0,-100.0,2-3
15.57395022162445,4,13.65903287933212,0,0.0,-100.0,4-7
0.7707496286889051,4,9.218072701451458,0,0.0,-100.0,4-7
12.039401793157117,3,12.59866835079192,1,33.33333333333333,-55.61413094245719,2-3
31.38016209204817,7,18.400896440459235,0,0.0,-100.0,4-7
25.053900645804806,11,16.503018006586228,3,27.27272727272727,-49.48665384094021,8-15
14.25529426726829,8,13.263436093025271,1,12.5,-82.24735286636586,8-15
44.69460863437366,3,22.395230403156884,1,33.33333333333333,-12.07385515416845,2-3
7.338376362774987,2,11.188360721677281,1,50.0,-42.82324727445002,2-3
6.333997590493774,3,10.887047089992919,0,0.0,-100.0,2-3
5.64983680490246,2,10.681798854315524,1,50.0,-46.20032639019508,2-3
10.416312128176983,11,12.111741451297881,0,0.0,-100.0,8-15
27.23513406826325,4,17.157388033323762,1,25.0,-51.51486593173675,4-7
12.3715166793766,2,12.698302816657767,0,0.0,-100.0,2-3
16.12164439411413,5,13.823341131079026,0,0.0,-100.0,4-7
3.734816296975469,3,10.107292701937427,0,0.0,-100.0,2-3
33.525314263970195,12,19.044442092035847,4,33.33333333333333,-26.966247648039744,8-15
27.73923035146212,12,17.30861691828342,2,16.666666666666664,-67.34051309902526,8-15
15.78470997034418,9,13.72226080394804,2,22.22222222222222,-67.0802578041385,8-15
14.038041885152,9,13.198260378390387,3,33.33333333333333,-52.949277486464,8-15
17.04482675626469,2,14.100295839724192,0,0.0,-100.0,2-3
17.34777833783753,3,14.191181314196044,0,0.0,-100.0,2-3
16.90040840239322,13,14.056970333562752,4,30.76923076923077,-53.0456511970545,8-15
23.239974922272516,2,15.95884028952654,1,50.0,-11.020050155454973,2-3
17.24764180234933,16,14.161140353549584,5,31.25,-51.87794774706334,16+
8.033896275677,2,11.397016695547887,0,0.0,-100.0,2-3
21.888363300979066,10,15.553356803138508,2,20.0,-65.48930935921675,8-15
13.313343769661737,5,12.980850943743308,0,0.0,-100.0,4-7
19.331594513156656,3,14.786326166791783,1,33.33333333333333,-45.89120731579113,2-3
5.680024034250069,4,10.690855023119807,1,25.0,-73.06997596574992,4-7
14.873657740871854,5,13.44894513510634,0,0.0,-100.0,4-7
10.362651841029306,3,12.095643365153578,0,0.0,-100.0,2-3
24.809423375714573,8,16.429674825559157,0,0.0,-100.0,8-15
19.48064421309334,9,14.831041076772788,2,22.22222222222222,-63.79498292169481,8-15
11.682695166110332,13,12.491656362677887,1,7.6923076923076925,-89.86686302581221,8-15
12.761560786189493,2,12.815316048701634,0,0.0,-100.0,2-3
23.679309966681927,16,16.090640802849364,2,12.5,-77.53534501665904,16+
23.9798486735053,2,16.180802414896377,1,50.0,-9.540302652989412,2-3
18.01417004116649,12,14.391098825194733,1,8.333333333333332,-86.91194331961117,8-15
25.955224196824723,1,16.773415071892202,0,0.0,-100.0,1
34.98756887982055,2,19.48311847679095,0,0.0,-100.0,2-3
9.239000490100914,3,11.75854795987506,0,0.0,-100.0,2-3
4.2628082064558495,8,10.26569027478154,1,12.5,-87.24359589677208,8-15
25.864584844933947,9,16.746223266324968,2,22.22222222222222,-58.12036902672537,8-15
11.036603181063697,4,12.297828767163894,2,50.0,-35.42679363787261,4-7
24.23662361308191,6,16.25783489676936,0,0.0,-100.0,4-7
24.241291699491597,3,16.259235322692266,1,33.33333333333333,-39.344944400677875,2-3
23.335489420931104,2,15.987494639124117,0,0.0,-100.0,2-3
10.78793016100481,5,12.223226861146228,1,20.0,-74.36965587119614,4-7
1.9935341234061938,4,9.584908049866645,0,0.0,-100.0,4-7
6.538546077826374,4,10.948411636192699,0,0.0,-100.0,4-7
8.16791227762805,5,11.437221496133201,1,20.0,-76.46567017789756,4-7
24.341683152131388,3,16.289352758484203,1,33.33333333333333,-39.21108913049148,2-3
36.22424724716046,10,19.854121986992922,1,10.0,-77.01030110113581,8-15
9.769006208508877,9,11.91754967539745,0,0.0,-100.0,8-15
20.266412541100557,3,15.066771575174954,1,33.33333333333333,-44.64478327853259,2-3
14.287655321170472,14,13.273144409195927,2,14.285714285714285,-79.69276838790259,8-15
10.70423170171296,2,12.198117323358675,1,50.0,-36.09153659657408,2-3
28.198625214285016,5,17.44643537713029,0,0.0,-100.0,4-7
32.2655810339468,4,18.666522123028827,2,50.0,7.031162067893601,4-7
20.04906472540216,2,15.001567230465435,0,0.0,-100.0,2-3
26.340662155480963,4,16.889046459489077,2,50.0,-4.818675689038064,4-7
20.14248070868339,19,15.029592025449803,1,5.263157894736842,-91.28579353501402,16+
17.970753505015438,3,14.378073864349417,1,33.33333333333333,-47.70566199331275,2-3
36.488413138661116,10,19.93337175444312,2,20.0,-53.80926948907111,8-15
7.517988489041431,5,11.242244359557215,1,20.0,-76.98560920876685,4-7
7.484691252642199,10,11.232255188637447,0,0.0,-100.0,8-15
2.212697419589476,9,9.65065703872163,1,11.11111111111111,-89.57213448018247,8-15
24.92181040680861,5,16.463390934887368,1,20.0,-63.06255167455311,4-7
28.064385257815683,4,17.40616339018949,1,25.0,-50.68561474218431,4-7
18.97536451078008,6,14.67945716607881,1,16.666666666666664,-73.18309032614661,4-7
24.333836208133317,5,16.28699867528478,1,20.0,-63.53293103349335,4-7
9.557570233537975,7,11.854118882906178,0,0.0,-100.0,4-7
14.178976949017713,10,13.2405408975501,3,30.0,-57.48522766117875,8-15
13.625949352933239,9,13.074632618724758,3,33.33333333333333,-53.49873419608902,8-15
7.380846088577112,6,11.201101639417919,0,0.0,-100.0,4-7
9.045842728744912,3,11.70060063146826,0,0.0,-100.0,2-3
21.864438965366546,9,15.546179502454748,0,0.0,-100.0,8-15
8.830027464960018,3,11.635856052332791,1,33.33333333333333,-59.89329671338663,2-3
25.231638208927148,9,16.55633927552293,0,0.0,-100.0,8-15
33.78044820392186,9,19.12098227402134,5,55.55555555555556,22.289884897604125,8-15
15.314996286786084,1,13.581346698880612,0,0.0,-100.0,1
15.318653668591676,4,13.582443913422287,0,0.0,-100.0,4-7
5.573735009356571,2,10.658968315651757,1,50.0,-46.352529981286864,2-3
7.120431503455683,10,11.122977263881491,1,10.0,-88.65182739861773,8-15
5.073468455063953,16,10.508888349363971,2,12.5,-86.83826577246802,16+
20.14501682594862,8,15.030352860629373,1,12.5,-79.30249158702568,8-15
27.857537027141593,6,17.344108920987264,1,16.666666666666664,-67.26164198190561,4-7
9.128104234770694,12,11.725279083275995,3,25.0,-69.62189576522931,8-15
26.735635401772612,2,17.00753843337657,0,0.0,-100.0,2-3
37.51925314881016,5,20.24262375748783,0,0.0,-100.0,4-7
16.86320056352767,4,14.045807981903085,0,0.0,-100.0,4-7
21.10673305408353,10,15.318867729069845,2,20.0,-66.11461355673318,8-15
16.149380684573867,2,13.831662018216944,0,0.0,-100.0,2-3
21.08170003325557,2,15.311357822821456,0,0.0,-100.0,2-3
2.6333091448934804,10,9.77684055631283,0,0.0,-100.0,8-15
15.711554604355468,4,13.700314194151424,1,25.0,-63.03844539564453,4-7
1.139629828087978,2,9.32873676127118,0,0.0,-100.0,2-3
25.196334945268973,4,16.54574829642548,0,0.0,-100.0,4-7
31.173101542656216,6,18.33877827564165,0,0.0,-100.0,4-7
15.85135376657633,17,13.742253942817687,3,17.647058823529413,-73.81080910594612,16+
36.97157752576138,1,20.078321070573203,0,0.0,-100.0,1
42.964105674327044,5,21.876079515142898,2,40.0,2.7425690789232613,4-7
15.448208746490511,3,13.621310436791939,1,33.33333333333333,-51.06905500467932,2-3
27.576160100765108,3,17.25969584307432,1,33.33333333333333,-34.898453198979865,2-3
39.17513601860409,7,20.739388618426013,2,28.57142857142857,-30.94270169302389,4-7
10.744353918993465,3,12.210153988542825,0,0.0,-100.0,2-3
5.948729779891177,7,10.77146674681214,0,0.0,-100.0,4-7
21.109540171592474,5,15.319709864322528,0,0.0,-100.0,4-7
21.585873765846173,7,15.462609942598638,0,0.0,-100.0,4-7
18.74378133878999,2,14.609982214481784,0,0.0,-100.0,2-3
13.670728240780916,13,13.088066285079062,4,30.76923076923077,-57.02064216519271,8-15
15.021638008135454,1,13.493339215285422,0,0.0,-100.0,1
3.2227557547119936,4,9.953674539258383,1,25.0,-75.527244245288,4-7
16.94673162557244,4,14.070867300516518,0,0.0,-100.0,4-7
40.41189787748434,10,21.11041717609009,2,20.0,-50.67048169801252,8-15
25.667283089638843,3,16.687032739736438,0,0.0,-100.0,2-3
4.765803963884367,10,10.416589002010095,0,0.0,-100.0,8-15
10.819153493557042,7,12.232593860911898,0,0.0,-100.0,4-7
11.216864000924666,10,12.351907013122187,3,30.0,-61.039763198890405,8-15
30.226622795300212,6,18.05483465143485,0,0.0,-100.0,4-7
44.00096812060257,5,22.187138249025555,1,20.0,-47.79922550351794,4-7
6.9512342244832865,7,11.072218080189772,2,28.57142857142857,-67.77001802916196,4-7
24.64539221539749,4,16.380465477464035,1,25.0,-54.10460778460251,4-7
26.708888835972495,20,16.999514463636533,3,15.0,-71.2246666984165,16+
2.82627041243812,3,9.834728936576223,0,0.0,-100.0,2-3
10.548027187279683,7,12.151255969028691,1,14.285714285714285,-81.8296987501259,4-7
34.94076603758377,11,19.46907762411992,2,18.181818181818183,-59.133988336302714,8-15
1.8499204420064075,1,9.541823945446708,0,0.0,-100.0,1
7.404139257191593,4,11.208089590002265,0,0.0,-100.0,4-7
45.24770770186146,1,22.561160123403223,0,0.0,-100.0,1
22.70850984409593,1,15.799400766073566,1,100.0,75.8340393763837,1
11.51741004023073,5,12.442070824914005,1,20.0,-73.78607196781543,4-7
13.488738217700194,8,13.033469278154843,1,12.5,-82.6306308911499,8-15
26.8270705949243,7,17.034968991322078,1,14.285714285714285,-72.52738823147183,4-7
37.129176040664404,3,20.125600625044108,1,33.33333333333333,-22.161098612447457,2-3
34.022880490858206,9,19.19371196010225,3,33.33333333333333,-26.30282601218907,8-15
5.938433482544394,7,10.768377857608105,0,0.0,-100.0,4-7
17.396853492836726,13,14.205903860695804,2,15.384615384615385,-76.21732092748509,8-15
11.238875180858075,1,12.358510367102209,0,0.0,-100.0,1
10.905497369005012,2,12.25849702354629,0,0.0,-100.0,2-3
17.510469152532952,5,14.239988558604672,2,40.0,-37.98324935594728,4-7
26.297320078412724,2,16.876043836368602,0,0.0,-100.0,2-3
7.820612849687084,6,11.333031667750912,0,0.0,-100.0,4-7
8.969562086568674,2,11.677716438815388,0,0.0,-100.0,2-3
16.42921034483095,3,13.91561091629407,0,0.0,-100.0,2-3
37.26651223232722,2,20.16680148254295,0,0.0,-100.0,2-3
22.81460705731246,1,15.831229930038523,0,0.0,-100.0,1
7.650296069541038,3,11.281936633707097,1,33.33333333333333,-61.46627190727861,2-3
37.31507673340046,2,20.18137083286492,1,50.0,17.130153466800913,2-3
16.20112107479204,7,13.847184135282397,0,0.0,-100.0,4-7
18.56049773428964,13,14.554997133131678,3,23.076923076923077,-63.251848245271105,8-15
21.538303805952452,2,15.448338954630522,0,0.0,-100.0,2-3
10.79232965683814,3,12.224546709896227,0,0.0,-100.0,2-3
7.893320951776247,16,11.35484409837766,6,37.5,-56.28501857233563,16+
1.8302897712894914,3,9.535934744231634,0,0.0,-100.0,2-3
1.3536983676955843,4,9.39295732315346,0,0.0,-100.0,4-7
26.029307122553995,5,16.795639949610987,0,0.0,-100.0,4-7
14.872501414239798,3,13.448598237116723,2,66.66666666666666,-3.6733295620272113,2-3
0.20816440977189107,2,9.049297135776353,0,0.0,-100.0,2-3
46.70712897939415,7,22.99898650666303,1,14.285714285714285,-61.167354868917634,4-7
22.030657267921246,8,15.59604499322116,1,12.5,-78.35967136603938,8-15
13.383846267169716,18,13.002001692995702,1,5.555555555555555,-92.30358971840673,16+
46.93562125703892,2,23.06753418995646,0,0.0,-100.0,2-3
22.29494211929905,6,15.6753304486345,0,0.0,-100.0,4-7
14.9752089154261,1,13.479410487472615,0,0.0,-100.0,1
3.331341364063354,5,9.986250222063791,0,0.0,-100.0,4-7
14.944931486175788,3,13.470327258697523,1,33.33333333333333,-51.740091351765614,2-3
18.538968569981684,4,14.54853838383929,0,0.0,-100.0,4-7
11.548256152716919,3,12.45132465865986,0,0.0,-100.0,2-3
18.153189436127253,4,14.432804643682962,1,25.0,-60.59681056387275,4-7
29.659437871567413,11,17.88467917431501,1,9.090909090909092,-81.48747713761185,8-15
13.795590706033767,3,13.125525024654916,0,0.0,-100.0,2-3
4.042392520691402,23,10.199565569052208,3,13.043478260869565,-86.80396911963926,16+
8.845818262765965,5,11.640593291674575,3,60.0,-27.7700361693617,4-7
49.64885346464553,3,23.881503852238446,1,33.33333333333333,-5.468195380472631,2-3
3.48110511596713,19,10.031179347634925,3,15.789473684210526,-84.3803546635997,16+
19.087934481930443,6,14.713228157423918,2,33.33333333333333,-46.216087357426076,4-7
16.088704357675642,9,13.813459120147478,3,33.33333333333333,-50.21506085643247,8-15
27.318425502803066,3,17.182375463685705,1,33.33333333333333,-35.24209932959591,2-3
13.820327784753369,3,13.132946148270797,0,0.0,-100.0,2-3
12.647300614963935,6,12.781037997333966,0,0.0,-100.0,4-7
32.5732873088847,20,18.7588340055102,5,25.0,-46.1767126911153,16+
25.536178234353457,7,16.647701283150823,1,14.285714285714285,-73.26504100894088,4-7
15.150265164483494,1,13.531927362189835,0,0.0,-100.0,1
16.6152523065007,3,13.971423504794997,1,33.33333333333333,-49.512996924665735,2-3
42.05343822037387,9,21.602879278956948,4,44.44444444444444,12.539445725109092,8-15
18.118931148915234,3,14.422527157519355,0,0.0,-100.0,2-3
33.65744375387532,6,19.084080939007382,1,16.666666666666664,-63.39503749741646,4-7
35.64919149702125,3,19.68160526195116,1,33.33333333333333,-24.134411337305004,2-3
9.288043155345353,7,11.773260759448393,0,0.0,-100.0,4-7
8.420130949086744,6,11.51288709757081,0,0.0,-100.0,4-7
21.546573227381533,12,15.450819781059247,3,25.0,-57.20342677261846,8-15
34.59675424229559,2,19.36587408553346,1,50.0,11.693508484591165,2-3
10.668391544921658,8,12.187365276321284,2,25.0,-68.08160845507834,8-15
27.51052934005667,3,17.240006614861787,0,0.0,-100.0,2-3
25.016389050976805,3,16.49176452813783,0,0.0,-100.0,2-3
1.7839668510187872,4,9.522037868150422,1,25.0,-76.96603314898121,4-7
28.336267977535552,1,17.48772820610545,1,100.0,98.34507191014218,1
11.789339208794948,8,12.52364957548327,2,25.0,-66.96066079120506,8-15
18.236270119747214,8,14.45772884876895,1,12.5,-80.25686494012639,8-15
3.4713740708409198,1,10.028260034097062,0,0.0,-100.0,1
12.686796282624918,2,12.79288669763226,0,0.0,-100.0,2-3
15.639362919209018,3,13.678656688607491,0,0.0,-100.0,2-3
22.627387691561758,2,15.775064120313312,0,0.0,-100.0,2-3
13.984288799941824,6,13.182134452827333,1,16.666666666666664,-76.51047413337211,4-7
15.635707227237106,2,13.677559981015918,1,50.0,-26.228585545525785,2-3
24.798505840122118,6,16.42639956488142,0,0.0,-100.0,4-7
20.314989214431954,8,15.081344577174372,1,12.5,-79.21750539278403,8-15
6.793656908426213,3,11.024944885372651,1,33.33333333333333,-62.60845745543172,2-3
5.893780982646508,4,10.754982107638739,0,0.0,-100.0,4-7
32.79600264816483,10,18.825648607294234,4,40.0,-13.526395762936286,8-15
29.090641228576807,9,17.71404018141783,3,33.33333333333333,-32.87914502856426,8-15
22.738126641673045,5,15.8082858053467,2,40.0,-29.61899737332313,4-7
19.946744622796043,12,14.9708711996836,1,8.333333333333332,-86.26775179240133,8-15
13.309678356944815,7,12.979751319928232,0,0.0,-100.0,4-7
10.352409901596568,2,12.092570783323756,0,0.0,-100.0,2-3
23.736930022345742,2,16.10792681954851,0,0.0,-100.0,2-3
9.823543775273095,5,11.933910945426716,0,0.0,-100.0,4-7
19.568898123259647,4,14.85751724982268,0,0.0,-100.0,4-7
27.179637640519484,2,17.14073910500063,0,0.0,-100.0,2-3
7.9918421469368255,8,11.384400456925833,1,12.5,-85.37907892653158,8-15
15.475555265051025,5,13.629514392360093,1,20.0,-70.61955578795917,4-7
24.020536826729373,3,16.193008860863596,0,0.0,-100.0,2-3
16.408419116335644,4,13.90937354774548,0,0.0,-100.0,4-7
3.0755293131265753,4,9.90950660678276,1,25.0,-75.67447068687343,4-7
38.27476250885114,11,20.469276565500127,2,18.181818181818183,-56.70926362992644,8-15
19.660032041224863,10,14.884857425212244,0,0.0,-100.0,8-15
9.584319323686035,2,11.862143609950596,0,0.0,-100.0,2-3
35.85570322070785,1,19.743558779057143,0,0.0,-100.0,1
5.791297406974537,9,10.724237034937149,0,0.0,-100.0,8-15
25.304203347169175,4,16.578108816995538,1,25.0,-53.44579665283082,4-7
20.394331125304024,10,15.105147150435993,4,40.0,-33.36907019951356,8-15
11.119684772642453,1,12.322753244637521,0,0.0,-100.0,1
5.443664361498257,6,10.619947121294263,1,16.666666666666664,-82.20422375900117,4-7
31.36843187885044,4,18.397377376499918,2,50.0,5.236863757700867,4-7
14.582213203736874,3,13.361511773965848,0,0.0,-100.0,2-3
32.86609462104148,5,18.84667619915723,0,0.0,-100.0,4-7
2.421564293675472,7,9.713317100947428,1,14.285714285714285,-86.47339183218544,4-7
33.9626092491957,4,19.175630587603496,2,50.0,10.425218498391404,4-7
34.27041466089691,1,19.26797221111386,0,0.0,-100.0,1
22.507484570369606,3,15.739093183955665,0,0.0,-100.0,2-3
13.487767462880958,9,13.033178051709074,2,22.22222222222222,-69.12198447743914,8-15
14.468495242511082,2,13.327396385598112,0,0.0,-100.0,2-3
19.934058399687267,8,14.967065332750968,1,12.5,-79.40797080015636,8-15
18.403263214553128,5,14.507826777210726,1,20.0,-68.27738942835751,4-7
12.221874195338685,8,12.653410071446391,1,12.5,-83.26406290233066,8-15
33.503502770752156,1,19.037898644070435,0,0.0,-100.0,1
8.334015449280868,2,11.487052447629045,0,0.0,-100.0,2-3
34.71837746956577,3,19.402361053714518,0,0.0,-100.0,2-3
12.629194731607427,5,12.775606232327014,0,0.0,-100.0,4-7
20.695651385157117,2,15.195543228391923,2,100.0,67.78260554062847,2-3
28.231634659810805,8,17.45633821078803,0,0.0,-100.0,8-15
9.015547695570572,5,11.691512121515956,0,0.0,-100.0,4-7
10.31804321229497,13,12.082260776533277,1,7.6923076923076925,-90.28675593467847,8-15
15.509410429247755,8,13.639670941619112,3,37.5,-44.86088435612837,8-15
21.38825562416663,1,15.403324500094776,0,0.0,-100.0,1
45.30268243596235,4,22.57765254363349,1,25.0,-33.44731756403765,4-7
2.9512212431325398,8,9.872214185784548,2,25.0,-75.79877875686746,8-15
11.031250034219305,13,12.296222823110577,3,23.076923076923077,-70.20192304533602,8-15
18.044356878692195,3,14.400154876452445,0,0.0,-100.0,2-3
24.77580708946604,8,16.4195899396846,1,12.5,-76.98709645526698,8-15
17.11897499123042,2,14.122540310213912,1,50.0,-23.26205001753916,2-3
5.930944385289792,4,10.766131128431725,0,0.0,-100.0,4-7
16.24023346242971,1,13.858917851573699,0,0.0,-100.0,1
8.565320046084112,9,11.556443826670021,2,22.22222222222222,-73.49749329236967,8-15
29.448737869690707,3,17.821469173751996,1,33.33333333333333,-32.40168284041239,2-3
45.931589528698034,5,22.766324671454196,0,0.0,-100.0,4-7
16.763009218424646,15,14.01575057837218,1,6.666666666666667,-89.86319754175344,8-15
5.3594806969154165,4,10.59469202191941,1,25.0,-73.39051930308459,4-7
8.359867990386464,3,11.494808209960725,0,0.0,-100.0,2-3
11.90318126830929,7,12.557802193337572,2,28.57142857142857,-62.11064997907509,4-7
35.792997282639924,7,19.724746997636764,1,14.285714285714285,-67.40400155277719,4-7
8.69065575790908,9,11.59404454021751,1,11.11111111111111,-86.69304188537375,8-15
4.019880410770665,3,10.192811936075985,0,0.0,-100.0,2-3
3.268557603350902,5,9.967415093850057,0,0.0,-100.0,4-7
21.09630407813377,8,15.315739036284917,0,0.0,-100.0,8-15
5.208418569840203,4,10.549373383796846,0,0.0,-100.0,4-7
6.706870641442523,3,10.998909005277543,0,0.0,-100.0,2-3
34.65284955817901,8,19.382702680298486,1,12.5,-72.0485752209105,8-15
21.70338602549356,5,15.497863620492854,0,0.0,-100.0,4-7
21.521219942770877,2,15.44321379567605,0,0.0,-100.0,2-3
10.014866430240708,1,11.991307741916998,0,0.0,-100.0,1
38.33190761365112,12,20.486420096940122,2,16.666666666666664,-60.278728257565916,8-15
33.37029324299536,2,18.99793578574339,0,0.0,-100.0,2-3
17.93575039927954,2,14.367572932628647,0,0.0,-100.0,2-3
8.103222843674152,8,11.417814665947033,1,12.5,-85.32338857816292,8-15
40.59021814950346,8,21.16391325769582,2,25.0,-38.15978185049655,8-15
6.549730058684379,11,10.951766830450099,0,0.0,-100.0,8-15
17.562297249344073,8,14.25553698764801,1,12.5,-80.59385137532796,8-15
4.272332234864991,10,10.268547483304284,2,20.0,-79.58213421210802,8-15
43.67932523697231,5,22.09064538393648,2,40.0,3.8869203791556934,4-7
15.557625129720371,8,13.654135351760896,1,12.5,-81.59618743513983,8-15
6.506578429223903,1,10.938821341611957,0,0.0,-100.0,1
4.219662676089372,7,10.2527466156716,1,14.285714285714285,-85.44590704223465,4-7
31.472385970269972,2,18.428563603925777,2,100.0,110.88954388107987,2-3
10.110232189491635,11,12.019917469692276,1,9.090909090909092,-88.59627920382123,8-15
1.8529430048733273,3,9.542730714306785,1,33.33333333333333,-69.19607599350223,2-3
13.962034133783241,5,13.175458052979758,0,0.0,-100.0,4-7
59.19144989812577,14,26.744282782282514,3,21.428571428571427,-31.050185801606485,8-15
12.944421123511695,10,12.870174149898295,2,20.0,-72.64446310119065,8-15
55.37449886700912,15,25.599197472947523,4,26.666666666666668,-18.267201208523602,8-15
44.96253794601465,7,22.47560919664918,1,14.285714285714285,-62.164264030848784,4-7
21.26195609471406,2,15.365434641259004,0,0.0,-100.0,2-3
10.92320538723241,12,12.26380942901451,3,25.0,-67.8267946127676,8-15
23.837579901351052,3,16.1381217832501,1,33.33333333333333,-39.883226798198606,2-3
13.464944375889921,14,13.026331125611762,0,0.0,-100.0,8-15
24.906491788567934,6,16.45879534941517,1,16.666666666666664,-69.22900547428804,4-7
7.316145135739305,14,11.181691353566578,0,0.0,-100.0,8-15
9.849922348698147,11,11.941824517454231,2,18.181818181818183,-77.38187465549225,8-15
29.744119005507237,12,17.910083514496954,4,33.33333333333333,-32.00784132599035,8-15
20.36384799284142,6,15.096002210697213,0,0.0,-100.0,4-7
2.201005569767057,16,9.647149483774903,1,6.25,-94.13724860755823,16+
27.202832773878693,1,17.147697645008396,0,0.0,-100.0,1
17.50157326444281,3,14.23731979217763,1,33.33333333333333,-48.331235647409585,2-3
7.767772305433186,3,11.317179504474742,0,0.0,-100.0,2-3
34.815231910343776,7,19.43141738594792,2,28.57142857142857,-35.9254492453214,4-7
14.099111644812941,9,13.216581306288669,3,33.33333333333333,-52.867851140249414,8-15
17.275052295657957,21,14.169363501542174,3,14.285714285714285,-77.98568440248117,16+
31.011705957834483,5,18.29035960019513,0,0.0,-100.0,4-7
14.648069539887093,2,13.381268674810915,0,0.0,-100.0,2-3
3.0629447420411062,3,9.905731235457118,1,33.33333333333333,-67.58274034394519,2-3
8.105080017512115,3,11.41837181809842,0,0.0,-100.0,2-3
29.47641624678316,3,17.829772686879732,0,0.0,-100.0,2-3
6.734624850438044,4,11.007235267976197,0,0.0,-100.0,4-7
21.878972053250855,4,15.550539428820043,0,0.0,-100.0,4-7
19.79840742830891,8,14.926370041337458,2,25.0,-58.951592571691094,8-15
20.38946017134634,4,15.103685864248687,0,0.0,-100.0,4-7
16.979495955084502,4,14.080696599370135,1,25.0,-61.7705040449155,4-7
8.432235405085873,4,11.516518434370548,0,0.0,-100.0,4-7
13.222604727306052,4,12.9536292310366,2,50.0,-31.05479054538789,4-7
13.129892731074577,2,12.92581563216716,0,0.0,-100.0,2-3
36.77051097083508,9,20.018001104095312,0,0.0,-100.0,8-15
27.77803673292343,5,17.320258832721812,1,20.0,-60.77757061366126,4-7
7.419455363478068,17,11.212684421888206,1,5.88235294117647,-93.2542457968287,16+
27.236958428299506,3,17.15793534133464,1,33.33333333333333,-35.35072209560065,2-3
4.934626848236064,10,10.467235867315605,3,30.0,-68.57844778211673,8-15
20.779105672194728,4,15.220579514503205,1,25.0,-57.97089432780527,4-7
20.277738508276443,3,15.070169365327718,1,33.33333333333333,-44.62968198896474,2-3
9.669453063133163,4,11.887683731784735,0,0.0,-100.0,4-7
4.329395208370382,2,10.2856663753559,0,0.0,-100.0,2-3
9.072029375572225,5,11.708456625516453,0,0.0,-100.0,4-7
9.15861392150532,4,11.734431989296382,1,25.0,-69.59138607849468,4-7
10.288538944742136,3,12.073409496267425,0,0.0,-100.0,2-3
27.191441370605705,1,17.1442802240265,0,0.0,-100.0,1
2.525422032231456,1,9.744474422514223,1,100.0,-4.898311871074184,1
35.88536738299628,2,19.752458027743668,0,0.0,-100.0,2-3
8.165978922638148,7,11.43664148963623,0,0.0,-100.0,4-7
22.204063236608963,5,15.648066783827474,1,20.0,-65.23674941071282,4-7
25.856670530631014,2,16.74384897203409,2,100.0,88.42668212252404,2-3
35.02050920481483,6,19.493000574289233,2,33.33333333333333,-24.97265439358022,4-7
28.36526581469213,8,17.496427557252424,0,0.0,-100.0,8-15
13.406599482940685,2,13.00882765772699,0,0.0,-100.0,2-3
9.939346147016662,14,11.968651656949786,1,7.142857142857142,-91.08875824370952,8-15
31.01416096811799,6,18.291096103280182,4,66.66666666666666,39.3710959149813,4-7
32.429841530029044,4,18.715800271853496,1,25.0,-46.32015846997097,4-7
20.3500142303368,7,15.091852081945826,1,14.285714285714285,-76.2285632969504,4-7
9.156164591806919,5,11.733697190386861,1,20.0,-75.67506832655447,4-7
13.458234009136863,13,13.024318015585845,2,15.384615384615385,-78.64108676360809,8-15
28.1668883782337,8,17.436914326314895,2,25.0,-50.5831116217663,8-15
7.4448091191592045,6,11.220290548592548,0,0.0,-100.0,4-7
23.18509854494952,3,15.942377376329642,0,0.0,-100.0,2-3
10.982176726885116,8,12.281500830910321,0,0.0,-100.0,8-15
9.897891063366846,1,11.95621513185484,0,0.0,-100.0,1
14.060279821717462,3,13.204931759360026,0,0.0,-100.0,2-3
35.21373929487662,10,19.55096960130777,1,10.0,-77.41450428204935,8-15
25.979146779402384,4,16.7805918466655,2,50.0,-5.5417064411952195,4-7
20.951932661368687,8,15.272427611255393,0,0.0,-100.0,8-15
59.7115614660994,2,26.900316252674607,2,100.0,223.8462458643976,2-3
33.66020664508841,6,19.084909806371307,2,33.33333333333333,-26.78639113988212,4-7
14.03440764511575,5,13.197170106379511,1,20.0,-71.7724738839074,4-7
15.577574601617316,2,13.66012019332998,0,0.0,-100.0,2-3
29.07013736705989,8,17.707889022962753,1,12.5,-74.83993131647006,8-15
21.045829252420624,6,15.300596588570972,3,50.0,-15.408341495158748,4-7
6.496159494397609,6,10.935695661164068,2,33.33333333333333,-63.00512067413651,4-7
7.426191667187096,5,11.214705313000914,2,40.0,-54.11809333250065,4-7
6.618777855589557,5,10.972481169521654,3,60.0,-33.11493314658507,4-7
9.23592956718119,3,11.757626682999142,0,0.0,-100.0,2-3
11.587316782743775,1,12.463042847667918,0,0.0,-100.0,1
18.60943594183211,4,14.56967859539442,1,25.0,-60.14056405816789,4-7
11.616854150944606,8,12.471904058128167,0,0.0,-100.0,8-15
12.554190587071359,5,12.753104988966193,0,0.0,-100.0,4-7
26.260760718936922,8,16.865076028525863,1,12.5,-76.24461964053154,8-15
15.018725024426551,1,13.492465320172753,0,0.0,-100.0,1
34.87442657465728,3,19.44917578524197,0,0.0,-100.0,2-3
27.810666264006045,10,17.3300476920466,0,0.0,-100.0,8-15
26.41299712985831,5,16.91074695180228,1,20.0,-61.86960229611335,4-7
27.566238812226484,4,17.25671945651273,1,25.0,-51.18376118777351,4-7
7.340703924909671,5,11.189058990317688,0,0.0,-100.0,4-7
25.82812509149414,18,16.73528534029303,4,22.22222222222222,-58.152777696449654,16+
9.810278525516848,7,11.92993137049984,2,28.57142857142857,-64.50253882798074,4-7
36.96413256014554,3,20.076087580888448,0,0.0,-100.0,2-3
17.060795037893946,6,14.105086324212971,0,0.0,-100.0,4-7
12.378282563003056,6,12.700332581745702,0,0.0,-100.0,4-7
39.70151286187417,8,20.897301671407035,2,25.0,-39.04848713812583,8-15
24.01105259223216,3,16.190163590514434,0,0.0,-100.0,2-3
14.350396388733044,16,13.291966729464699,2,12.5,-82.19980180563347,16+
33.23888433595082,3,18.958513113630033,0,0.0,-100.0,2-3
44.49479395171781,1,22.335285998360128,0,0.0,-100.0,1
14.290773133080068,3,13.274079752768806,2,66.66666666666666,-5.22460497845316,2-3
2.9070825131432554,3,9.858972566787763,0,0.0,-100.0,2-3
15.367015897680664,8,13.596952582148985,1,12.5,-81.69149205115967,8-15
25.611915702788718,4,16.670422523681403,0,0.0,-100.0,4-7
14.359105103880726,4,13.294579344009003,0,0.0,-100.0,4-7
6.389219426465997,2,10.903613640784585,0,0.0,-100.0,2-3
18.3681616008946,4,14.497296293113166,1,25.0,-60.381838399105405,4-7
11.376090077274537,3,12.399674836027147,0,0.0,-100.0,2-3
31.859935104563124,15,18.544828344213723,1,6.666666666666667,-85.83735063878318,8-15
4.383744576858209,5,10.301971185902248,1,20.0,-79.49300433851343,4-7
39.673480417934734,10,20.888891938225207,1,10.0,-75.6306078328261,8-15
34.18522439734648,2,19.24241513204873,1,50.0,10.870448794692965,2-3
4.776724819022911,3,10.419865258551658,1,33.33333333333333,-65.29770024130278,2-3
8.316456698669024,1,11.481784822445492,0,0.0,-100.0,1
16.504499140299146,4,13.93819755493453,0,0.0,-100.0,4-7
41.03097912845467,6,21.296141551381186,2,33.33333333333333,-16.958694495393782,4-7
8.940594135626217,4,11.669026053532653,0,0.0,-100.0,4-7
11.357081312857503,4,12.393972206702037,2,50.0,-34.785837374285,4-7
31.0307747330182,1,18.296080232750246,0,0.0,-100.0,1
18.705276846454645,4,14.598430866781179,0,0.0,-100.0,4-7
19.04563559776942,3,14.700538492175614,0,0.0,-100.0,2-3
8.223850307296619,4,11.454002905033771,0,0.0,-100.0,4-7
28.98120604432115,4,17.681209626141133,0,0.0,-100.0,4-7
36.85941128068217,9,20.044671197049436,2,22.22222222222222,-48.34718997272696,8-15
31.332812608154438,7,18.386691595291115,1,14.285714285714285,-69.95267850962603,4-7
19.045432269355718,1,14.700477493651501,0,0.0,-100.0,1
20.076982333126505,7,15.009942512782736,2,28.57142857142857,-52.769163047855415,4-7
10.775185312352722,4,12.219403406550603,0,0.0,-100.0,4-7
25.96788064861911,6,16.77721200743052,0,0.0,-100.0,4-7
27.753243346288762,9,17.312820816731413,0,0.0,-100.0,8-15
24.21946139258696,10,16.252686230620874,3,30.0,-45.43664632889564,8-15
12.842470629335573,4,12.839589001645457,0,0.0,-100.0,4-7
15.235982100541404,6,13.557642443007206,0,0.0,-100.0,4-7
12.318575507791303,3,12.682420465182176,0,0.0,-100.0,2-3
20.02562294491145,6,14.99453469631822,1,16.666666666666664,-72.48291803672569,4-7
15.152489220995466,3,13.532594579143426,0,0.0,-100.0,2-3
13.098520370786106,11,12.916403924080619,0,0.0,-100.0,8-15
64.83089782822802,5,28.43611716131319,1,20.0,-31.135281737417582,4-7
2.3295296217510684,12,9.685706699370106,2,16.666666666666664,-84.28031358549929,8-15
23.56075417849482,8,16.05507406639323,2,25.0,-55.18924582150518,8-15
5.377767354492891,2,10.600178019192654,0,0.0,-100.0,2-3
17.53214530670011,8,14.246491404854819,2,25.0,-61.21785469329989,8-15
29.466398221948037,1,17.826767279429195,0,0.0,-100.0,1
9.538357254666492,7,11.848354989244733,1,14.285714285714285,-82.40665299733342,4-7
3.6075883143970158,3,10.06912430716389,0,0.0,-100.0,2-3
23.457724756694176,1,16.02416523985304,0,0.0,-100.0,1
10.833264820083398,6,12.236827258869805,0,0.0,-100.0,4-7
7.666118057179941,1,11.286683229998767,0,0.0,-100.0,1
14.8839215636671,6,13.452024281944915,0,0.0,-100.0,4-7
40.803709744276894,7,21.227960736127855,3,42.857142857142854,6.377788133046103,4-7
12.057374136103052,4,12.604060053675703,1,25.0,-66.69262586389695,4-7
10.30508874599744,7,12.078374436644019,1,14.285714285714285,-81.9685207165729,4-7
14.954822138038429,7,13.473294454256315,1,14.285714285714285,-79.31153020683517,4-7
6.268306380204004,1,10.867339726905985,0,0.0,-100.0,1
15.494510017569082,4,13.63520081811551,2,50.0,-26.510979964861836,4-7
40.1837331040234,4,21.041967744051806,2,50.0,22.867466208046807,4-7
7.6951534807856365,1,11.295393857080477,0,0.0,-100.0,1
8.228713607858944,3,11.45546189520247,1,33.33333333333333,-60.695048522854755,2-3
21.878187700365423,20,15.550304122954412,4,20.0,-65.49744983970766,16+
28.98380365519988,12,17.68198890940475,3,25.0,-49.766196344800115,8-15
36.87899239783832,5,20.05054553219628,0,0.0,-100.0,4-7
3.286715516530437,11,9.972862467803917,1,9.090909090909092,-91.07755799398893,8-15
13.254484489230142,8,12.963193159613828,2,25.0,-65.49551551076985,8-15
29.586931899777124,7,17.862927382777922,2,28.57142857142857,-41.90064925739757,4-7
5.634491104768503,3,10.677195144275336,0,0.0,-100.0,2-3
35.61467250713795,4,19.67124956498617,0,0.0,-100.0,4-7
28.60932054680975,6,17.56964397688771,3,50.0,-0.2813589063805072,4-7
5.299272958745088,3,10.576629700468313,0,0.0,-100.0,2-3
13.25918079207327,4,12.964602050466766,1,25.0,-65.49081920792673,4-7
14.168873894187076,6,13.237509981100908,0,0.0,-100.0,4-7
20.485646996767606,4,15.13254191187507,0,0.0,-100.0,4-7
15.869097106662041,3,13.747576944843399,0,0.0,-100.0,2-3
9.8137280792483,8,11.930966236619275,2,25.0,-68.93627192075171,8-15
38.375617795206196,11,20.499533151406645,5,45.45454545454545,8.41021417310218,8-15
12.605371891668751,11,12.768459380345412,0,0.0,-100.0,8-15
18.061577097956356,2,14.405320942231691,1,50.0,-21.376845804087296,2-3
24.814315339572744,2,16.43114241471661,0,0.0,-100.0,2-3
13.34943032084671,7,12.991676909098798,0,0.0,-100.0,4-7
24.075405919591862,7,16.209469588722346,2,28.57142857142857,-48.199536091895006,4-7
13.917516584209489,13,13.162102788107632,1,7.6923076923076925,-89.17922566639709,8-15
43.922939849586804,4,22.163729767720827,2,50.0,30.345879699173622,4-7
11.538891959329305,8,12.448515400643577,0,0.0,-100.0,8-15
12.74420799247897,3,12.810110210588476,1,33.33333333333333,-54.674389343361376,2-3
28.932013005209928,2,17.666451714407764,0,0.0,-100.0,2-3
37.02484238123044,5,20.094300527213917,0,0.0,-100.0,4-7
18.684123996972165,7,14.592085011936435,0,0.0,-100.0,4-7
49.03676698578943,9,23.697877908581614,2,22.22222222222222,-37.5228737904094,8-15
4.401413238641202,9,10.307271784437146,1,11.11111111111111,-88.59937189393725,8-15
14.899453805251598,7,13.456683954420265,0,0.0,-100.0,4-7
13.193604242817218,10,12.944929085689951,0,0.0,-100.0,8-15
21.10205623696581,7,15.317464683934528,1,14.285714285714285,-75.79882500744812,4-7
9.31995328454415,6,11.782833798208031,1,16.666666666666664,-79.62003114363722,4-7
20.443069391290926,1,15.119768630232064,1,100.0,66.77227756516372,1
6.639953956909542,4,10.978833999917647,0,0.0,-100.0,4-7
14.687326087072913,6,13.393045638966662,0,0.0,-100.0,4-7
17.513613609699043,2,14.2409318957545,1,50.0,-22.472772780601908,2-3
20.688280488688466,16,15.193331959451326,5,31.25,-47.577149389139414,16+
16.569536828479592,13,13.957708861388662,1,7.6923076923076925,-88.36321943739088,8-15
13.073030395854774,4,12.908756931601218,0,0.0,-100.0,4-7
9.894959391031575,3,11.95533563015426,1,33.33333333333333,-58.47338747862457,2-3
23.381447673410616,6,16.00128211486797,2,33.33333333333333,-40.49140310211917,4-7
11.13159479856979,5,12.326326252415724,1,20.0,-74.09472416114417,4-7
26.143568666073495,8,16.829918412666835,1,12.5,-76.30321566696325,8-15
14.000908514225852,5,13.187120367112543,0,0.0,-100.0,4-7
7.198191070475938,9,11.14630513398757,2,22.22222222222222,-74.71271904846584,8-15
4.719617786184757,11,10.402733148700213,0,0.0,-100.0,8-15
8.732333422352625,5,11.606547839550574,0,0.0,-100.0,4-7
44.62688698878034,6,22.374913909478888,1,16.666666666666664,-56.0820753408131,4-7
5.780206144348395,5,10.720909656149304,1,20.0,-78.37583508452128,4-7
7.663181036197838,3,11.285802123704137,0,0.0,-100.0,2-3
17.485551736977715,5,14.232513333938101,1,20.0,-69.01155861041782,4-7
9.838316091234669,2,11.938342640215186,0,0.0,-100.0,2-3
14.839877914472973,5,13.438811187186678,1,20.0,-71.12809766842163,4-7
24.954967441089195,6,16.473338045171545,2,33.33333333333333,-38.39337674521441,4-7
36.46257484202708,17,19.92562026545291,5,29.411764705882355,-32.10285312702696,16+
13.478410592007165,15,13.030370990446935,0,0.0,-100.0,8-15
49.407005021399556,1,23.808949319264656,0,0.0,-100.0,1
35.208737861193754,12,19.54946917120291,1,8.333333333333332,-81.18042071293542,8-15
8.432925672408667,4,11.516725514567385,1,25.0,-70.31707432759133,4-7
37.32674925891989,19,20.184872590520754,3,15.789473684210526,-63.004158362787436,16+
9.350553442522203,1,11.792013845601447,0,0.0,-100.0,1
5.534262392957859,13,10.647126530732143,0,0.0,-100.0,8-15
8.6547410296734,6,11.583270121746805,1,16.666666666666664,-80.06350598021773,4-7
13.99824990129524,3,13.18632278323336,0,0.0,-100.0,2-3
2.648766857966428,4,9.781477870234715,0,0.0,-100.0,4-7
8.471705612936962,2,11.528359496725875,0,0.0,-100.0,2-3
3.455459765340143,3,10.023485742446828,0,0.0,-100.0,2-3
49.9824401618763,5,23.981579861407674,1,20.0,-43.014047870498956,4-7
13.99455550996909,3,13.185214465835513,0,0.0,-100.0,2-3
22.64663758896928,5,15.78083908953557,1,20.0,-64.88268992882458,4-7
11.62569821606997,5,12.474557277665777,1,20.0,-73.69944142714402,4-7
17.409842687371714,11,14.2098006190563,2,18.181818181818183,-71.88375077282058,8-15
5.250991537501653,2,10.562145274095283,1,50.0,-46.9980169249967,2-3
9.541456351496825,9,11.849284718293834,3,33.33333333333333,-58.944724864670896,8-15
20.359287441227625,3,15.094634045213073,0,0.0,-100.0,2-3
4.868215888316027,8,10.447312579339593,1,12.5,-86.94089205584199,8-15
10.785664728688218,5,12.222547231451252,0,0.0,-100.0,4-7
19.063842182914602,5,14.706000467719166,2,40.0,-35.49785250733664,4-7
5.785261321914943,4,10.72242620941927,0,0.0,-100.0,4-7
34.4840724301581,7,19.332069541892217,2,28.57142857142857,-36.30391722267645,4-7
14.925970018442996,4,13.464638818377686,0,0.0,-100.0,4-7
24.949272106480745,4,16.47162944478901,1,25.0,-53.800727893519266,4-7
14.637504511748084,9,13.378099166369212,2,22.22222222222222,-68.09999598955726,8-15
19.84225284073707,2,14.939523665065908,0,0.0,-100.0,2-3
11.170746155433571,5,12.338071659474856,0,0.0,-100.0,4-7
7.687947161436266,5,11.293231961275666,1,20.0,-76.84964227085098,4-7
6.366329536371386,11,10.896746673756203,1,9.090909090909092,-89.95769835041041,8-15
23.692944937171184,5,16.09473129399614,1,20.0,-64.04564405026306,4-7
14.552944758732675,4,13.352731240464589,0,0.0,-100.0,4-7
11.287489345495272,2,12.373094616493367,0,0.0,-100.0,2-3
4.741450445661618,2,10.409282946543271,0,0.0,-100.0,2-3
15.515889640046668,6,13.641614704858787,2,33.33333333333333,-50.97881381327111,4-7
13.768297577787619,6,13.117337086181072,0,0.0,-100.0,4-7
21.37038675436894,3,15.397963839155468,0,0.0,-100.0,2-3
21.34788316823412,5,15.391212763315021,0,0.0,-100.0,4-7
32.279019384117504,4,18.670553628080036,0,0.0,-100.0,4-7
3.336476505685715,1,9.9877907645505,0,0.0,-100.0,1
20.215627945342124,5,15.051536196447424,0,0.0,-100.0,4-7
13.201114154144852,3,12.947182059088242,0,0.0,-100.0,2-3
12.32651988594598,5,12.68480377862858,1,20.0,-73.13878409124321,4-7
10.486319663377,3,12.132743711857884,0,0.0,-100.0,2-3
5.4556377804001865,12,10.623539146964841,1,8.333333333333332,-91.0981207398666,8-15
9.359008002518479,8,11.79455021360033,2,25.0,-69.39099199748152,8-15
16.89766202639296,2,14.056146420762675,1,50.0,-23.70467594721408,2-3
24.796292235376587,6,16.425735483457764,1,16.666666666666664,-69.30247184308229,4-7
25.31168841074453,6,16.580354336068144,0,0.0,-100.0,4-7
6.817867876209785,9,11.032208175707723,1,11.11111111111111,-87.52539205501787,8-15
16.22803707906304,8,13.855258936563697,1,12.5,-81.26098146046849,8-15
18.76959351331347,1,14.617725866838827,0,0.0,-100.0,1
15.967561883809312,3,13.77711637798758,0,0.0,-100.0,2-3
2.2027687033274086,1,9.64767842384301,1,100.0,-6.188925186690358,1
17.744540836922756,10,14.310210063921613,2,20.0,-68.8043673304618,8-15
12.566032581269038,7,12.756657587225497,0,0.0,-100.0,4-7
13.215534935025982,2,12.951508293352582,0,0.0,-100.0,2-3
30.894124811610986,14,18.25508525632808,1,7.142857142857142,-85.10167862525401,8-15
30.5910644802228,10,18.164167156911624,0,0.0,-100.0,8-15
12.840362004447654,13,12.838956414179082,1,7.6923076923076925,-89.51065784478534,8-15
14.784489677563991,10,13.422194716113983,2,20.0,-71.1724082579488,8-15
6.762172879959905,11,11.015499676832757,3,27.27272727272727,-69.44126594913465,8-15
5.800013278589088,13,10.726851796421514,2,15.384615384615385,-83.35383798240672,8-15
32.71681455440898,5,18.801892179167478,0,0.0,-100.0,4-7
38.54467096613291,2,20.55024910268466,0,0.0,-100.0,2-3
24.80064232844041,15,16.42704051137691,2,13.333333333333334,-75.43965742483178,8-15
44.38131232313035,9,22.301241509783893,1,11.11111111111111,-70.83052785638651,8-15
17.985903691476228,2,14.382618920287655,1,50.0,-21.52819261704754,2-3
18.485828140006678,4,14.532596254846789,0,0.0,-100.0,4-7
23.733126761236335,7,16.106785841215686,0,0.0,-100.0,4-7
19.645926186839812,5,14.88062566889673,1,20.0,-67.28325905052814,4-7
16.27146051324737,10,13.868285966818997,0,0.0,-100.0,8-15
17.334891667502735,4,14.187315313095606,1,25.0,-61.41510833249727,4-7
19.02096837119406,4,14.693138324203003,2,50.0,-19.458063257611872,4-7
26.350568295721594,5,16.892018301561265,1,20.0,-61.919545363422735,4-7
7.7294701687358,3,11.305688863465527,1,33.33333333333333,-61.36070644168561,2-3
28.058553609701697,2,17.404413895755294,0,0.0,-100.0,2-3
25.18093250408111,4,16.541127564069118,0,0.0,-100.0,4-7
3.7717603179626207,9,10.118375908233572,0,0.0,-100.0,8-15
19.33840250185708,3,14.78836856340191,1,33.33333333333333,-45.88212999752389,2-3
23.79541449969057,5,16.125472162751958,1,20.0,-63.96366840024754,4-7
9.995619083774876,7,11.985533537977249,1,14.285714285714285,-82.14536052355722,4-7
25.271581099907927,5,16.568322142817163,0,0.0,-100.0,4-7
31.57932468789546,7,18.460645219213422,2,28.57142857142857,-39.62362892811947,4-7
19.201767111412295,3,14.747377946268475,1,33.33333333333333,-46.06431051811694,2-3
27.047530329563635,5,17.101106911713877,0,0.0,-100.0,4-7
6.5036636783523285,1,10.937946916350485,0,0.0,-100.0,1
30.744695167049542,5,18.210256362959647,2,40.0,-16.808487732720735,4-7
18.13804233569645,2,14.42826051355372,0,0.0,-100.0,2-3
35.97669108978654,10,19.779855139780746,2,20.0,-54.21864712817076,8-15
26.61661427279773,2,16.971832094684107,1,50.0,-4.266771454404552,2-3
15.197556159517445,6,13.54611466070002,1,16.666666666666664,-75.70162922698837,4-7
18.089189897201702,8,14.413604782005295,2,25.0,-60.660810102798294,8-15
14.241825515151621,4,13.259395467390272,0,0.0,-100.0,4-7
20.666319937737065,11,15.186743794165904,0,0.0,-100.0,8-15
37.94590455406697,3,20.370619179064878,0,0.0,-100.0,2-3
16.109259521166543,2,13.81962566919475,1,50.0,-25.281480957666908,2-3
36.45784386834669,1,19.924200973348793,0,0.0,-100.0,1
39.55548174117297,7,20.853492335196677,3,42.857142857142854,4.237968699153654,4-7
8.432538412730935,4,11.516609336664066,0,0.0,-100.0,4-7
15.201546296301721,10,13.547311701735302,0,0.0,-100.0,8-15
11.828903494128244,4,12.535518861083258,0,0.0,-100.0,4-7
29.709427913396603,5,17.899676186863765,1,20.0,-59.232457669282724,4-7
16.808126949976938,6,14.029285897837868,0,0.0,-100.0,4-7
18.949123958230217,2,14.67158500031385,1,50.0,-19.601752083539566,2-3
33.32153943749732,8,18.983309644093982,3,37.5,-18.142690843754018,8-15
42.765071898227035,6,21.816369382312896,0,0.0,-100.0,4-7
43.81554032154814,5,22.131509909309226,2,40.0,4.104864514477027,4-7
14.397122341314084,8,13.305984515239011,1,12.5,-82.17643882934294,8-15
39.02437129287294,10,20.694159200706668,5,50.0,20.54874258574587,8-15
23.849646741600854,5,16.141741835325043,0,0.0,-100.0,4-7
26.94352569472101,1,17.069905521261088,0,0.0,-100.0,1
42.090952879080355,3,21.61413367656889,0,0.0,-100.0,2-3
7.165694726393376,7,11.136556230762798,1,14.285714285714285,-83.76246015634663,4-7
17.486182745280416,4,14.23270263642891,0,0.0,-100.0,4-7
38.91291336035538,14,20.6607218209514,3,21.428571428571427,-48.43178854826681,8-15
15.70784103213364,5,13.699200122484879,2,40.0,-40.86745434858617,4-7
23.49494307863376,7,16.035330736434915,1,14.285714285714285,-74.43146109792356,4-7
13.669700696627022,13,13.087758021832894,1,7.6923076923076925,-89.25547670873016,8-15
14.922617732557935,7,13.463633132612166,1,14.285714285714285,-79.3299327242526,4-7
25.02028104232292,12,16.492932125541664,2,16.666666666666664,-69.15314597178471,8-15
30.682277052582428,7,18.191530928619514,1,14.285714285714285,-70.32441311281003,4-7
13.067360807398314,1,12.907056055064281,0,0.0,-100.0,1
30.859510708269866,5,18.244701025325746,4,80.0,66.75043426646359,4-7
17.109805138388552,3,14.11978935436135,0,0.0,-100.0,2-3
28.388423278858244,2,17.503374796502257,0,0.0,-100.0,2-3
18.064212610945145,3,14.40611159612833,0,0.0,-100.0,2-3
23.588613200113194,11,16.063431772878744,2,18.181818181818183,-67.39009949082677,8-15
17.87680848657125,5,14.349890358816161,0,0.0,-100.0,4-7
5.463127334057096,4,10.625786013061914,1,25.0,-73.28687266594291,4-7
14.802042661694609,5,13.427460611353167,1,20.0,-71.15836587064432,4-7
17.883977733537343,3,14.352041132905988,1,33.33333333333333,-47.82136302195021,2-3
17.56112990121428,5,14.25518678320907,0,0.0,-100.0,4-7
53.24561394967434,13,24.960531997747086,2,15.384615384615385,-54.15654526173888,8-15
29.76096682939584,3,17.91513786166354,0,0.0,-100.0,2-3
24.81344036306829,5,16.430879921765275,1,20.0,-63.14924770954538,4-7
17.488206422041035,6,14.233309739457098,0,0.0,-100.0,4-7
4.251460085269162,2,10.262285838425536,0,0.0,-100.0,2-3
15.95949999866105,5,13.774697812443101,1,20.0,-70.23240000107116,4-7
29.41605094339252,2,17.811663095862542,1,50.0,1.3321018867850398,2-3
12.31978421238055,8,12.682783076558952,2,25.0,-66.43021578761945,8-15
12.15296077675408,3,12.63273604587101,0,0.0,-100.0,2-3
8.299913653318594,6,11.476821908840366,0,0.0,-100.0,4-7
9.108251754828832,3,11.719323339293435,0,0.0,-100.0,2-3
61.10098877682573,8,27.317144445892506,1,12.5,-58.82450561158714,8-15
28.82913686844939,1,17.635588873379604,0,0.0,-100.0,1
24.75126120047491,8,16.41222617298726,1,12.5,-76.99936939976254,8-15
23.940025127752413,6,16.16885535117051,2,33.33333333333333,-39.746633162996794,4-7
44.726726632337034,4,22.404865802545896,0,0.0,-100.0,4-7
35.36582547838534,4,19.59659545636039,0,0.0,-100.0,4-7
3.3137916827776883,7,9.980985317678092,1,14.285714285714285,-85.96354760984133,4-7
10.016712320006654,2,11.991861508846782,1,50.0,-37.4665753599867,2-3
25.284321153615082,11,16.572144158929312,4,36.36363636363637,-32.3137146856508,8-15
21.91514254435056,4,15.561390576149952,0,0.0,-100.0,4-7
19.40539819294962,6,14.808467270729672,1,16.666666666666664,-72.89640120470025,4-7
7.777342516720369,4,11.320050567860896,0,0.0,-100.0,4-7
16.267505360117617,3,13.867099420880072,0,0.0,-100.0,2-3
27.469126689703096,3,17.227585819755713,1,33.33333333333333,-35.041164413729206,2-3
14.612484018748656,12,13.370593018469382,0,0.0,-100.0,8-15
6.692250354783629,9,10.994522919279875,2,22.22222222222222,-75.16244412908122,8-15
30.660966566256718,6,18.185137782721803,2,33.33333333333333,-30.785377911657708,4-7
6.397016259050411,3,10.905952690559909,0,0.0,-100.0,2-3
30.92527879708356,9,18.264431451969855,0,0.0,-100.0,8-15
15.889788819795122,4,13.753784458783322,2,50.0,-25.720422360409756,4-7
16.581735076416727,4,13.961368335769803,1,25.0,-62.16826492358326,4-7
25.85788980273796,11,16.744214753666174,3,27.27272727272727,-48.6095747606495,8-15
12.844005449305524,8,12.840049447636442,1,12.5,-82.95299727534724,8-15
41.69801208728832,7,21.496251439031283,1,14.285714285714285,-64.0297073786924,4-7
9.035382103514817,2,11.697462443899232,0,0.0,-100.0,2-3
29.589808761267978,1,17.86379044122518,0,0.0,-100.0,1
12.392329517145827,13,12.704546667988534,0,0.0,-100.0,8-15
22.353572962446755,3,15.69291970157881,0,0.0,-100.0,2-3
18.12973760658744,2,14.425769094821018,0,0.0,-100.0,2-3
25.75700676474596,5,16.713949842268576,1,20.0,-62.39439458820323,4-7
7.565148455112937,4,11.256392349378668,0,0.0,-100.0,4-7
35.89046354519896,5,19.753986876404475,2,40.0,-8.57525832768166,4-7
27.060633857869327,9,17.105037970205583,3,33.33333333333333,-35.5858215228409,8-15
21.92016561245725,3,15.562897496581963,1,33.33333333333333,-42.439779183390336,2-3
12.598527025144218,9,12.766405920388053,2,22.22222222222222,-69.91242042209403,8-15
13.663377066581347,1,13.085860932819191,0,0.0,-100.0,1
34.37162599126501,2,19.29833561022429,0,0.0,-100.0,2-3
7.799412536260874,9,11.326671573723049,1,11.11111111111111,-87.08914998388406,8-15
14.947398012230002,2,13.471067216513784,0,0.0,-100.0,2-3
41.292754680963014,3,21.37467421713369,1,33.33333333333333,-16.609660425382643,2-3
15.524320314812485,6,13.64414390728853,1,16.666666666666664,-75.48378645679168,4-7
26.413597278670437,5,16.910926996445916,2,40.0,-23.73824435412731,4-7
13.956164029029466,4,13.173697021553627,1,25.0,-64.79383597097053,4-7
43.78284515391678,4,22.12170135901982,0,0.0,-100.0,4-7
45.20852423470218,11,22.54940508325544,2,18.181818181818183,-51.6665278293075,8-15
30.0069128352295,14,17.988921663413635,7,50.0,2.5138256704589836,8-15
20.339770471411747,2,15.088778954268312,0,0.0,-100.0,2-3
21.74725145226625,2,15.51102324852466,0,0.0,-100.0,2-3
28.23015768968153,2,17.455895119749247,0,0.0,-100.0,2-3
32.1044783531472,1,18.618191318788945,0,0.0,-100.0,1
20.11607680455165,13,15.021670854210281,3,23.076923076923077,-61.81592910349079,8-15
28.73305955150873,4,17.606765678297407,0,0.0,-100.0,4-7
22.206391066298323,1,15.648765132734283,0,0.0,-100.0,1
6.487729329401638,1,10.933166611665277,1,100.0,10.950917317606564,1
12.819887005398897,5,12.832813914464456,1,20.0,-72.7440903956809,4-7
25.829472943863063,8,16.735689696003707,3,37.5,-29.380790584205407,8-15
21.642800719378027,4,15.479688028658195,0,0.0,-100.0,4-7
24.725098855487598,4,16.404377469491067,0,0.0,-100.0,4-7
45.26537399249652,6,22.56646001059374,0,0.0,-100.0,4-7
4.76845306702923,2,10.417383732953557,1,50.0,-47.963093865941545,2-3
25.668197812064307,3,16.68730715646408,2,66.66666666666666,25.11519416550482,2-3
37.02195119269145,3,20.093433170652222,0,0.0,-100.0,2-3
24.881216314609837,6,16.451212707227736,1,16.666666666666664,-69.24585579026011,4-7
12.190063738633622,5,12.643866934434872,0,0.0,-100.0,4-7
9.79758139782996,12,11.926122232193775,1,8.333333333333332,-89.65080620072334,8-15
7.846413428674392,5,11.340771841447102,0,0.0,-100.0,4-7
13.048158186691522,11,12.901295268852241,2,18.181818181818183,-75.05588495513345,8-15
23.105330310863042,2,15.918446906103698,0,0.0,-100.0,2-3
17.89420266882323,9,14.355108613491755,0,0.0,-100.0,8-15
52.188180111791716,4,24.643301846382297,0,0.0,-100.0,4-7
7.229730552399687,6,11.155766978564694,0,0.0,-100.0,4-7
15.967529731277768,11,13.777106732228116,2,18.181818181818183,-72.93270564997981,8-15
9.202381365000747,4,11.74756222234501,0,0.0,-100.0,4-7
4.899195427987578,1,10.456606441241059,0,0.0,-100.0,1
56.958031291141495,5,26.074257200187233,2,40.0,25.132850065826396,4-7
35.13819360618633,4,19.528305894700683,1,25.0,-43.611806393813666,4-7
21.068901096787823,5,15.307518141881133,2,40.0,-32.28975824513948,4-7
30.638951159711418,3,18.17853316075821,1,33.33333333333333,-30.814731787051446,2-3
10.773805957522855,6,12.218989600101644,0,0.0,-100.0,4-7
9.969368423903575,8,11.977658340015857,0,0.0,-100.0,8-15
2.096771748748182,15,9.615879337469242,3,20.0,-81.32258260100144,8-15
29.263684355595128,1,17.765953119523324,0,0.0,-100.0,1
38.41134092305858,5,20.510250089762362,1,20.0,-52.27092726155313,4-7
15.821832448168783,2,13.73339754729542,1,50.0,-25.85633510366243,2-3
5.903176656743207,1,10.75780080986775,0,0.0,-100.0,1
27.070091260398645,4,17.10787519096438,0,0.0,-100.0,4-7
22.764793228983965,3,15.816285781539976,1,33.33333333333333,-41.31360902802138,2-3
26.771864916073646,8,17.01840728766688,2,25.0,-51.97813508392636,8-15
11.92248808582923,24,12.563594238593556,5,20.833333333333336,-72.35625992847564,16+
15.964155769433352,4,13.776094543674791,0,0.0,-100.0,4-7
31.693797716786325,15,18.494987127880684,4,26.666666666666668,-43.52661576876125,8-15
7.892253634976898,2,11.354523903337856,0,0.0,-100.0,2-3
24.06565469193223,5,16.206544220424455,0,0.0,-100.0,4-7
19.15220982654714,5,14.732510760808928,0,0.0,-100.0,4-7
21.54148369016215,4,15.44929291989343,0,0.0,-100.0,4-7
32.580907557161474,7,18.76112007999323,2,28.57142857142857,-38.478962791815455,4-7
47.83711959239303,6,23.337983690562695,0,0.0,-100.0,4-7
17.24807745087285,9,14.161271048106642,1,11.11111111111111,-82.88974335516762,8-15
5.4797448173142564,8,10.630771258039063,1,12.5,-86.63512759134288,8-15
2.100426194813684,7,9.616975671288891,0,0.0,-100.0,4-7
34.44433320259274,7,19.320147773622605,2,28.57142857142857,-36.34933348275115,4-7
14.13269042724031,4,13.22665494101688,1,25.0,-64.6173095727597,4-7
15.831627554784749,16,13.736336079280212,3,18.75,-72.18877933391144,16+
3.2732995692412716,1,9.968837683617169,0,0.0,-100.0,1
9.517063328523594,7,11.841966811401864,0,0.0,-100.0,4-7
11.5177886571955,1,12.442184410003437,1,100.0,31.07115462878199,1
32.647986824043926,10,18.781243860057963,0,0.0,-100.0,8-15
16.180261180622487,4,13.840926167031531,1,25.0,-62.569738819377505,4-7
46.594123652695814,10,22.96508490865353,5,50.0,35.68824730539162,8-15
8.802948409210245,17,11.62773233560786,1,5.88235294117647,-92.9287180213623,16+
6.31516278462486,5,10.881396648232244,0,0.0,-100.0,4-7
15.374824075105698,5,13.599295035376496,1,20.0,-70.70014073991544,4-7
16.683878816803503,10,13.992011457885836,2,20.0,-69.65289694655719,8-15
9.894870399297814,6,11.95530893263413,0,0.0,-100.0,4-7
22.38384280791827,2,15.702000655220266,1,50.0,-12.732314384163473,2-3
16.46604753746171,15,13.926662074083298,1,6.666666666666667,-89.94238732334354,8-15
14.210741776508645,10,13.25007034579738,3,30.0,-57.44710986818963,8-15
33.25046778380782,3,18.961988147987128,0,0.0,-100.0,2-3
31.850466822034605,3,18.541987859455165,1,33.33333333333333,-29.199377570620527,2-3
28.319985735199698,2,17.482843533404697,0,0.0,-100.0,2-3
50.65922405754154,10,24.18461503010725,2,20.0,-42.472620753966766,8-15
13.120058065702992,4,12.922865232555683,0,0.0,-100.0,4-7
25.536199755285573,7,16.647707739430455,1,14.285714285714285,-73.26502871126539,4-7
39.64231290988469,3,20.879541685810192,1,33.33333333333333,-18.810249453487085,2-3
26.323871053459246,5,16.88400912888256,1,20.0,-61.9409031572326,4-7
36.883194552011,7,20.051806178448086,1,14.285714285714285,-66.78103168456514,4-7
13.969075525559676,3,13.17757047051269,0,0.0,-100.0,2-3
24.09243585335497,2,16.214578568851277,1,50.0,-9.315128293290071,2-3
18.538164885234174,8,14.548297278415037,2,25.0,-60.21183511476582,8-15
6.609350044505634,1,10.969652826196477,0,0.0,-100.0,1
19.249551859114263,4,14.761713370579063,1,25.0,-59.500448140885744,4-7
9.101062758302628,11,11.717166640335574,1,9.090909090909092,-88.96324990607177,8-15
35.85580353464242,3,19.74358887323751,0,0.0,-100.0,2-3
11.004349758904583,19,12.288152740516162,2,10.526315789473683,-86.41922115414545,16+
45.81003076444151,6,22.729857042177237,2,33.33333333333333,-10.586625647411335,4-7
33.51065299174949,2,19.040043710369634,1,50.0,9.521305983498987,2-3
4.425532209801022,12,10.314507475785092,2,16.666666666666664,-82.88297852679932,8-15
8.632821778592689,10,11.576694346422592,0,0.0,-100.0,8-15
14.54762541159513,8,13.351135436323325,1,12.5,-82.10118729420243,8-15
25.588154672113582,4,16.66329421447886,0,0.0,-100.0,4-7
42.061072141664525,2,21.605169455344143,1,50.0,26.622144283329053,2-3
23.045966565274096,3,15.900637782427015,0,0.0,-100.0,2-3
35.611384749094135,2,19.670263237573028,0,0.0,-100.0,2-3
13.87557143165212,11,13.149519242340421,2,18.181818181818183,-74.45412986788938,8-15
19.06399002130901,1,14.70604481923749,0,0.0,-100.0,1
15.739403048832568,4,13.708668727494555,0,0.0,-100.0,4-7
32.77384423947538,13,18.8190010846874,1,7.6923076923076925,-83.37727869554604,8-15
16.72186724754293,22,14.003407987107666,2,9.090909090909092,-86.19204827362074,16+
41.64849321193657,7,21.481395776425753,2,28.57142857142857,-28.116007757786782,4-7
25.141577782962926,3,16.529321147733665,0,0.0,-100.0,2-3
9.722978141291055,1,11.903741255232102,0,0.0,-100.0,1
26.68684536695129,3,16.992901422930174,3,100.0,91.74738146780514,2-3
19.023462703265608,10,14.693886623824467,1,10.0,-83.89061491869376,8-15
29.12632296512031,5,17.724744702380878,1,20.0,-59.69894162790374,4-7
33.49760410642856,8,19.036129044773354,0,0.0,-100.0,8-15
31.259592942542184,4,18.364725695607444,1,25.0,-47.49040705745781,4-7
20.12635627823969,2,15.024754696316695,0,0.0,-100.0,2-3
15.987931072810548,8,13.78322713468795,1,12.5,-81.38103446359473,8-15
19.746384483295014,1,14.91076315783329,0,0.0,-100.0,1
8.81129805265454,9,11.630237228641148,3,33.33333333333333,-59.91826926312728,8-15
45.72739384517831,4,22.70506596639828,0,0.0,-100.0,4-7
16.01054537321551,10,13.790011424809439,1,10.0,-85.0957818507138,8-15
22.328162706557617,4,15.68529662481207,0,0.0,-100.0,4-7
5.229360625612713,7,10.5556560005286,0,0.0,-100.0,4-7
23.6979422516085,12,16.096230488327336,0,0.0,-100.0,8-15
4.874605702597441,8,10.449229523624018,1,12.5,-86.93769714870128,8-15
44.685222582274804,7,22.392414587527227,1,14.285714285714285,-62.32272995298583,4-7
14.917192256744038,5,13.462005489867998,0,0.0,-100.0,4-7
25.985096555865173,1,16.782376779604338,0,0.0,-100.0,1
27.049142666024693,13,17.101590612652195,2,15.384615384615385,-70.27745066706171,8-15
7.0984310293697455,2,11.11637712165571,0,0.0,-100.0,2-3
14.004636684405577,3,13.18823881816646,0,0.0,-100.0,2-3
13.12001225307205,6,12.922851488766401,1,16.666666666666664,-77.08665849795196,4-7
2.9984815649192984,4,9.886392282320575,0,0.0,-100.0,4-7
27.01316268752365,3,17.09079661910188,0,0.0,-100.0,2-3
4.084865757970854,10,10.212307540236043,2,20.0,-79.73210739362332,8-15
28.569692457297926,8,17.557755550034162,2,25.0,-50.180307542702074,8-15
23.49202772450395,7,16.03445613019597,2,28.57142857142857,-48.86625402913834,4-7
33.1704556479725,3,18.937984507236536,1,33.33333333333333,-27.439392469370006,2-3
2.2257859817739685,1,9.654583607376976,0,0.0,-100.0,1
40.68571893791868,3,21.19256349422039,0,0.0,-100.0,2-3
1.372772657971012,5,9.398679610236089,0,0.0,-100.0,4-7
26.23963946563413,2,16.858739652535025,0,0.0,-100.0,2-3
5.25512611255225,15,10.563385646610461,2,13.333333333333334,-85.86393273997214,8-15
17.290988781763897,4,14.174144447373955,0,0.0,-100.0,4-7
5.04179914070951,3,10.49938755505764,1,33.33333333333333,-64.94426781238732,2-3
14.356085361466922,1,13.293673421284863,0,0.0,-100.0,1
25.23033128718962,10,16.555947199001672,1,10.0,-81.40786748512416,8-15
21.21362436830723,5,15.350935123336956,1,20.0,-66.02910050535422,4-7
14.551591350749806,6,13.352325218069726,0,0.0,-100.0,4-7
34.95391440469243,7,19.473022134252517,1,14.285714285714285,-67.88347748303289,4-7
5.06367467659068,9,10.50595021582199,1,11.11111111111111,-88.30503347707082,8-15
4.1963099277174845,4,10.245740791160033,0,0.0,-100.0,4-7
4.970331976064285,3,10.477947405664072,2,66.66666666666666,-30.07911473049525,2-3
15.23142725141525,3,13.556275988269363,2,66.66666666666666,-2.7161939962260053,2-3
3.7599680959618618,11,10.114838241633345,0,0.0,-100.0,8-15
19.357590107911896,8,14.794124845218354,2,25.0,-59.392409892088104,8-15
12.638432678022596,1,12.778377616251566,0,0.0,-100.0,1
11.715452283788032,4,12.501483497981194,1,25.0,-67.03454771621196,4-7
5.76733016145789,3,10.717046861282153,0,0.0,-100.0,2-3
31.97868781538541,1,18.58045415746041,1,100.0,112.91475126154165,1
15.541313993979175,9,13.649242011038536,1,11.11111111111111,-83.64830489156482,8-15
16.204014708130423,5,13.848052225283913,2,40.0,-40.07357646699133,4-7
11.576073164719524,28,12.459669762260644,5,17.857142857142858,-76.55280488234318,16+
17.855582680204236,6,14.343522616906057,1,16.666666666666664,-73.92961154653051,4-7
38.45303634200889,7,20.522758715447452,1,14.285714285714285,-65.88397923313778,4-7
7.864566196452916,9,11.346217671780662,1,11.11111111111111,-87.06019280157649,8-15
9.607780516449353,4,11.869181967779591,1,25.0,-69.14221948355065,4-7
5.858421461878571,17,10.744374251408358,5,29.411764705882355,-68.10773945661343,16+
20.52478774530121,5,15.144284136435148,0,0.0,-100.0,4-7
28.03663808179219,15,17.397839237382442,2,13.333333333333334,-73.71379302304416,8-15
7.835059638792556,3,11.337365704482552,1,33.33333333333333,-61.219920481609925,2-3
14.603903998721131,10,13.368019012461124,1,10.0,-85.65843840051154,8-15
12.87156064843566,1,12.848316007375486,0,0.0,-100.0,1
25.434441913713744,5,16.61718038695891,0,0.0,-100.0,4-7
24.688936827484525,3,16.393528861090143,1,33.33333333333333,-38.74808423002064,2-3
11.770420182861791,4,12.517973867703326,1,25.0,-66.9795798171382,4-7
5.08799312334541,1,10.51324574984841,0,0.0,-100.0,1
5.911415518803829,1,10.760272468485935,0,0.0,-100.0,1
9.904592780201533,3,11.958225646905246,1,33.33333333333333,-58.4605429597313,2-3
16.94863643061607,8,14.071438742029606,2,25.0,-61.801363569383916,8-15
7.331774426246075,6,11.186380140718608,0,0.0,-100.0,4-7
21.072751138263943,6,15.308673154323968,1,16.666666666666664,-71.78483257449071,4-7
19.785659922115382,4,14.922545789479399,0,0.0,-100.0,4-7
47.2921021837272,3,23.174478467962945,0,0.0,-100.0,2-3
39.262422309030406,6,20.765574505553907,2,33.33333333333333,-19.316770254626135,4-7
57.34552958401723,10,26.190506688049954,3,30.0,-5.685364499179326,8-15
21.672199136236507,2,15.488507553715738,0,0.0,-100.0,2-3
20.250380817781487,5,15.061962058179232,1,20.0,-66.79969534577481,4-7
7.719430075098502,4,11.302676835374337,0,0.0,-100.0,4-7
34.10193316836707,12,19.21742776335491,4,33.33333333333333,-26.19742244217723,8-15
10.074900436423338,1,12.009317943771789,0,0.0,-100.0,1
10.110267396220689,3,12.019928031710993,1,33.33333333333333,-58.18631013837242,2-3
34.932548974611954,7,19.466612505228372,0,0.0,-100.0,4-7
26.409856755125595,10,16.909804839382463,1,10.0,-80.93605729794977,8-15
8.717643252955549,1,11.60214078873145,0,0.0,-100.0,1
9.682416544113215,10,11.89157277607875,0,0.0,-100.0,8-15
11.848629135322124,1,12.541436553441423,0,0.0,-100.0,1
18.601535275656364,2,14.567308395541694,0,0.0,-100.0,2-3
25.486861559945766,4,16.632906280828514,0,0.0,-100.0,4-7
32.743431449674475,3,18.809877247747128,0,0.0,-100.0,2-3
16.5617901379248,6,13.955384854222224,0,0.0,-100.0,4-7
15.455997950816466,11,13.623647198089724,1,9.090909090909092,-86.65236438152128,8-15
25.688322256353192,11,16.693344489750743,1,9.090909090909092,-82.93151917950793,8-15
18.27773770608936,4,14.470169124671594,0,0.0,-100.0,4-7
7.109919119092003,4,11.119823548572386,1,25.0,-71.640080880908,4-7
36.81400844353242,9,20.031050345904514,3,33.33333333333333,-22.581322075290114,8-15
15.23379185032558,6,13.55698536794246,0,0.0,-100.0,4-7
8.846572613010956,11,11.640819596748072,1,9.090909090909092,-89.05579177708694,8-15
13.836482284643143,3,13.13779249823773,1,33.33333333333333,-53.21802362047582,2-3
29.04165240406616,5,17.699343534064635,2,40.0,-19.533356153494154,4-7
8.418703977858383,3,11.5124590062023,0,0.0,-100.0,2-3
38.087657286106705,3,20.413144998676795,2,66.66666666666666,58.23375276295122,2-3
22.757851489687013,2,15.814203259750888,0,0.0,-100.0,2-3
27.010943300040235,1,17.090130802856855,0,0.0,-100.0,1
25.232369024527664,1,16.556558520203087,0,0.0,-100.0,1
8.003430003636518,4,11.387876813935742,1,25.0,-70.74656999636349,4-7
20.98731123321419,5,15.283041182809043,0,0.0,-100.0,4-7
6.222483833456051,1,10.853592962881601,0,0.0,-100.0,1
26.497707901185034,5,16.936160183200297,0,0.0,-100.0,4-7
12.977501671567643,2,12.880098314315077,0,0.0,-100.0,2-3
13.499258100031675,5,13.036625242854289,1,20.0,-72.20059351997466,4-7
7.267442900078697,3,11.167080682868395,2,66.66666666666666,-23.95348559979015,2-3
15.582429396929657,5,13.661576631923683,3,60.0,-11.602169447368826,4-7
22.591816439372995,3,15.764392744656686,1,33.33333333333333,-41.544244747502674,2-3
6.225178001732371,3,10.854401213364499,1,33.33333333333333,-63.36642933102351,2-3
8.357126956996302,6,11.493985899943675,2,33.33333333333333,-60.52383072400494,4-7
20.465347871316425,4,15.126452174239713,0,0.0,-100.0,4-7
1.600043933583041,8,9.466860992919699,0,0.0,-100.0,8-15
